solid object

facet normal 0.171895 -0.982371 0.0734747
outer loop
vertex 36.3896 -5.24032 -7.72656
vertex 33.7474 -5.62702 -6.71496
vertex 33.9067 -5.83682 -9.89276
endloop
endfacet

facet normal -0.0705536 -0.863677 0.499083
outer loop
vertex 34.1032 -5.14182 -2.10386
vertex 30.9325 -5.54822 -3.25526
vertex 32.8685 -5.61362 -3.09486
endloop
endfacet

facet normal -0.829497 -0.0213896 -0.558101
outer loop
vertex 27.7095 -2.72892 -4.01596
vertex 28.8776 2.45568 -5.95086
vertex 29.1306 -2.94712 -6.11986
endloop
endfacet

facet normal -0.546217 -0.508935 0.665306
outer loop
vertex 33.9529 5.47168 4.58074
vertex 34.0689 5.22168 4.48474
vertex 34.1069 5.14168 4.45474
endloop
endfacet

facet normal 0.633219 0 0.773973
outer loop
vertex 33.9529 5.47368 4.58074
vertex 33.9529 5.47168 4.58074
vertex 34.1069 5.14168 4.45474
endloop
endfacet

facet normal 0.344657 0.468543 -0.813437
outer loop
vertex 34.0689 5.22168 4.48474
vertex 34.0089 5.34568 4.53074
vertex 33.9529 5.47368 4.58074
endloop
endfacet

facet normal 0.866966 0.235469 0.439231
outer loop
vertex 34.1069 5.14168 4.45474
vertex 34.2536 4.98358 4.24994
vertex 33.9529 5.47368 4.58074
endloop
endfacet

facet normal 0.792242 0.529821 0.302727
outer loop
vertex 14.9443 10.1612 29.3893
vertex 15.3509 7.60968 32.7906
vertex 16.4769 6.81088 31.2418
endloop
endfacet

facet normal 0.223379 -0.710798 -0.666984
outer loop
vertex -19.1175 18.0926 18.5447
vertex -17.4414 18.2533 18.9348
vertex -18.0448 15.9128 21.227
endloop
endfacet

facet normal 0.969601 -0.0333323 0.242412
outer loop
vertex -12.9599 7.62878 -42.4147
vertex -12.9117 0.253181 -43.6215
vertex -12.1449 9.58338 -45.406
endloop
endfacet

facet normal -0.873662 -0.240924 0.422694
outer loop
vertex -47.5529 -0.460119 -9.84956
vertex -46.1441 -4.66512 -9.33446
vertex -43.4525 -3.66632 -3.20186
endloop
endfacet

facet normal -0.543035 -0.383659 0.74694
outer loop
vertex -8.93769 -7.21982 31.2367
vertex -5.55549 -9.01372 32.7742
vertex -6.06719 -4.23752 34.8554
endloop
endfacet

facet normal -0.904922 -0.268034 0.330566
outer loop
vertex -25.5136 0.401281 21.849
vertex -23.5216 -1.46252 25.7907
vertex -25.7637 2.58138 22.9321
endloop
endfacet

facet normal -0.286032 -0.779324 0.55753
outer loop
vertex -4.18429 -27.2337 21.2937
vertex -2.32089 -27.7687 21.502
vertex -3.66149 -26.6521 22.3749
endloop
endfacet

facet normal -0.776463 -0.549789 0.307958
outer loop
vertex -25.5397 -3.35562 -40.0974
vertex -29.6081 2.47968 -39.9377
vertex -28.6652 -0.0722194 -42.1162
endloop
endfacet

facet normal -0.436734 0.883921 0.167172
outer loop
vertex -42.0584 9.57868 -10.2224
vertex -46.2254 7.38728 -9.52216
vertex -40.6716 9.73208 -7.41066
endloop
endfacet

facet normal 0.370849 0.924738 -0.0856142
outer loop
vertex 21.8368 12.5856 8.34194
vertex 20.6584 13.6297 14.5149
vertex 25.188 11.1949 7.83644
endloop
endfacet

facet normal -0.62271 -0.631909 0.461436
outer loop
vertex -11.6829 -11.9358 21.9538
vertex -14.9113 -8.33312 22.5307
vertex -14.2262 -10.5311 20.4453
endloop
endfacet

facet normal -0.6089 0.555477 -0.566292
outer loop
vertex 30.186 -1.72172 -16.8979
vertex 30.772 -0.270019 -16.1039
vertex 32.9828 0.00838063 -18.2081
endloop
endfacet

facet normal -0.52513 -0.12073 -0.842415
outer loop
vertex -28.2738 1.50158 -45.5312
vertex -27.3419 1.34368 -46.0895
vertex -27.686 -2.29892 -45.353
endloop
endfacet

facet normal -0.826114 -0.559561 0.0665364
outer loop
vertex -9.23689 -17.0319 18.5828
vertex -9.67029 -16.0696 21.2936
vertex -10.4921 -15.2526 17.9607
endloop
endfacet

facet normal -0.871796 -0.427143 0.239834
outer loop
vertex -17.25 -17.6531 -0.992565
vertex -18.9758 -11.7449 3.25664
vertex -22.7845 -6.04532 -0.436865
endloop
endfacet

facet normal 0.794001 0.443485 -0.415792
outer loop
vertex -40.6716 9.73208 -7.41066
vertex -40.5828 8.58688 -8.46256
vertex -42.0584 9.57868 -10.2224
endloop
endfacet

facet normal 0.533899 -0.626106 -0.56828
outer loop
vertex -39.1979 -0.421419 -18.2146
vertex -38.2878 0.558481 -18.4392
vertex -36.6788 -0.156019 -16.1403
endloop
endfacet

facet normal 0.476061 0.108463 -0.872698
outer loop
vertex 6.91641 -14.0669 22.2206
vertex 7.35321 -15.3557 22.2986
vertex 5.43691 -16.0806 21.1632
endloop
endfacet

facet normal 0.0375125 -0.741343 0.670078
outer loop
vertex 31.4403 -3.25532 -16.4933
vertex 32.8086 -2.17502 -15.3746
vertex 31.4821 -1.87522 -14.9687
endloop
endfacet

facet normal -0.865393 0.440835 -0.238243
outer loop
vertex -3.09169 -16.026 36.7113
vertex -3.47599 -15.8902 38.3584
vertex -2.97059 -14.8241 38.4953
endloop
endfacet

facet normal -0.910681 -0.365409 -0.192707
outer loop
vertex 10.4391 -4.33452 -43.8182
vertex 8.87921 0.769181 -46.1241
vertex 10.4141 -3.07752 -46.0836
endloop
endfacet

facet normal -0.26855 0.204155 0.941383
outer loop
vertex -2.25669 -8.92212 34.822
vertex -5.36479 -9.19492 33.9945
vertex -2.30839 -9.93162 35.0261
endloop
endfacet

facet normal -0.64164 -0.64215 0.419454
outer loop
vertex -11.6829 -11.9358 21.9538
vertex -11.8306 -9.03162 26.1738
vertex -14.9113 -8.33312 22.5307
endloop
endfacet

facet normal 0.793464 0.0160623 -0.608405
outer loop
vertex -37.3863 8.39858 -1.58046
vertex -37.9497 9.07018 -2.29756
vertex -36.6516 9.96448 -0.580965
endloop
endfacet

facet normal 0.3289 -0.636329 -0.69779
outer loop
vertex -11.0714 21.0853 18.0259
vertex -10.3777 22.2614 17.2803
vertex -10.0949 20.6537 18.8797
endloop
endfacet

facet normal 0.890574 -0.233819 0.390138
outer loop
vertex 5.75571 -14.4585 29.0219
vertex 5.52521 -17.3863 27.7935
vertex 5.96581 -16.9137 27.0708
endloop
endfacet

facet normal -0.875335 0.324797 -0.358183
outer loop
vertex -25.1139 9.99308 -34.9497
vertex -27.1008 3.48288 -35.9975
vertex -28.0457 5.41538 -31.9359
endloop
endfacet

facet normal 0.278053 0.30663 -0.91031
outer loop
vertex 31.1583 6.66508 -6.67506
vertex 30.8306 7.56988 -6.47036
vertex 33.4328 7.52388 -5.69106
endloop
endfacet

facet normal 0.340921 0.819584 0.460494
outer loop
vertex -40.8994 3.08718 -16.776
vertex -39.018 2.41548 -16.9733
vertex -37.5564 2.03418 -17.3768
endloop
endfacet

facet normal -0.445352 -0.603647 0.661265
outer loop
vertex -6.56509 -15.7327 32.3509
vertex -9.03489 -15.7248 30.6948
vertex -7.90649 -16.337 30.8958
endloop
endfacet

facet normal -0.894517 -0.396343 0.206766
outer loop
vertex -22.512 -13.736 -46.401
vertex -23.1706 -12.5592 -46.9942
vertex -22.3784 -14.3861 -47.069
endloop
endfacet

facet normal -0.57892 0.366529 0.72836
outer loop
vertex -22.0549 15.9348 -10.1349
vertex -21.9383 15.264 -9.70456
vertex -20.6133 16.8597 -9.45446
endloop
endfacet

facet normal 0.668241 -0.44898 -0.593187
outer loop
vertex 25.2191 -3.39802 -14.4076
vertex 23.079 -8.35312 -13.068
vertex 21.0862 -9.26212 -14.625
endloop
endfacet

facet normal 0.33786 0.0596399 -0.939305
outer loop
vertex -45.7807 -2.47632 -10.2882
vertex -46.7086 -0.0941194 -10.4707
vertex -45.8704 0.0572806 -10.1596
endloop
endfacet

facet normal 0.522276 0.0713584 0.849786
outer loop
vertex 21.2168 -12.1408 -46.6728
vertex 21.9413 -11.7032 -47.1548
vertex 20.5002 -10.8987 -46.3367
endloop
endfacet

facet normal -0.915292 -0.393342 -0.0867375
outer loop
vertex -22.3784 -14.3861 -47.069
vertex -23.1706 -12.5592 -46.9942
vertex -23.0147 -12.7135 -47.9398
endloop
endfacet

facet normal 0.813418 -0.497756 0.300981
outer loop
vertex 7.37271 -12.9661 23.996
vertex 8.51701 -13.1509 20.5978
vertex 7.71501 -11.5283 25.4487
endloop
endfacet

facet normal 0.0833961 0.829752 0.551867
outer loop
vertex 1.97521 20.3949 18.6519
vertex -1.84449 20.9957 18.3258
vertex -2.31189 19.3296 20.9015
endloop
endfacet

facet normal 0.941728 0.00329765 -0.33636
outer loop
vertex 37.4154 -2.49252 -17.1216
vertex 37.8697 -0.231219 -15.8276
vertex 39.5582 -3.06012 -11.1278
endloop
endfacet

facet normal -0.207171 -0.768659 0.605181
outer loop
vertex -4.46199 -23.2213 29.4305
vertex -1.70869 -23.3067 30.2645
vertex -3.81909 -21.8056 31.4487
endloop
endfacet

facet normal -0.895546 -0.415605 0.158964
outer loop
vertex 35.6187 7.23858 -4.65846
vertex 34.6772 8.78568 -5.91806
vertex 35.2023 7.49058 -6.34566
endloop
endfacet

facet normal -0.56546 -0.290011 -0.772107
outer loop
vertex 17.9258 -3.25172 7.33814
vertex 17.6441 -1.50952 6.89014
vertex 19.6401 0.623781 4.62704
endloop
endfacet

facet normal 0.567746 -0.777412 -0.270731
outer loop
vertex -1.74079 -25.3293 25.8172
vertex -0.558593 -24.1702 24.9683
vertex -0.168093 -24.2318 25.9638
endloop
endfacet

facet normal -0.479242 0.271074 0.834773
outer loop
vertex 14.5417 6.84708 35.7838
vertex 12.7177 7.34208 34.5759
vertex 11.5098 5.78988 34.3865
endloop
endfacet

facet normal 0.672016 -0.0486433 0.738937
outer loop
vertex -36.6428 -2.51672 -16.4013
vertex -36.4165 -1.35682 -16.5308
vertex -37.8103 -0.778519 -15.2251
endloop
endfacet

facet normal 0.242477 0.145266 -0.95922
outer loop
vertex -30.5073 2.27028 -5.92316
vertex -28.5883 4.32828 -5.12636
vertex -28.8718 2.82288 -5.42606
endloop
endfacet

facet normal 0.989353 -0.00626147 0.145404
outer loop
vertex 5.90521 -13.498 27.6308
vertex 5.96581 -16.9137 27.0708
vertex 5.97711 -15.6368 27.0492
endloop
endfacet

facet normal -0.293733 -0.251819 -0.922122
outer loop
vertex 22.538 -1.50692 1.07194
vertex 21.3961 -1.25702 1.36744
vertex 21.007 1.15058 0.833935
endloop
endfacet

facet normal 0.610427 -0.658559 0.440089
outer loop
vertex 10.7892 -7.40712 24.1756
vertex 7.28091 -11.6996 22.6184
vertex 10.8842 -9.82412 20.4269
endloop
endfacet

facet normal -0.38815 0.845589 -0.366495
outer loop
vertex -15.9481 18.0776 -21.7562
vertex -12.6028 21.7291 -16.8744
vertex -12.3706 20.2783 -20.4675
endloop
endfacet

facet normal 0.0866269 0.22501 -0.970498
outer loop
vertex 7.81511 -15.0821 -19.1314
vertex 8.04761 -16.5976 -19.4621
vertex 6.10491 -15.5274 -19.3873
endloop
endfacet

facet normal 0.0457134 -0.173429 0.983785
outer loop
vertex 32.6336 3.34268 10.1569
vertex 31.5255 2.08808 9.98734
vertex 32.497 2.29198 9.97814
endloop
endfacet

facet normal -0.461024 -0.810771 0.360703
outer loop
vertex -13.3963 -20.9883 4.62814
vertex -12.7865 -20.287 6.98394
vertex -18.0266 -18.168 5.04944
endloop
endfacet

facet normal -0.701472 -0.656505 0.277379
outer loop
vertex -12.4572 -22.8748 2.53834
vertex -12.8823 -21.345 5.08404
vertex -13.3963 -20.9883 4.62814
endloop
endfacet

facet normal -0.615736 -0.787746 -0.0180185
outer loop
vertex 23.5395 -5.13342 4.34664
vertex 24.2168 -5.73312 7.41554
vertex 22.4308 -4.28812 5.27744
endloop
endfacet

facet normal 0.660886 0.584729 0.470449
outer loop
vertex 5.49341 -11.2849 29.4872
vertex 1.67191 -10.3811 33.7323
vertex 2.80021 -11.3668 33.3724
endloop
endfacet

facet normal 0.209114 -0.529382 -0.822208
outer loop
vertex -13.3987 21.3578 16.6058
vertex -14.6545 20.9804 16.5295
vertex -14.6658 22.1105 15.7989
endloop
endfacet

facet normal 0.995827 -0.0262186 0.087409
outer loop
vertex 18.0426 0.599381 31.7176
vertex 17.8485 0.594381 33.9272
vertex 17.8311 -0.728719 33.7282
endloop
endfacet

facet normal 0.729455 -0.0109095 0.683942
outer loop
vertex -37.4253 -5.18412 -15.5439
vertex -37.2816 -3.88392 -15.6765
vertex -38.3777 -5.15162 -14.5276
endloop
endfacet

facet normal -0.933093 -0.317173 0.169525
outer loop
vertex -5.95859 -14.807 34.8906
vertex -5.56299 -15.9795 34.8746
vertex -5.94399 -14.3746 35.78
endloop
endfacet

facet normal -0.119394 -0.625642 -0.77092
outer loop
vertex -6.77399 14.6307 28.0387
vertex -7.66209 15.0374 27.8462
vertex -8.19769 16.3394 26.8725
endloop
endfacet

facet normal 0.51293 -0.129121 -0.848664
outer loop
vertex -9.45979 17.736 25.826
vertex -11.0102 18.299 24.8033
vertex -11.4853 19.4941 24.3344
endloop
endfacet

facet normal 0.260409 -0.622935 -0.737658
outer loop
vertex -9.45979 17.736 25.826
vertex -10.7278 17.6507 25.4504
vertex -11.0102 18.299 24.8033
endloop
endfacet

facet normal -0.427698 0.41245 -0.804338
outer loop
vertex -34.1 8.81178 -3.64266
vertex -33.2842 7.40398 -4.79836
vertex -34.5555 8.36358 -3.63026
endloop
endfacet

facet normal 0.852018 0.0443878 0.521627
outer loop
vertex 17.0634 -0.476219 35.3375
vertex 17.6026 2.01508 34.2448
vertex 16.8008 2.24748 35.5347
endloop
endfacet

facet normal 0.211125 0.338736 0.916888
outer loop
vertex 35.7352 5.85198 2.05934
vertex 35.398 6.00848 2.07914
vertex 35.4518 5.25998 2.34334
endloop
endfacet

facet normal 0.975405 0.20981 -0.0675693
outer loop
vertex 19.8845 3.99168 3.30774
vertex 20.2606 2.13258 2.96454
vertex 20.2986 1.41318 1.27844
endloop
endfacet

facet normal 0.632651 0.773068 -0.0460296
outer loop
vertex -10.6294 22.9189 17.697
vertex -9.71639 22.3231 20.2393
vertex -8.59429 21.3479 19.2838
endloop
endfacet

facet normal 0.0878274 0.268908 -0.959153
outer loop
vertex -17.8576 13.9081 -46.4837
vertex -17.4393 12.7477 -46.7708
vertex -20.4813 12.4972 -47.1195
endloop
endfacet

facet normal -0.0686222 0.991159 -0.11355
outer loop
vertex -20.4813 12.4972 -47.1195
vertex -17.4393 12.7477 -46.7708
vertex -18.7811 12.4867 -48.2386
endloop
endfacet

facet normal 0.991171 -0.127131 0.0376474
outer loop
vertex 6.00321 -17.1591 23.8286
vertex 5.86071 -18.3995 23.392
vertex 6.05721 -17.3008 21.9285
endloop
endfacet

facet normal -0.859072 0.128817 -0.495381
outer loop
vertex -45.3183 6.72618 -10.2035
vertex -44.859 8.35518 -10.5765
vertex -44.7998 7.05218 -11.018
endloop
endfacet

facet normal 0.460132 0.701545 0.544163
outer loop
vertex 19.7097 7.39098 27.7605
vertex 16.4769 6.81088 31.2418
vertex 18.7772 5.77858 30.6277
endloop
endfacet

facet normal -0.000290971 0.958526 0.285006
outer loop
vertex 6.46981 20.7838 18.5274
vertex 8.56281 21.1844 17.1824
vertex 8.42871 21.9229 14.6984
endloop
endfacet

facet normal -0.198543 -0.569688 0.797519
outer loop
vertex -23.9965 -7.14532 -44.3703
vertex -25.6894 -8.11292 -45.483
vertex -25.2487 -9.74152 -46.5366
endloop
endfacet

facet normal 0.0665176 -0.303506 -0.950505
outer loop
vertex 10.4141 -3.07752 -46.0836
vertex 12.8284 -4.76362 -45.3763
vertex 13.603 -6.48462 -44.7725
endloop
endfacet

facet normal -0.130952 -0.136828 -0.981901
outer loop
vertex -15.9394 1.82898 -46.6184
vertex -15.0866 -3.48172 -45.9921
vertex -16.8869 -4.15152 -45.6586
endloop
endfacet

facet normal 0.495438 -0.817995 -0.292277
outer loop
vertex 9.94421 -16.1166 10.6377
vertex 9.18361 -15.7098 8.21004
vertex 12.9876 -14.2824 10.6632
endloop
endfacet

facet normal -0.603538 -0.208195 -0.769673
outer loop
vertex 34.5746 -4.14462 -12.6261
vertex 35.6016 -5.17092 -13.1538
vertex 33.5111 -4.95812 -11.5722
endloop
endfacet

facet normal 0.121985 0.943237 0.308908
outer loop
vertex -2.11909 22.5142 13.7976
vertex -1.84449 20.9957 18.3258
vertex 1.97521 20.3949 18.6519
endloop
endfacet

facet normal -0.298559 -0.599662 -0.742474
outer loop
vertex -6.91159 -22.8831 27.9
vertex -5.61239 -22.6738 27.2085
vertex -3.53739 -24.272 27.6649
endloop
endfacet

facet normal 0.313564 -0.929568 0.193858
outer loop
vertex 3.79331 -21.8286 25.9657
vertex 3.61931 -22.4453 23.29
vertex 4.08811 -21.4348 27.3772
endloop
endfacet

facet normal 0.543677 -0.715155 0.439282
outer loop
vertex 16.921 -9.95952 -17.1969
vertex 14.5859 -11.263 -16.429
vertex 14.5757 -11.9584 -17.5484
endloop
endfacet

facet normal -0.831137 0.094358 0.548003
outer loop
vertex -36.0631 5.53768 8.52854
vertex -32.94 1.90498 13.8907
vertex -33.8673 4.10558 12.1054
endloop
endfacet

facet normal 0.822727 -0.0298675 -0.567652
outer loop
vertex -37.6725 9.79278 11.6706
vertex -38.9837 3.86818 10.0819
vertex -39.1336 10.21 9.53104
endloop
endfacet

facet normal 0.29939 -0.493936 -0.816329
outer loop
vertex -11.9663 21.3501 17.2491
vertex -14.6658 22.1105 15.7989
vertex -10.3777 22.2614 17.2803
endloop
endfacet

facet normal 0.134849 0.540879 0.83022
outer loop
vertex 9.03841 16.5864 25.6651
vertex 5.75041 16.6994 26.1256
vertex 4.36681 16.16 26.7018
endloop
endfacet

facet normal 0.54564 -0.731002 0.409772
outer loop
vertex 0.446507 -23.1351 25.4766
vertex -0.558593 -24.1702 24.9683
vertex -1.59679 -25.38 24.1926
endloop
endfacet

facet normal 0.466537 -0.869366 0.162931
outer loop
vertex 33.7474 -5.62702 -6.71496
vertex 32.6749 -6.15172 -6.44386
vertex 31.9831 -6.86482 -8.26786
endloop
endfacet

facet normal -0.591293 -0.787487 0.17389
outer loop
vertex -7.92729 -22.3649 23.1335
vertex -6.17929 -23.6417 23.2957
vertex -6.56999 -23.1313 24.2784
endloop
endfacet

facet normal 0.928367 0.197628 0.314765
outer loop
vertex 39.7567 5.42968 -5.40946
vertex 37.9252 7.38928 -1.23796
vertex 38.7779 1.75668 -0.216365
endloop
endfacet

facet normal 0.182755 0.748256 0.637741
outer loop
vertex -1.17229 15.8699 29.6512
vertex -2.18439 17.6464 27.8569
vertex -2.46589 16.0214 29.8442
endloop
endfacet

facet normal 0.0421819 -0.41307 -0.909722
outer loop
vertex -15.2295 14.3341 26.7621
vertex -15.718 11.6794 27.9448
vertex -16.5357 12.7225 27.4333
endloop
endfacet

facet normal -0.249646 -0.634117 0.731829
outer loop
vertex -10.2839 -17.1458 26.5384
vertex -10.0793 -20.6694 23.555
vertex -9.57799 -19.7715 24.5041
endloop
endfacet

facet normal 0.38868 0.250057 0.886792
outer loop
vertex 5.74761 17.1399 25.9241
vertex 6.35071 17.6991 25.5021
vertex 4.10151 16.6979 26.7702
endloop
endfacet

facet normal 0.235508 0.963535 0.127031
outer loop
vertex 13.1008 13.834 -44.7013
vertex 17.2802 13.0155 -46.2413
vertex 13.8715 13.9076 -46.6881
endloop
endfacet

facet normal -0.374685 0.895142 -0.241519
outer loop
vertex -12.4257 -12.2529 23.2316
vertex -11.5397 -11.9804 22.867
vertex -11.473 -13.0479 18.8069
endloop
endfacet

facet normal 0.739587 -0.0906137 0.666933
outer loop
vertex 5.52521 -17.3863 27.7935
vertex 4.99511 -16.6023 28.4879
vertex 4.22301 -17.614 29.2066
endloop
endfacet

facet normal -0.982057 -0.170203 -0.0812071
outer loop
vertex 22.3295 -3.13702 4.08974
vertex 22.4326 -2.85162 2.24424
vertex 22.4308 -4.28812 5.27744
endloop
endfacet

facet normal -0.129665 0.90273 -0.410202
outer loop
vertex 16.4232 13.1051 10.1377
vertex 18.2715 11.0997 5.14004
vertex 15.6134 11.6295 7.14644
endloop
endfacet

facet normal 0.124335 -0.683695 0.719098
outer loop
vertex -39.0093 -2.43072 -15.3541
vertex -37.9353 -3.22022 -16.2906
vertex -38.09 -1.95632 -15.0621
endloop
endfacet

facet normal 0.877535 0.114799 0.465568
outer loop
vertex 24.2984 1.32198 -4.67906
vertex 24.4068 5.99018 -6.03436
vertex 22.1488 6.35678 -1.86876
endloop
endfacet

facet normal -0.49412 0.0289139 0.868913
outer loop
vertex 36.2502 7.07158 3.69694
vertex 35.1314 5.05348 3.12794
vertex 36.1322 3.09498 3.76224
endloop
endfacet

facet normal 0.443619 -0.544478 -0.711861
outer loop
vertex -8.93839 20.0258 20.0806
vertex -10.0949 20.6537 18.8797
vertex -8.59429 21.3479 19.2838
endloop
endfacet

facet normal 0.493858 0.316576 0.809866
outer loop
vertex 1.52761 -11.6533 34.3176
vertex 1.67191 -10.3811 33.7323
vertex 0.129407 -10.4223 34.689
endloop
endfacet

facet normal 0.189097 0.420478 -0.887379
outer loop
vertex -8.15659 24.3349 -7.13156
vertex -7.47189 22.7825 -7.72126
vertex -9.27269 22.8002 -8.09656
endloop
endfacet

facet normal 0.0530986 -0.627609 0.776716
outer loop
vertex -2.32089 -27.7687 21.502
vertex -0.462993 -26.3337 22.5344
vertex -2.53999 -26.3075 22.6976
endloop
endfacet

facet normal 0.990281 -0.118488 0.0728301
outer loop
vertex 20.2606 2.13258 2.96454
vertex 19.903 -1.16002 2.47014
vertex 20.2986 1.41318 1.27844
endloop
endfacet

facet normal -0.902679 0.406977 0.13979
outer loop
vertex -7.66209 15.0374 27.8462
vertex -8.22829 13.4591 28.785
vertex -7.70309 14.05 30.4557
endloop
endfacet

facet normal -0.301968 -0.93189 -0.200989
outer loop
vertex 15.1941 -5.10012 15.66
vertex 14.5061 -4.36042 13.264
vertex 17.6953 -4.51442 9.18624
endloop
endfacet

facet normal 0.350385 -0.230097 -0.907902
outer loop
vertex 15.9879 -11.1572 -15.9147
vertex 14.5859 -11.263 -16.429
vertex 17.3439 -8.53712 -16.0554
endloop
endfacet

facet normal 0.0435329 0.874593 0.4829
outer loop
vertex 6.09811 20.1377 19.8073
vertex 6.00091 19.1469 21.6107
vertex 6.74781 18.3678 22.9543
endloop
endfacet

facet normal 0.0279514 -0.631739 -0.774677
outer loop
vertex 35.5776 -2.85092 -17.8744
vertex 34.3652 -3.13412 -17.6872
vertex 32.8278 -1.90282 -18.7468
endloop
endfacet

facet normal 0.306402 0.0895668 0.947679
outer loop
vertex -38.2249 10.8291 9.17874
vertex -39.1336 10.21 9.53104
vertex -38.9837 3.86818 10.0819
endloop
endfacet

facet normal -0.516952 -0.58908 -0.621085
outer loop
vertex 32.9828 0.00838063 -18.2081
vertex 30.772 -0.270019 -16.1039
vertex 31.9029 1.03278 -18.2809
endloop
endfacet

facet normal -0.674421 0.486632 -0.55529
outer loop
vertex -31.4019 9.49698 4.77544
vertex -31.3556 11.3738 6.36394
vertex -28.9993 10.759 2.96334
endloop
endfacet

facet normal -0.94657 -0.00864732 -0.322383
outer loop
vertex -43.9171 -4.77712 -15.6984
vertex -45.7807 -2.47632 -10.2882
vertex -43.7284 -2.36902 -16.3168
endloop
endfacet

facet normal 0.82464 -0.561872 0.0653354
outer loop
vertex 6.05721 -17.3008 21.9285
vertex 7.35321 -15.3557 22.2986
vertex 6.00321 -17.1591 23.8286
endloop
endfacet

facet normal 0.841 0.170004 0.513631
outer loop
vertex 33.9529 5.47168 4.58074
vertex 34.0089 5.34568 4.53074
vertex 34.2536 4.98358 4.24994
endloop
endfacet

facet normal 0.254474 0.735243 -0.628221
outer loop
vertex -27.2056 12.9459 5.29204
vertex -25.0571 8.00748 0.382635
vertex -26.8177 9.09788 0.945635
endloop
endfacet

facet normal 0.498111 0.512303 0.699594
outer loop
vertex 17.4022 16.593 -10.7451
vertex 14.7491 18.2177 -10.0458
vertex 16.9094 15.5825 -9.65426
endloop
endfacet

facet normal -0.18122 -0.451162 0.873849
outer loop
vertex 10.86 18.1029 26.3128
vertex 7.56011 18.6934 25.9332
vertex 8.92231 17.491 25.595
endloop
endfacet

facet normal 0.724978 -0.120137 0.678214
outer loop
vertex 5.49341 -11.2849 29.4872
vertex 4.98221 -10.1189 30.2402
vertex 1.67191 -10.3811 33.7323
endloop
endfacet

facet normal 0.324319 -0.111066 0.939405
outer loop
vertex 6.33171 23.4753 -8.58256
vertex 4.24211 22.8765 -7.93196
vertex 4.74201 22.6327 -8.13336
endloop
endfacet

facet normal -0.831963 -0.377358 -0.406742
outer loop
vertex -22.497 -16.7936 -13.9256
vertex -24.3658 -11.0266 -15.4536
vertex -22.8034 -13.5943 -16.267
endloop
endfacet

facet normal 0.253444 0.876653 0.408957
outer loop
vertex 13.0558 12.6731 25.0566
vertex 11.7831 11.6235 28.0951
vertex 12.7866 11.4742 27.7932
endloop
endfacet

facet normal -0.392854 0.184027 -0.900999
outer loop
vertex -27.7977 4.47928 -14.3122
vertex -26.8042 2.93268 -15.0613
vertex -26.3264 0.433881 -15.78
endloop
endfacet

facet normal -0.981793 -0.175102 -0.073638
outer loop
vertex 8.63951 1.09058 -43.6927
vertex 7.94481 5.94218 -45.9662
vertex 8.87921 0.769181 -46.1241
endloop
endfacet

facet normal 0.65415 0.743396 0.139469
outer loop
vertex -16.3912 11.9923 -47.6602
vertex -17.4393 12.7477 -46.7708
vertex -14.6856 10.2955 -46.6159
endloop
endfacet

facet normal -0.199075 0.971777 -0.126563
outer loop
vertex -3.47599 -15.8902 38.3584
vertex -3.09169 -16.026 36.7113
vertex -4.04089 -16.2914 36.1668
endloop
endfacet

facet normal 0.95319 0.164181 -0.253917
outer loop
vertex -14.2152 7.66928 -46.5484
vertex -14.6531 8.05228 -47.9444
vertex -14.6856 10.2955 -46.6159
endloop
endfacet

facet normal 0.124599 0.155201 0.979994
outer loop
vertex 37.9252 7.38928 -1.23796
vertex 37.1204 7.25748 -1.11476
vertex 37.7137 1.72348 -0.313865
endloop
endfacet

facet normal 0.298508 0.148221 -0.942828
outer loop
vertex -35.9505 4.76478 -7.02406
vertex -32.9167 2.00708 -6.49696
vertex -34.4823 1.48288 -7.07516
endloop
endfacet

facet normal 0.514839 0.0307657 0.856735
outer loop
vertex 17.6511 13.3925 -10.0213
vertex 17.994 14.8865 -10.281
vertex 16.9094 15.5825 -9.65426
endloop
endfacet

facet normal -0.859253 0.373581 -0.349458
outer loop
vertex -46.0733 7.57578 -3.64786
vertex -46.1577 6.74738 -4.32606
vertex -46.3895 6.61718 -3.89526
endloop
endfacet

facet normal 0.586527 -0.365662 -0.722688
outer loop
vertex 19.2557 -5.27812 -15.9164
vertex 18.1729 -6.62562 -16.1134
vertex 19.455 -4.55192 -16.1221
endloop
endfacet

facet normal -0.849335 0.399543 0.344956
outer loop
vertex -16.0644 16.8756 24.9784
vertex -15.7157 17.7393 24.8366
vertex -16.5307 16.7078 24.0247
endloop
endfacet

facet normal -0.796034 0.0812121 0.599778
outer loop
vertex 28.2134 10.4585 10.9451
vertex 28.1798 8.77888 11.128
vertex 30.0644 9.39098 13.5463
endloop
endfacet

facet normal -0.537793 0.771624 -0.339668
outer loop
vertex -22.8511 16.2709 4.55674
vertex -22.9685 17.8697 8.37444
vertex -19.7227 19.3635 6.62914
endloop
endfacet

facet normal -0.245719 -0.189918 -0.950554
outer loop
vertex 13.4277 -6.17022 -48.5479
vertex 18.3137 -10.6661 -48.9126
vertex 14.3034 -10.1602 -47.9771
endloop
endfacet

facet normal -0.384064 0.346469 0.855835
outer loop
vertex -4.00999 -10.3031 34.7818
vertex -6.08579 -10.3809 33.8817
vertex -5.45999 -11.7048 34.6985
endloop
endfacet

facet normal -0.933043 0.107082 -0.34346
outer loop
vertex -39.5624 -5.89952 -10.2852
vertex -38.9559 -5.20142 -11.7153
vertex -38.7025 -6.37212 -12.7687
endloop
endfacet

facet normal -0.0168202 -0.929939 0.367328
outer loop
vertex -40.4557 -5.92732 -6.29536
vertex -37.5062 -5.31582 -4.61206
vertex -39.1421 -4.82792 -3.45176
endloop
endfacet

facet normal -0.288015 0.934983 -0.207011
outer loop
vertex -13.2933 -13.2758 19.8583
vertex -12.3992 -13.5173 17.5233
vertex -14.3789 -14.5325 15.6926
endloop
endfacet

facet normal 0.372998 0.140513 0.917131
outer loop
vertex -36.8633 9.32438 14.5487
vertex -39.1344 11.5224 15.1356
vertex -38.4031 -2.48362 16.9841
endloop
endfacet

facet normal -0.531802 -0.418483 -0.736246
outer loop
vertex -43.3516 -7.71452 -9.61816
vertex -46.1441 -4.66512 -9.33446
vertex -44.9541 -4.87872 -10.0726
endloop
endfacet

facet normal 0.218298 0.533394 -0.817213
outer loop
vertex 20.3645 9.07368 -12.2307
vertex 22.564 8.02288 -12.329
vertex 21.3385 6.44838 -13.6841
endloop
endfacet

facet normal 0.500874 0.468429 -0.727805
outer loop
vertex 14.7483 -3.71222 35.7036
vertex 13.3459 -3.59212 34.8157
vertex 13.3862 -3.00132 35.2237
endloop
endfacet

facet normal 0.0446309 -0.726706 0.685497
outer loop
vertex 9.57021 -5.32032 32.4434
vertex 11.1 -3.39902 34.3807
vertex 7.76181 -4.34622 33.5938
endloop
endfacet

facet normal -0.903643 0.250641 -0.347286
outer loop
vertex -43.9475 9.95268 9.42104
vertex -43.7158 10.908 9.50764
vertex -42.8336 10.8401 7.16314
endloop
endfacet

facet normal 0.871386 -0.304396 -0.384746
outer loop
vertex 16.0448 -5.37742 8.20994
vertex 16.2243 -8.05912 10.7382
vertex 14.1546 -10.0779 7.64804
endloop
endfacet

facet normal 0.320247 -0.100771 -0.941959
outer loop
vertex -40.8305 5.61208 8.40344
vertex -42.548 2.21478 8.18294
vertex -42.8336 10.8401 7.16314
endloop
endfacet

facet normal 9.84478e-05 -0.743526 -0.668707
outer loop
vertex -13.3246 -9.39222 -27.42
vertex -15.9225 -11.5411 -25.0311
vertex -16.7618 -10.4861 -26.2042
endloop
endfacet

facet normal -0.529295 -0.78882 0.312427
outer loop
vertex -12.2341 -16.4671 14.8078
vertex -11.5307 -13.8625 22.5754
vertex -13.8271 -14.1296 18.0107
endloop
endfacet

facet normal -0.0166856 -0.178556 0.983788
outer loop
vertex 16.9094 15.5825 -9.65426
vertex 14.2527 16.959 -9.44946
vertex 15.0851 16.0839 -9.59416
endloop
endfacet

facet normal -0.395894 -0.725999 -0.562312
outer loop
vertex 21.705 -4.15562 5.84444
vertex 17.9258 -3.25172 7.33814
vertex 22.3295 -3.13702 4.08974
endloop
endfacet

facet normal -0.519563 0.445788 0.728922
outer loop
vertex -5.89809 -24.9191 24.0275
vertex -6.64879 -23.5407 22.6494
vertex -6.63689 -24.8689 23.4702
endloop
endfacet

facet normal 0.141714 -0.369585 -0.918327
outer loop
vertex 31.1857 -7.17122 -9.75266
vertex 31.8439 -7.77422 -9.40836
vertex 32.9086 -9.32062 -8.62166
endloop
endfacet

facet normal -0.174404 -0.564346 -0.806906
outer loop
vertex 32.9086 -9.32062 -8.62166
vertex 28.7817 -6.61042 -9.62516
vertex 31.1857 -7.17122 -9.75266
endloop
endfacet

facet normal -0.114657 0.579331 0.806988
outer loop
vertex -10.7278 17.6507 25.4504
vertex -11.0463 16.3442 26.3431
vertex -9.19339 16.7299 26.3295
endloop
endfacet

facet normal 0.0169436 0.170287 0.985249
outer loop
vertex -1.89129 0.418081 37.109
vertex -3.09489 -4.44432 37.9701
vertex -1.39519 -4.82292 38.0063
endloop
endfacet

facet normal 0.0410723 -0.587362 -0.808281
outer loop
vertex 12.773 14.2351 26.5488
vertex 10.539 12.9667 27.357
vertex 11.0613 14.1499 26.5238
endloop
endfacet

facet normal 0.90803 -0.268309 0.321701
outer loop
vertex 37.474 -3.05862 -0.695565
vertex 38.617 -3.50672 -4.29546
vertex 38.2821 0.0729806 -0.364665
endloop
endfacet

facet normal 0.288209 0.957358 -0.0200262
outer loop
vertex 29.8157 9.93588 -0.519065
vertex 33.8727 8.64768 -3.71296
vertex 34.2789 8.50498 -4.69036
endloop
endfacet

facet normal -0.404693 -0.0603092 -0.912462
outer loop
vertex -10.7205 -14.8437 21.6784
vertex -9.67029 -16.0696 21.2936
vertex -10.1708 -16.9605 21.5745
endloop
endfacet

facet normal -0.274103 -0.670968 -0.688963
outer loop
vertex -42.3776 -2.82342 -17.5421
vertex -43.3682 -1.74572 -18.1975
vertex -40.1946 -2.44112 -18.7829
endloop
endfacet

facet normal 0.345459 -0.294037 0.891179
outer loop
vertex 18.3493 -8.44622 -44.3274
vertex 22.6693 -8.81702 -46.1244
vertex 21.8471 -5.39932 -44.678
endloop
endfacet

facet normal -0.863828 -0.226158 -0.450171
outer loop
vertex 34.2536 4.98358 4.24994
vertex 34.0689 5.22168 4.48474
vertex 33.9529 5.47368 4.58074
endloop
endfacet

facet normal 0.853335 0.199995 0.481478
outer loop
vertex 33.8364 5.30558 4.85624
vertex 33.9529 5.47168 4.58074
vertex 34.2832 7.57068 3.12334
endloop
endfacet

facet normal 0.870426 0.267954 0.412988
outer loop
vertex 34.0089 5.34568 4.53074
vertex 34.0689 5.22168 4.48474
vertex 34.2536 4.98358 4.24994
endloop
endfacet

facet normal 0.853565 0.199747 0.481173
outer loop
vertex 34.2832 7.57068 3.12334
vertex 33.9529 5.47168 4.58074
vertex 34.2536 4.98358 4.24994
endloop
endfacet

facet normal 0.849549 0.208065 0.484743
outer loop
vertex 33.9529 5.47168 4.58074
vertex 33.8364 5.30558 4.85624
vertex 34.0689 5.22168 4.48474
endloop
endfacet

facet normal 0.53134 0.811924 -0.241781
outer loop
vertex 8.52771 -13.2472 19.4934
vertex 9.29451 -14.6462 16.4807
vertex 8.29651 -13.9161 16.7393
endloop
endfacet

facet normal 0.94812 0.0806237 0.307518
outer loop
vertex 18.6766 2.07668 36.3401
vertex 18.7497 0.974281 36.4037
vertex 19.278 0.911581 34.7913
endloop
endfacet

facet normal 0.526178 -0.228434 -0.819118
outer loop
vertex 23.2284 -3.66182 -45.0724
vertex 23.6318 -0.691219 -45.6417
vertex 24.354 -1.35532 -44.9926
endloop
endfacet

facet normal 0.790517 0.0269492 -0.611847
outer loop
vertex -37.9497 9.07018 -2.29756
vertex -39.2664 10.3831 -3.94086
vertex -36.6516 9.96448 -0.580965
endloop
endfacet

facet normal -0.984996 -0.165901 -0.0475445
outer loop
vertex -10.1744 -14.4858 30.0804
vertex -10.3808 -12.3553 26.9235
vertex -10.1441 -13.782 26.997
endloop
endfacet

facet normal 0.58372 0.416017 0.697281
outer loop
vertex 1.73241 14.8716 27.8152
vertex -1.17229 15.8699 29.6512
vertex 1.30051 14.2328 28.5578
endloop
endfacet

facet normal -0.6742 -0.125489 0.72781
outer loop
vertex -8.60509 -17.8995 28.9968
vertex -8.56529 -16.6384 29.2511
vertex -9.25759 -17.996 28.3757
endloop
endfacet

facet normal 0.936463 -0.288408 -0.199646
outer loop
vertex -40.3662 7.32438 -5.62286
vertex -40.736 7.42248 -7.49896
vertex -40.5828 8.58688 -8.46256
endloop
endfacet

facet normal 0.0442728 -0.573414 -0.818069
outer loop
vertex 10.8623 20.3953 17.4024
vertex 8.98371 21.3846 16.6073
vertex 9.05511 22.1534 16.0723
endloop
endfacet

facet normal 0.645928 -0.069162 -0.760259
outer loop
vertex 6.30431 -19.3351 23.854
vertex 5.74591 -20.5772 23.4926
vertex 5.86071 -18.3995 23.392
endloop
endfacet

facet normal 0.217645 -0.946994 0.236288
outer loop
vertex 33.5375 3.16708 -16.6998
vertex 31.5308 2.69218 -16.7548
vertex 34.697 3.25928 -17.3984
endloop
endfacet

facet normal -0.482705 -0.787648 -0.382893
outer loop
vertex 14.4967 -7.61512 -43.5738
vertex 13.603 -6.48462 -44.7725
vertex 16.2965 -8.38692 -44.255
endloop
endfacet

facet normal -0.161518 0.0991805 -0.981873
outer loop
vertex -27.7358 3.50708 -46.0312
vertex -25.5913 8.68778 -45.8607
vertex -26.6422 3.46068 -46.2158
endloop
endfacet

facet normal 0.331207 -0.940584 0.0748631
outer loop
vertex -24.9817 -13.3634 -47.4024
vertex -24.577 -13.3028 -48.4307
vertex -23.0147 -12.7135 -47.9398
endloop
endfacet

facet normal -0.144575 0.975231 0.167401
outer loop
vertex -5.36479 -9.19492 33.9945
vertex -4.24419 -8.98772 33.7552
vertex -5.55549 -9.01372 32.7742
endloop
endfacet

facet normal -0.203891 0.895481 -0.395653
outer loop
vertex -12.8977 22.9081 16.2712
vertex -15.5901 22.2228 16.1077
vertex -14.1761 23.0561 17.265
endloop
endfacet

facet normal -0.0845036 0.953055 0.290765
outer loop
vertex 12.6157 13.928 -39.702
vertex 14.4626 13.3353 -37.2226
vertex 15.1288 13.8933 -38.858
endloop
endfacet

facet normal 0.475984 -0.0324666 -0.878855
outer loop
vertex -45.0738 6.05958 -11.1298
vertex -44.7998 7.05218 -11.018
vertex -43.9129 6.65318 -10.523
endloop
endfacet

facet normal -0.638602 -0.755242 0.147636
outer loop
vertex -6.64879 -23.5407 22.6494
vertex -7.92729 -22.3649 23.1335
vertex -6.97599 -23.5196 21.342
endloop
endfacet

facet normal -0.251684 -0.847938 -0.466537
outer loop
vertex -4.43159 -16.7803 33.4607
vertex -1.86959 -17.6964 33.7437
vertex -2.03569 -18.4458 35.1952
endloop
endfacet

facet normal 0.614569 -0.76901 0.175865
outer loop
vertex 20.451 -10.0676 -6.75446
vertex 19.0966 -12.3402 -11.9591
vertex 23.4108 -8.51982 -10.3299
endloop
endfacet

facet normal 0.215208 -0.956603 0.196459
outer loop
vertex 36.3896 -5.24032 -7.72656
vertex 35.3505 -4.97792 -5.31086
vertex 33.7474 -5.62702 -6.71496
endloop
endfacet

facet normal -0.688415 0.724226 -0.0397684
outer loop
vertex -8.22829 13.4591 28.785
vertex -9.19519 12.5955 29.7966
vertex -7.70309 14.05 30.4557
endloop
endfacet

facet normal -0.797386 0.0269786 0.602866
outer loop
vertex 10.3592 16.2503 26.0328
vertex 10.7803 14.6071 26.6633
vertex 11.5532 15.0469 27.666
endloop
endfacet

facet normal -0.484824 0.35462 -0.799494
outer loop
vertex 15.9879 -11.1572 -15.9147
vertex 18.3446 -8.11532 -15.9946
vertex 16.4601 -11.4833 -16.3457
endloop
endfacet

facet normal 0.00380522 -0.999619 -0.0273484
outer loop
vertex 17.354 0.801781 37.436
vertex 14.8037 0.788481 37.5682
vertex 16.4375 0.820881 36.611
endloop
endfacet

facet normal -0.258577 -0.892138 -0.370443
outer loop
vertex 12.5571 -5.43772 -42.0809
vertex 10.7898 -5.73782 -40.1244
vertex 9.93181 -4.18742 -43.2594
endloop
endfacet

facet normal 0.340261 -0.938667 0.0559245
outer loop
vertex 2.29871 -22.3007 27.135
vertex 2.61021 -22.2727 25.7092
vertex 3.79331 -21.8286 25.9657
endloop
endfacet

facet normal 0.587625 -0.331831 0.73796
outer loop
vertex 24.0381 -5.88842 -46.7183
vertex 23.2284 -3.66182 -45.0724
vertex 22.8635 -4.42742 -45.1261
endloop
endfacet

facet normal -0.565755 -0.48443 -0.66727
outer loop
vertex 5.48641 21.8594 18.2566
vertex 4.78041 19.8925 20.2831
vertex 4.36581 20.6944 20.0525
endloop
endfacet

facet normal 0.383356 -0.902615 -0.195764
outer loop
vertex 18.3493 -8.44622 -44.3274
vertex 19.7028 -8.03172 -43.5877
vertex 17.3813 -9.03192 -43.5219
endloop
endfacet

facet normal 0.242345 0.930422 -0.274926
outer loop
vertex 7.45401 -12.1629 22.2166
vertex 8.52771 -13.2472 19.4934
vertex 7.06471 -12.69 20.0897
endloop
endfacet

facet normal -0.04597 0.986476 -0.157324
outer loop
vertex 14.4626 13.3353 -37.2226
vertex 12.2212 14.0515 -32.0765
vertex 17.596 13.5274 -36.9332
endloop
endfacet

facet normal 0.622414 0.312072 0.717783
outer loop
vertex -8.24799 19.8354 22.0867
vertex -9.25799 20.486 22.6796
vertex -10.3184 18.747 24.3552
endloop
endfacet

facet normal 0.470493 -0.467544 0.748358
outer loop
vertex 16.7812 -3.26852 33.7705
vertex 17.2165 -2.67712 33.8663
vertex 17.0634 -0.476219 35.3375
endloop
endfacet

facet normal -0.360716 -0.267687 0.893436
outer loop
vertex 13.603 -6.48462 -44.7725
vertex 14.922 -10.8149 -45.5374
vertex 16.2965 -8.38692 -44.255
endloop
endfacet

facet normal 0.0372881 0.217775 -0.975286
outer loop
vertex 5.65781 -17.5244 -20.0158
vertex 12.5235 -19.3473 -20.1604
vertex 7.61041 -21.3638 -20.7985
endloop
endfacet

facet normal 0.841521 -0.361437 0.401505
outer loop
vertex 19.6401 0.623781 4.62704
vertex 17.6441 -1.50952 6.89014
vertex 19.903 -1.16002 2.47014
endloop
endfacet

facet normal -0.72637 -0.584271 0.361959
outer loop
vertex -12.8823 -21.345 5.08404
vertex -12.7865 -20.287 6.98394
vertex -13.3963 -20.9883 4.62814
endloop
endfacet

facet normal -0.611919 0.113406 0.782748
outer loop
vertex -41.7178 10.5688 11.1187
vertex -43.7158 10.908 9.50764
vertex -43.6405 4.65988 10.4717
endloop
endfacet

facet normal 0.791394 0.0969269 0.603573
outer loop
vertex 24.8666 4.65988 -38.8133
vertex 23.2535 3.79388 -36.5592
vertex 24.8902 1.84528 -38.3923
endloop
endfacet

facet normal 0.98707 0.154735 -0.0418219
outer loop
vertex 39.122 5.99408 -10.4757
vertex 39.6409 2.40778 -11.4989
vertex 39.1726 5.28278 -11.9147
endloop
endfacet

facet normal 0.0169151 0.728709 -0.684614
outer loop
vertex -46.2254 7.38728 -9.52216
vertex -45.3183 6.72618 -10.2035
vertex -47.2757 6.06978 -10.9505
endloop
endfacet

facet normal -0.224615 0.128916 -0.965882
outer loop
vertex 36.6826 5.90308 0.366035
vertex 37.9179 10.9704 0.755135
vertex 36.8885 4.71278 0.159335
endloop
endfacet

facet normal -0.93239 0.359158 0.0406818
outer loop
vertex -29.6094 -3.97392 -48.5835
vertex -29.3542 -3.49732 -46.9432
vertex -26.6422 3.46068 -46.2158
endloop
endfacet

facet normal 0.729521 0.562155 0.38959
outer loop
vertex -12.2373 10.5039 -46.4003
vertex -16.8424 13.669 -42.3442
vertex -13.6914 9.29178 -41.9284
endloop
endfacet

facet normal 0.955373 -0.213134 0.204539
outer loop
vertex 2.29871 -22.3007 27.135
vertex 2.18931 -23.4153 26.4849
vertex 2.61021 -22.2727 25.7092
endloop
endfacet

facet normal 0.0119307 0.329404 -0.944114
outer loop
vertex -42.0584 9.57868 -10.2224
vertex -41.7693 8.66998 -10.5358
vertex -43.5406 7.85708 -10.8418
endloop
endfacet

facet normal -0.968686 -0.0598854 -0.240958
outer loop
vertex 5.81021 0.671181 -39.4422
vertex 6.54591 0.186281 -42.2792
vertex 6.87251 -2.89382 -42.8268
endloop
endfacet

facet normal -0.935019 -0.119236 -0.333951
outer loop
vertex -7.92629 -18.4297 15.4126
vertex -8.72109 -18.8357 17.7826
vertex -9.23689 -17.0319 18.5828
endloop
endfacet

facet normal -0.488072 -0.811994 0.320081
outer loop
vertex 7.15731 -15.8906 17.3715
vertex 6.85691 -16.7808 14.6553
vertex 7.13211 -19.1765 8.99744
endloop
endfacet

facet normal 0.897531 -0.391614 -0.202672
outer loop
vertex -16.7171 -6.83732 -46.6581
vertex -18.1474 -10.1054 -46.6775
vertex -18.5353 -10.2727 -48.0721
endloop
endfacet

facet normal 0.392074 -0.279538 -0.876434
outer loop
vertex -11.9663 21.3501 17.2491
vertex -13.3987 21.3578 16.6058
vertex -14.6658 22.1105 15.7989
endloop
endfacet

facet normal -0.816814 0.365455 0.446383
outer loop
vertex -29.4242 3.18328 -38.4682
vertex -27.3645 7.89288 -38.555
vertex -29.2733 4.31848 -39.1214
endloop
endfacet

facet normal 0.421593 0.847367 -0.322846
outer loop
vertex 39.3237 6.62138 -10.5375
vertex 39.8675 6.61138 -9.85336
vertex 41.0142 5.51878 -11.2238
endloop
endfacet

facet normal -0.791867 -0.311029 -0.525554
outer loop
vertex 29.6374 -7.12452 0.921835
vertex 31.7857 -7.25752 -2.23636
vertex 30.5989 -8.12902 0.0676352
endloop
endfacet

facet normal -0.252754 -0.278438 -0.9266
outer loop
vertex -1.84459 -21.9791 23.2382
vertex 1.71111 -23.7402 22.7975
vertex -1.59679 -25.38 24.1926
endloop
endfacet

facet normal -0.805721 -0.103617 0.583162
outer loop
vertex -10.1441 -13.782 26.997
vertex -10.3808 -12.3553 26.9235
vertex -11.1542 -12.8128 25.7736
endloop
endfacet

facet normal 0.440142 -0.112533 0.890849
outer loop
vertex 33.5375 3.16708 -16.6998
vertex 33.0672 4.56598 -16.2908
vertex 31.5504 3.78978 -15.6394
endloop
endfacet

facet normal 0.64881 -0.752926 -0.110215
outer loop
vertex -42.6273 -7.25182 -10.0313
vertex -40.4557 -5.92732 -6.29536
vertex -40.8254 -6.51162 -4.48026
endloop
endfacet

facet normal -0.215598 0.316613 -0.923728
outer loop
vertex 29.8853 -3.39542 -13.5872
vertex 31.4266 -3.16012 -13.8663
vertex 30.5199 -5.30032 -14.3882
endloop
endfacet

facet normal -0.341409 0.928617 -0.145294
outer loop
vertex -27.9108 14.0509 7.96024
vertex -30.0181 13.244 7.75434
vertex -27.1212 14.9697 11.9774
endloop
endfacet

facet normal 0.986819 0.155527 -0.044724
outer loop
vertex 39.6414 2.97078 -9.52916
vertex 39.6409 2.40778 -11.4989
vertex 39.122 5.99408 -10.4757
endloop
endfacet

facet normal 0.384218 -0.876436 0.290235
outer loop
vertex -36.64 -7.06992 -11.0557
vertex -37.5062 -5.31582 -4.61206
vertex -38.261 -6.75172 -7.94906
endloop
endfacet

facet normal -0.551484 0.822856 0.137016
outer loop
vertex 4.48751 19.3791 25.5642
vertex 2.29851 17.6584 27.0869
vertex 4.37471 19.0679 26.9789
endloop
endfacet

facet normal -0.178791 -0.510068 -0.841347
outer loop
vertex 5.74761 17.1399 25.9241
vertex 2.59581 17.5104 26.3692
vertex 6.58651 19.3858 24.3842
endloop
endfacet

facet normal -0.0257815 -0.966079 -0.256957
outer loop
vertex -40.9639 -6.47372 -9.14076
vertex -43.3791 -5.35012 -13.1229
vertex -40.8889 -5.84082 -11.5278
endloop
endfacet

facet normal -0.46686 -0.779747 0.417176
outer loop
vertex -12.4202 -20.4459 6.23924
vertex -11.2647 -22.9753 2.80464
vertex -10.6002 -23.3668 2.81634
endloop
endfacet

facet normal 0.909523 -0.413678 -0.040474
outer loop
vertex 4.97561 -20.1948 23.2633
vertex 3.44241 -23.2862 20.4059
vertex 5.75001 -18.1851 20.1254
endloop
endfacet

facet normal 0.161007 -0.888319 0.430077
outer loop
vertex -3.86999 -17.0149 -20.454
vertex -1.25859 -16.0757 -19.4917
vertex -4.05159 -16.6728 -19.6795
endloop
endfacet

facet normal 0.986485 0.142422 0.0810189
outer loop
vertex 15.7799 -7.29322 14.8033
vertex 16.2243 -8.05912 10.7382
vertex 16.0448 -5.37742 8.20994
endloop
endfacet

facet normal -0.339204 -0.835815 0.431687
outer loop
vertex 14.8037 0.788481 37.5682
vertex 11.8691 0.988581 35.6498
vertex 12.8153 0.508181 35.463
endloop
endfacet

facet normal -0.543621 0.784936 0.297241
outer loop
vertex -15.8601 19.2585 17.7477
vertex -19.2013 17.9223 15.1655
vertex -17.068 17.8238 19.3274
endloop
endfacet

facet normal -0.8769 -0.448244 0.173563
outer loop
vertex -10.2936 -17.7324 23.325
vertex -10.4414 -17.3496 23.5668
vertex -11.7543 -15.2646 22.3185
endloop
endfacet

facet normal 0.738582 -0.51581 -0.434092
outer loop
vertex -41.3749 3.43608 -19.5857
vertex -40.4215 4.89978 -19.7025
vertex -40.3043 4.23318 -18.7111
endloop
endfacet

facet normal 0.242702 0.582154 -0.77601
outer loop
vertex 30.8306 7.56988 -6.47036
vertex 34.2789 8.50498 -4.69036
vertex 33.4328 7.52388 -5.69106
endloop
endfacet

facet normal 0.657064 -0.208978 -0.724289
outer loop
vertex -38.7288 -2.93032 -18.1745
vertex -36.4165 -1.35682 -16.5308
vertex -36.6428 -2.51672 -16.4013
endloop
endfacet

facet normal -0.476203 0.104713 -0.873079
outer loop
vertex 6.54591 0.186281 -42.2792
vertex 8.16631 0.0197806 -43.183
vertex 6.87251 -2.89382 -42.8268
endloop
endfacet

facet normal 0.834838 -0.427065 -0.347363
outer loop
vertex -32.3398 -5.82962 6.68514
vertex -33.1525 -6.30762 5.31954
vertex -32.1501 -3.86802 4.72924
endloop
endfacet

facet normal -0.329779 0.908251 -0.257537
outer loop
vertex -43.9129 6.65318 -10.523
vertex -41.8458 7.34298 -10.7372
vertex -45.0738 6.05958 -11.1298
endloop
endfacet

facet normal -0.407963 -0.16821 0.897369
outer loop
vertex -8.98409 19.3997 26.8919
vertex -11.398 18.235 25.5762
vertex -9.28979 18.3089 26.5485
endloop
endfacet

facet normal -0.0953687 -0.911449 0.400207
outer loop
vertex -3.54849 -24.9792 24.6404
vertex -1.59679 -25.38 24.1926
vertex -2.39709 -24.9268 25.0341
endloop
endfacet

facet normal 0.495738 -0.335796 -0.800928
outer loop
vertex -15.0866 -3.48172 -45.9921
vertex -13.1671 1.09038 -46.7209
vertex -14.6096 -3.68932 -45.6098
endloop
endfacet

facet normal 0.638441 -0.163712 -0.752058
outer loop
vertex 34.9555 -5.67142 -2.26476
vertex 37.474 -3.05862 -0.695565
vertex 36.6372 -5.34282 -0.908665
endloop
endfacet

facet normal -0.556027 -0.828214 0.069971
outer loop
vertex -5.10209 -26.0202 21.8129
vertex -4.20259 -26.451 23.8605
vertex -5.50479 -25.5995 23.5917
endloop
endfacet

facet normal 0.437354 0.305516 -0.845802
outer loop
vertex -3.37859 16.2685 -25.3272
vertex -2.64409 8.43228 -27.778
vertex -6.47619 7.89538 -29.9535
endloop
endfacet

facet normal 0.765784 0.500052 0.404379
outer loop
vertex 15.5637 -3.70702 10.453
vertex 14.5061 -4.36042 13.264
vertex 15.2819 -5.30002 12.9566
endloop
endfacet

facet normal -0.210975 -0.407753 -0.888385
outer loop
vertex 4.36681 16.16 26.7018
vertex 5.74761 17.1399 25.9241
vertex 5.75041 16.6994 26.1256
endloop
endfacet

facet normal 0.105477 -0.107681 -0.988574
outer loop
vertex 17.3439 -8.53712 -16.0554
vertex 18.3446 -8.11532 -15.9946
vertex 15.9879 -11.1572 -15.9147
endloop
endfacet

facet normal 0.441868 0.893481 -0.0802794
outer loop
vertex -20.6702 13.6323 17.7823
vertex -22.6401 14.0452 11.5356
vertex -24.3393 14.9147 11.8601
endloop
endfacet

facet normal 0.0647879 0.331696 -0.941159
outer loop
vertex -42.0793 -0.649719 -18.4934
vertex -39.1979 -0.421419 -18.2146
vertex -38.6709 -1.56792 -18.5824
endloop
endfacet

facet normal -0.818151 0.017624 0.574733
outer loop
vertex -40.7275 -1.58902 9.10124
vertex -41.2437 2.36878 8.24494
vertex -43.7014 2.54308 4.74104
endloop
endfacet

facet normal -0.909088 -0.415364 0.0321312
outer loop
vertex -21.9146 -18.2842 -6.65116
vertex -23.6989 -14.7935 -12.0092
vertex -21.7721 -18.87 -10.1928
endloop
endfacet

facet normal 0.667546 -0.00184203 -0.744566
outer loop
vertex 23.6318 -0.691219 -45.6417
vertex 23.5012 3.66958 -45.7696
vertex 24.354 -1.35532 -44.9926
endloop
endfacet

facet normal 0.563346 0.603579 -0.564211
outer loop
vertex -27.2726 4.97638 -3.09916
vertex -29.1281 5.97488 -3.88366
vertex -26.1441 5.54748 -1.36146
endloop
endfacet

facet normal 0.489326 -0.784427 0.381097
outer loop
vertex -21.4574 -9.15662 -43.5545
vertex -16.7649 -6.54372 -44.2011
vertex -16.7753 -5.45702 -41.9511
endloop
endfacet

facet normal 0.80682 -0.366864 0.46309
outer loop
vertex 33.026 1.16248 12.1126
vertex 32.2236 -2.23052 10.8227
vertex 35.5436 -1.55652 5.57254
endloop
endfacet

facet normal 0.0874526 0.649608 0.755223
outer loop
vertex -7.27459 -24.0887 3.71294
vertex -10.0279 -23.7788 3.76534
vertex -6.98589 -24.5237 4.05374
endloop
endfacet

facet normal 0.728415 -0.52364 -0.441829
outer loop
vertex -24.3107 -0.631219 1.03374
vertex -26.2187 -1.91222 -0.593565
vertex -24.9516 -0.0638194 -0.695265
endloop
endfacet

facet normal -0.888318 -0.158708 -0.430931
outer loop
vertex -27.1008 3.48288 -35.9975
vertex -26.5466 -3.53072 -34.557
vertex -28.3773 1.32478 -32.5714
endloop
endfacet

facet normal -0.425636 -0.859066 0.284322
outer loop
vertex -10.5406 -24.1996 2.37654
vertex -15.1804 -23.1676 -1.45126
vertex -8.90709 -27.2947 -4.52996
endloop
endfacet

facet normal 0.402301 -0.816315 -0.414468
outer loop
vertex -35.2715 -4.65652 -2.32756
vertex -33.2981 -2.57332 -4.51506
vertex -33.2389 -4.29002 -1.07656
endloop
endfacet

facet normal 0.739353 -0.633062 0.229325
outer loop
vertex 6.26941 -14.883 25.512
vertex 7.80751 -13.5409 24.2582
vertex 7.32581 -13.4419 26.0844
endloop
endfacet

facet normal 0.357617 0.164364 0.91929
outer loop
vertex 2.22731 -24.4203 23.0204
vertex 2.84071 -24.0923 22.7231
vertex 2.60211 -23.4317 22.6978
endloop
endfacet

facet normal -0.618455 -0.769176 -0.160877
outer loop
vertex 35.479 -5.92962 -3.62606
vertex 34.1032 -5.14182 -2.10386
vertex 34.8317 -5.35512 -3.88486
endloop
endfacet

facet normal -0.0115498 0.14503 -0.98936
outer loop
vertex 12.5999 18.1814 -9.16966
vertex 12.6506 18.9025 -9.06456
vertex 13.2202 17.9097 -9.21676
endloop
endfacet

facet normal 0.838381 -0.54374 0.0382649
outer loop
vertex 4.08811 -21.4348 27.3772
vertex 3.61931 -22.4453 23.29
vertex 5.21181 -19.9189 24.2969
endloop
endfacet

facet normal -0.828658 -0.332208 -0.450515
outer loop
vertex -10.1278 -18.1645 19.8751
vertex -8.72109 -18.8357 17.7826
vertex -7.48929 -22.847 18.4749
endloop
endfacet

facet normal -0.751602 -0.419234 0.509251
outer loop
vertex -9.45979 17.736 25.826
vertex -7.93459 16.5566 27.106
vertex -9.28979 18.3089 26.5485
endloop
endfacet

facet normal 0.495542 -0.722522 0.482078
outer loop
vertex 22.7608 -11.6824 -47.9659
vertex 23.4734 -10.5333 -46.9763
vertex 21.9413 -11.7032 -47.1548
endloop
endfacet

facet normal 0.224983 -0.320412 0.920173
outer loop
vertex -19.1023 -10.647 -45.4749
vertex -19.4582 -7.96152 -44.4527
vertex -21.024 -8.83262 -44.3732
endloop
endfacet

facet normal 0.0857501 0.48492 -0.870344
outer loop
vertex -8.15659 24.3349 -7.13156
vertex -9.27269 22.8002 -8.09656
vertex -11.2844 22.9094 -8.23396
endloop
endfacet

facet normal -0.803147 -0.591512 -0.0711954
outer loop
vertex -7.92629 -18.4297 15.4126
vertex -9.23689 -17.0319 18.5828
vertex -10.4921 -15.2526 17.9607
endloop
endfacet

facet normal -0.146725 -0.96396 0.221932
outer loop
vertex -21.0921 -5.73302 12.5117
vertex -23.6243 -5.61292 11.3594
vertex -21.2796 -5.84612 11.8965
endloop
endfacet

facet normal -0.387428 0.404256 -0.828539
outer loop
vertex -44.4032 7.96458 -4.89176
vertex -40.8918 9.75648 -5.65946
vertex -44.2575 7.23158 -5.31756
endloop
endfacet

facet normal 0.821866 -0.487226 -0.295206
outer loop
vertex 37.8109 -4.87732 -13.882
vertex 38.1904 -3.45112 -15.1793
vertex 39.1144 -4.36842 -11.0928
endloop
endfacet

facet normal 0.290896 -0.599136 0.745932
outer loop
vertex 2.01661 -23.8512 22.5892
vertex 2.60211 -23.4317 22.6978
vertex 1.71111 -23.7402 22.7975
endloop
endfacet

facet normal 0.873492 -0.483982 0.0526547
outer loop
vertex -16.7171 -6.83732 -46.6581
vertex -18.5353 -10.2727 -48.0721
vertex -16.9883 -7.46142 -47.8941
endloop
endfacet

facet normal -0.68257 -0.665432 0.302156
outer loop
vertex 18.1138 5.72938 34.0083
vertex 18.2703 5.04828 32.8618
vertex 18.7207 4.13618 31.8705
endloop
endfacet

facet normal -0.563359 -0.30154 0.76922
outer loop
vertex -27.9023 -10.251 -47.266
vertex -26.8945 -11.4476 -46.997
vertex -26.9185 -9.56152 -46.2752
endloop
endfacet

facet normal -0.706915 -0.261317 0.657255
outer loop
vertex -5.80259 -2.89512 35.6737
vertex -6.06719 -4.23752 34.8554
vertex -3.09489 -4.44432 37.9701
endloop
endfacet

facet normal 0.506535 -0.412459 0.757166
outer loop
vertex -0.605893 -8.62962 34.2481
vertex 1.74221 -8.87332 32.5445
vertex 1.25901 -4.08752 35.4748
endloop
endfacet

facet normal 0.293764 -0.655469 -0.695747
outer loop
vertex 19.3035 -7.13722 -38.6163
vertex 16.4642 -8.55292 -38.4814
vertex 16.4451 -6.79042 -40.1499
endloop
endfacet

facet normal -0.63697 -0.621757 0.455728
outer loop
vertex -14.9167 -13.2093 16.0091
vertex -18.7747 -9.14582 16.1607
vertex -17.1944 -14.0489 11.68
endloop
endfacet

facet normal 0.209693 0.367057 0.906255
outer loop
vertex 18.2703 5.04828 32.8618
vertex 18.1445 5.57728 32.6766
vertex 17.6026 2.01508 34.2448
endloop
endfacet

facet normal 0.848719 0.126306 -0.51354
outer loop
vertex -33.7994 12.8321 4.58824
vertex -32.7419 8.87058 5.36154
vertex -35.3723 10.2848 1.36224
endloop
endfacet

facet normal -0.576558 0.143372 0.804379
outer loop
vertex -6.08579 -10.3809 33.8817
vertex -8.02249 -13.8551 33.1128
vertex -6.26339 -13.6154 34.331
endloop
endfacet

facet normal -0.173191 -0.483651 -0.857955
outer loop
vertex -3.67029 -18.0582 13.2587
vertex -2.54079 -18.4833 13.2703
vertex -5.74659 -17.8167 13.5417
endloop
endfacet

facet normal -0.050282 0.712042 0.700334
outer loop
vertex -5.04869 11.4742 31.2927
vertex -8.78779 11.3597 31.1406
vertex -10.4955 10.0825 32.3166
endloop
endfacet

facet normal 0.112538 0.881965 0.457681
outer loop
vertex 16.4526 -3.71432 35.2884
vertex 14.7483 -3.71222 35.7036
vertex 13.2247 -3.83932 36.3229
endloop
endfacet

facet normal -0.953827 0.2423 -0.177497
outer loop
vertex 31.8833 1.36608 11.4906
vertex 32.4429 3.56808 11.4898
vertex 32.6336 3.34268 10.1569
endloop
endfacet

facet normal -0.885771 0.454972 0.091706
outer loop
vertex -24.9787 8.80548 -40.527
vertex -25.5913 8.68778 -45.8607
vertex -27.3171 5.32208 -45.8324
endloop
endfacet

facet normal 0.715348 0.304535 0.628917
outer loop
vertex 24.8666 4.65988 -38.8133
vertex 23.012 7.98538 -38.3141
vertex 23.2535 3.79388 -36.5592
endloop
endfacet

facet normal 0.72071 0.0348206 0.692362
outer loop
vertex 23.6318 -0.691219 -45.6417
vertex 23.2284 -3.66182 -45.0724
vertex 24.8911 -4.96952 -46.7374
endloop
endfacet

facet normal 0.527105 -0.848713 0.0429641
outer loop
vertex 8.54101 -26.4932 -5.91386
vertex 6.60211 -27.868 -9.28446
vertex 13.5118 -23.6765 -11.2571
endloop
endfacet

facet normal 0.60527 0.416479 -0.678375
outer loop
vertex 41.0851 0.0411806 -10.2529
vertex 41.801 0.974381 -9.04106
vertex 41.9191 -0.251719 -9.68846
endloop
endfacet

facet normal 0.908742 -0.316239 -0.272361
outer loop
vertex -37.1659 -2.63812 13.126
vertex -36.521 -3.23502 15.9708
vertex -37.4679 -3.73472 13.3918
endloop
endfacet

facet normal -0.745721 0.535947 0.395804
outer loop
vertex -19.7928 18.3935 -9.08666
vertex -20.0837 18.7175 -10.0735
vertex -20.9193 17.4373 -9.91416
endloop
endfacet

facet normal 0.443173 -0.889755 0.109239
outer loop
vertex 31.6298 -6.35802 -15.0381
vertex 33.6109 -5.57832 -16.7244
vertex 32.8208 -5.72462 -14.7102
endloop
endfacet

facet normal 0.777595 0.501137 -0.379748
outer loop
vertex 17.3055 16.43 4.61074
vertex 18.3319 15.9177 6.03654
vertex 19.8834 11.5988 3.51394
endloop
endfacet

facet normal -0.723698 -0.623536 -0.295744
outer loop
vertex 22.4326 -2.85162 2.24424
vertex 23.5395 -5.13342 4.34664
vertex 22.4308 -4.28812 5.27744
endloop
endfacet

facet normal 0.985794 -0.16737 0.0140827
outer loop
vertex -6.27109 14.1475 28.5662
vertex -6.03369 15.5585 28.718
vertex -6.53219 12.7208 29.8879
endloop
endfacet

facet normal -0.00604727 -0.786431 -0.617648
outer loop
vertex -38.7288 -2.93032 -18.1745
vertex -39.5927 -3.40432 -17.5624
vertex -40.1946 -2.44112 -18.7829
endloop
endfacet

facet normal 0.586569 0.511979 0.627546
outer loop
vertex 12.5045 -5.35042 15.9425
vertex 14.5061 -4.36042 13.264
vertex 12.7705 -3.65012 14.3067
endloop
endfacet

facet normal -0.158402 0.665976 -0.728962
outer loop
vertex 36.6197 -0.172819 1.16254
vertex 37.8585 -1.50292 -0.321865
vertex 37.091 -1.74872 -0.379665
endloop
endfacet

facet normal -0.791445 0.226401 -0.567765
outer loop
vertex -16.0644 16.8756 24.9784
vertex -16.3957 17.2422 25.5863
vertex -15.7157 17.7393 24.8366
endloop
endfacet

facet normal 0.569943 -0.32392 0.755143
outer loop
vertex 6.35071 17.6991 25.5021
vertex 5.31041 18.4443 26.6069
vertex 4.10151 16.6979 26.7702
endloop
endfacet

facet normal 0.265856 0.667437 -0.695592
outer loop
vertex 13.8715 13.9076 -46.6881
vertex 17.2802 13.0155 -46.2413
vertex 16.5781 12.4141 -47.0867
endloop
endfacet

facet normal -0.737695 0.322672 0.593033
outer loop
vertex -27.6203 -6.50062 -45.821
vertex -28.3127 -6.30692 -46.7877
vertex -29.3506 -8.21872 -47.0386
endloop
endfacet

facet normal -0.677216 -0.0643118 -0.732968
outer loop
vertex 33.5111 -4.95812 -11.5722
vertex 32.6404 0.347381 -11.2332
vertex 34.5746 -4.14462 -12.6261
endloop
endfacet

facet normal 0.795777 0.0418717 -0.604141
outer loop
vertex -39.2664 10.3831 -3.94086
vertex -37.9497 9.07018 -2.29756
vertex -39.0434 8.57128 -3.77266
endloop
endfacet

facet normal -0.135129 0.224785 -0.964993
outer loop
vertex -42.3162 2.82788 -18.0716
vertex -39.326 0.911081 -18.9368
vertex -43.0494 1.38098 -18.306
endloop
endfacet

facet normal -0.364132 -0.87685 0.313914
outer loop
vertex 33.3411 -7.76282 -5.55516
vertex 30.8088 -6.03622 -3.66976
vertex 30.872 -6.94272 -6.12856
endloop
endfacet

facet normal 0.839697 -0.52765 0.128427
outer loop
vertex 39.6035 -3.24102 -9.65866
vertex 38.9859 -4.19492 -9.53956
vertex 39.1144 -4.36842 -11.0928
endloop
endfacet

facet normal 0.324762 0.367999 0.871267
outer loop
vertex -8.78779 11.3597 31.1406
vertex -10.1536 12.4212 31.2013
vertex -10.4955 10.0825 32.3166
endloop
endfacet

facet normal 0.533732 -0.618261 0.57696
outer loop
vertex 19.7028 -8.03172 -43.5877
vertex 22.9469 -4.99822 -43.338
vertex 21.4676 -3.09882 -39.9342
endloop
endfacet

facet normal 0.687934 0.0625295 0.723075
outer loop
vertex 12.123 15.6124 24.3054
vertex 11.184 16.5067 25.1214
vertex 10.6715 15.5208 25.6943
endloop
endfacet

facet normal 0.907924 -0.315357 -0.276087
outer loop
vertex 39.5582 -3.06012 -11.1278
vertex 39.1144 -4.36842 -11.0928
vertex 38.1904 -3.45112 -15.1793
endloop
endfacet

facet normal -0.361983 0.31882 0.875969
outer loop
vertex -5.34839 -14.641 35.0824
vertex -6.26339 -13.6154 34.331
vertex -5.95859 -14.807 34.8906
endloop
endfacet

facet normal 0.338591 0.932565 0.125216
outer loop
vertex -42.1665 6.72538 -18.5088
vertex -43.3315 7.01428 -17.5108
vertex -42.3392 6.52808 -16.5726
endloop
endfacet

facet normal 0.0635331 -0.977474 -0.201267
outer loop
vertex 36.8585 -5.60062 -10.6699
vertex 35.6016 -5.17092 -13.1538
vertex 37.8109 -4.87732 -13.882
endloop
endfacet

facet normal -0.91055 -0.31954 0.262284
outer loop
vertex -26.3264 0.433881 -15.78
vertex -27.622 1.80518 -18.607
vertex -27.0227 -1.46182 -20.5066
endloop
endfacet

facet normal 0.693354 0.439974 0.570687
outer loop
vertex -0.988193 -16.5663 36.425
vertex -1.93319 -16.2192 37.3054
vertex -1.35039 -17.3221 37.4477
endloop
endfacet

facet normal -0.182984 0.402617 0.896893
outer loop
vertex -9.18209 23.7125 -8.48766
vertex -9.27269 22.8002 -8.09656
vertex -7.47189 22.7825 -7.72126
endloop
endfacet

facet normal -7.57313e-05 0.998703 -0.0509124
outer loop
vertex 33.4328 7.52388 -5.69106
vertex 35.2023 7.49058 -6.34566
vertex 36.089 7.20028 -12.0412
endloop
endfacet

facet normal -0.825842 0.0141077 0.563725
outer loop
vertex -25.3006 6.09978 -0.139665
vertex -26.3922 9.74338 -1.82996
vertex -26.1441 5.54748 -1.36146
endloop
endfacet

facet normal 0.585633 0.326102 -0.742086
outer loop
vertex 36.406 2.05958 -19.0773
vertex 37.1814 2.76928 -18.1536
vertex 37.2828 1.93858 -18.4386
endloop
endfacet

facet normal -0.763048 -0.173297 0.622676
outer loop
vertex 13.9562 -10.0448 -46.5065
vertex 14.3885 -12.7447 -46.7282
vertex 14.922 -10.8149 -45.5374
endloop
endfacet

facet normal 0.48952 -0.0159165 0.871847
outer loop
vertex 17.0634 -0.476219 35.3375
vertex 16.8008 2.24748 35.5347
vertex 15.5365 1.06288 36.2229
endloop
endfacet

facet normal 0.0556039 -0.548562 0.834259
outer loop
vertex -24.9817 -13.3634 -47.4024
vertex -23.1706 -12.5592 -46.9942
vertex -22.9943 -10.0835 -45.3781
endloop
endfacet

facet normal -0.625792 0.639951 -0.445923
outer loop
vertex 29.9476 -5.04872 3.46554
vertex 29.6374 -7.12452 0.921835
vertex 28.4392 -7.24992 2.42344
endloop
endfacet

facet normal 0.92038 -0.385969 -0.0626702
outer loop
vertex 11.7831 11.6235 28.0951
vertex 12.773 14.2351 26.5488
vertex 12.1965 12.4931 28.8111
endloop
endfacet

facet normal -0.124935 0.87343 0.47065
outer loop
vertex -13.1246 20.9428 17.5062
vertex -10.8089 18.4019 22.8363
vertex -10.0942 20.1028 19.8695
endloop
endfacet

facet normal -0.759599 -0.0818702 -0.645218
outer loop
vertex -15.8601 19.2585 17.7477
vertex -15.5283 20.3586 17.2175
vertex -15.2946 20.1438 16.9696
endloop
endfacet

facet normal 0.0292526 -0.993698 0.108206
outer loop
vertex 28.5323 -8.14912 3.10254
vertex 27.0998 -7.81802 6.52984
vertex 26.4244 -7.87772 6.16464
endloop
endfacet

facet normal 0.693952 0.454854 -0.558157
outer loop
vertex 20.8571 8.69138 -40.6071
vertex 21.5689 9.96218 -38.6867
vertex 25.2841 2.10348 -40.4717
endloop
endfacet

facet normal -0.307735 -0.92661 0.216085
outer loop
vertex 17.5028 -14.7024 -46.4947
vertex 15.1844 -13.9732 -46.6694
vertex 16.5723 -14.7524 -48.0343
endloop
endfacet

facet normal -0.469828 -0.761886 -0.44586
outer loop
vertex -11.93 -25.8137 -16.4212
vertex -15.6489 -24.1106 -15.4127
vertex -11.7926 -24.6964 -18.4751
endloop
endfacet

facet normal -0.658239 -0.285583 -0.696537
outer loop
vertex 16.3338 -2.13792 8.38594
vertex 17.6441 -1.50952 6.89014
vertex 17.9258 -3.25172 7.33814
endloop
endfacet

facet normal 0.495808 0.750406 -0.437109
outer loop
vertex 29.5332 -4.74502 -7.97986
vertex 30.5174 -5.83632 -8.73696
vertex 29.3754 -5.84492 -10.0471
endloop
endfacet

facet normal 0.866434 0.245657 0.434678
outer loop
vertex 33.139 4.43478 6.73844
vertex 35.2744 2.11168 3.79484
vertex 33.8364 5.30558 4.85624
endloop
endfacet

facet normal -0.964238 -0.111062 0.240647
outer loop
vertex 30.2946 -6.19802 -9.79686
vertex 30.5174 -5.83632 -8.73696
vertex 30.2379 -4.82292 -9.38946
endloop
endfacet

facet normal 0.0854012 -0.487006 0.869213
outer loop
vertex 17.6484 -10.2018 -45.2422
vertex 18.7606 -9.60732 -45.0183
vertex 18.3493 -8.44622 -44.3274
endloop
endfacet

facet normal 0.907502 -0.00827004 0.419966
outer loop
vertex 18.7207 4.13618 31.8705
vertex 18.2703 5.04828 32.8618
vertex 17.6026 2.01508 34.2448
endloop
endfacet

facet normal 0.749614 0.641496 0.162977
outer loop
vertex 7.37271 -12.9661 23.996
vertex 7.32581 -13.4419 26.0844
vertex 7.80751 -13.5409 24.2582
endloop
endfacet

facet normal -0.884507 -0.271323 0.379513
outer loop
vertex -10.7201 -10.782 28.2373
vertex -11.1542 -12.8128 25.7736
vertex -9.87799 -11.593 29.6201
endloop
endfacet

facet normal -0.0978482 -0.993581 -0.056765
outer loop
vertex 25.0374 -5.82892 7.67774
vertex 24.2772 -5.92492 10.6693
vertex 24.2168 -5.73312 7.41554
endloop
endfacet

facet normal 0.342976 0.910465 -0.231129
outer loop
vertex 21.8368 12.5856 8.34194
vertex 25.188 11.1949 7.83644
vertex 24.9666 10.6866 5.50584
endloop
endfacet

facet normal 0.776159 -0.579817 0.247769
outer loop
vertex 2.23001 -24.9592 20.2886
vertex 3.44241 -23.2862 20.4059
vertex 2.60211 -23.4317 22.6978
endloop
endfacet

facet normal 0.884286 -0.294483 -0.36238
outer loop
vertex 33.5111 -4.95812 -11.5722
vertex 33.9067 -5.83682 -9.89276
vertex 33.1465 -7.20672 -10.6347
endloop
endfacet

facet normal 0.487046 0.873365 -0.00454972
outer loop
vertex 10.4664 17.8762 24.5596
vertex 11.0769 17.5361 24.6218
vertex 10.8722 17.6357 21.832
endloop
endfacet

facet normal 0.566003 0.603356 -0.561785
outer loop
vertex -12.6581 8.09928 -38.4913
vertex -16.6983 12.6984 -37.6224
vertex -13.0895 10.6999 -36.1328
endloop
endfacet

facet normal 0.548821 0.562784 0.618118
outer loop
vertex 15.7799 -7.29322 14.8033
vertex 14.5061 -4.36042 13.264
vertex 12.5045 -5.35042 15.9425
endloop
endfacet

facet normal 0.753075 -0.568886 -0.330525
outer loop
vertex -0.168093 -24.2318 25.9638
vertex -0.558593 -24.1702 24.9683
vertex 0.446507 -23.1351 25.4766
endloop
endfacet

facet normal -0.182985 -0.726338 0.662533
outer loop
vertex 30.3527 -2.42792 -15.8866
vertex 31.4403 -3.25532 -16.4933
vertex 31.4821 -1.87522 -14.9687
endloop
endfacet

facet normal 0.171053 0.662132 0.729604
outer loop
vertex 15.3509 7.60968 32.7906
vertex 13.9446 8.30658 32.4879
vertex 14.3337 6.95748 33.621
endloop
endfacet

facet normal 0.136101 0.959224 -0.247723
outer loop
vertex -35.3723 10.2848 1.36224
vertex -34.1 8.81178 -3.64266
vertex -36.6516 9.96448 -0.580965
endloop
endfacet

facet normal -0.0811553 0.763969 -0.640129
outer loop
vertex -36.0188 8.15988 -3.68786
vertex -34.5555 8.36358 -3.63026
vertex -34.4643 7.20938 -5.01926
endloop
endfacet

facet normal 0.94195 -0.317175 0.110141
outer loop
vertex 16.3338 -2.13792 8.38594
vertex 15.5637 -3.70702 10.453
vertex 16.0369 -3.15832 7.98694
endloop
endfacet

facet normal 0.0379153 0.00118524 -0.99928
outer loop
vertex 7.94801 18.3863 24.4646
vertex 9.48341 19.0379 24.5237
vertex 10.4664 17.8762 24.5596
endloop
endfacet

facet normal -0.569801 -0.821729 0.00945907
outer loop
vertex -6.62919 -15.2558 33.5154
vertex -4.43159 -16.7803 33.4607
vertex -5.56299 -15.9795 34.8746
endloop
endfacet

facet normal -0.162138 0.779584 -0.604946
outer loop
vertex 8.04761 -16.5976 -19.4621
vertex 11.2583 -15.7531 -19.2342
vertex 5.65781 -17.5244 -20.0158
endloop
endfacet

facet normal -0.754785 0.195084 0.626292
outer loop
vertex 2.22731 -24.4203 23.0204
vertex 2.01661 -23.8512 22.5892
vertex 1.66681 -24.3055 22.3092
endloop
endfacet

facet normal 0.116404 -0.992876 -0.0254265
outer loop
vertex -33.7066 -5.06562 3.61704
vertex -35.1538 -5.20482 2.42544
vertex -32.9822 -4.87402 -0.548165
endloop
endfacet

facet normal 0.404324 0.914059 -0.0318957
outer loop
vertex -40.3662 7.32438 -5.62286
vertex -38.7117 6.49068 -8.54316
vertex -40.736 7.42248 -7.49896
endloop
endfacet

facet normal 0.292893 -0.945833 -0.140045
outer loop
vertex 20.2232 -13.1161 -48.3203
vertex 21.4865 -12.8025 -47.7961
vertex 20.4605 -13.2076 -47.2063
endloop
endfacet

facet normal 0.286624 0.706301 0.647291
outer loop
vertex 10.8623 20.3953 17.4024
vertex 8.96581 21.153 17.4154
vertex 9.00821 20.3915 18.2276
endloop
endfacet

facet normal -0.743963 -0.445189 0.498323
outer loop
vertex -39.5208 -3.11252 14.7536
vertex -38.1175 -3.37692 16.6125
vertex -38.4031 -2.48362 16.9841
endloop
endfacet

facet normal -0.0874665 0.764271 -0.638936
outer loop
vertex 18.2715 11.0997 5.14004
vertex 21.2079 11.4144 5.11454
vertex 19.4043 10.4718 4.23394
endloop
endfacet

facet normal -0.909386 0.294365 -0.293882
outer loop
vertex 35.1314 5.05348 3.12794
vertex 35.7352 5.85198 2.05934
vertex 35.4518 5.25998 2.34334
endloop
endfacet

facet normal -0.028568 -0.981081 0.191476
outer loop
vertex -39.4272 -4.13902 10.9315
vertex -41.0129 -3.72922 12.7946
vertex -41.9512 -4.35022 9.47304
endloop
endfacet

facet normal -0.176939 0.881179 0.438425
outer loop
vertex -1.70319 -25.3719 22.7229
vertex 0.129307 -25.26 23.2377
vertex 1.33461 -24.0587 21.3095
endloop
endfacet

facet normal -0.716721 -0.68059 0.152013
outer loop
vertex 1.17661 -23.5061 26.1567
vertex 0.744207 -22.8375 27.1114
vertex 0.379007 -22.5956 26.4724
endloop
endfacet

facet normal 0.138189 0.972857 0.185618
outer loop
vertex -11.5563 19.9207 26.0763
vertex -8.98409 19.3997 26.8919
vertex -8.65359 19.525 25.9892
endloop
endfacet

facet normal -0.693434 -0.707746 0.13507
outer loop
vertex -18.1642 -22.8054 -10.5986
vertex -16.8642 -23.1158 -5.55096
vertex -20.7064 -18.7976 -2.64936
endloop
endfacet

facet normal 0.637205 -0.566151 -0.522917
outer loop
vertex -35.7962 -4.16682 -5.83386
vertex -35.348 -3.19412 -6.34096
vertex -33.2981 -2.57332 -4.51506
endloop
endfacet

facet normal -0.716102 0.386248 0.581386
outer loop
vertex -13.6575 11.7404 30.7374
vertex -15.0599 10.7512 29.6672
vertex -13.9661 9.82758 31.628
endloop
endfacet

facet normal 0.738287 -0.231793 -0.633407
outer loop
vertex 16.1773 -18.4807 -17.309
vertex 14.6249 -17.7749 -19.3768
vertex 18.0263 -13.663 -16.9169
endloop
endfacet

facet normal 0.899495 -0.101281 0.42503
outer loop
vertex -16.8869 -4.15152 -45.6586
vertex -17.2014 -5.48092 -45.3099
vertex -16.7171 -6.83732 -46.6581
endloop
endfacet

facet normal -0.33659 -0.876127 0.345121
outer loop
vertex -4.46199 -23.2213 29.4305
vertex -6.91159 -22.8831 27.9
vertex -3.53739 -24.272 27.6649
endloop
endfacet

facet normal -0.059634 0.0113056 -0.998156
outer loop
vertex -29.6686 -4.97652 -48.6591
vertex -20.3672 3.14898 -49.1227
vertex -23.1163 -10.388 -49.1118
endloop
endfacet

facet normal -0.930941 0.111407 -0.347761
outer loop
vertex -38.9559 -5.20142 -11.7153
vertex -38.144 -3.48062 -13.3373
vertex -38.7025 -6.37212 -12.7687
endloop
endfacet

facet normal -0.267983 0.0587202 0.961632
outer loop
vertex 32.2938 4.17228 10.0741
vertex 31.4177 4.15858 9.83084
vertex 31.5255 2.08808 9.98734
endloop
endfacet

facet normal 0.42042 -0.319597 -0.849179
outer loop
vertex -36.1227 -5.20792 -13.4442
vertex -37.6041 -4.49322 -14.4466
vertex -35.8147 -3.69562 -13.8609
endloop
endfacet

facet normal -0.632625 0.617795 -0.467027
outer loop
vertex 26.2423 -7.05602 5.82934
vertex 29.5579 -4.51542 4.69894
vertex 29.9476 -5.04872 3.46554
endloop
endfacet

facet normal -0.914542 0.0675575 -0.39881
outer loop
vertex 4.61221 2.32318 -35.5167
vertex 6.02901 2.68028 -38.7053
vertex 5.89811 0.715081 -38.7379
endloop
endfacet

facet normal -0.545153 0.80438 0.236181
outer loop
vertex -17.0407 16.8251 20.7637
vertex -16.4178 16.7012 22.6235
vertex -15.6998 17.3908 21.9318
endloop
endfacet

facet normal -0.0751187 -0.990164 0.118036
outer loop
vertex -1.84459 -21.9791 23.2382
vertex -5.70839 -21.8809 21.6028
vertex -2.15969 -22.1139 21.9068
endloop
endfacet

facet normal -0.754407 0.290228 0.58876
outer loop
vertex -9.87799 -11.593 29.6201
vertex -8.02249 -13.8551 33.1128
vertex -6.08579 -10.3809 33.8817
endloop
endfacet

facet normal 0.680793 0.449727 0.578158
outer loop
vertex 12.7705 -3.65012 14.3067
vertex 11.9613 -3.00992 14.7615
vertex 12.5045 -5.35042 15.9425
endloop
endfacet

facet normal 0.131339 0.692052 0.709798
outer loop
vertex 2.50061 12.3603 30.1615
vertex 1.30051 14.2328 28.5578
vertex 0.876807 11.9192 30.892
endloop
endfacet

facet normal 0.991783 0.0601851 0.112888
outer loop
vertex 31.4177 4.15858 9.83084
vertex 30.6608 10.2043 13.2571
vertex 31.5255 2.08808 9.98734
endloop
endfacet

facet normal -0.253283 0.351593 -0.901238
outer loop
vertex -21.9383 15.264 -9.70456
vertex -19.7928 18.3935 -9.08666
vertex -20.6133 16.8597 -9.45446
endloop
endfacet

facet normal 0.289953 0.698034 0.654734
outer loop
vertex 10.8623 20.3953 17.4024
vertex 9.00821 20.3915 18.2276
vertex 11.7919 19.2328 18.2301
endloop
endfacet

facet normal -0.775612 -0.371044 0.510639
outer loop
vertex -23.8415 12.0181 6.40244
vertex -21.8899 12.4981 9.71554
vertex -24.6208 13.9537 6.62534
endloop
endfacet

facet normal 0.185079 0.768254 0.612806
outer loop
vertex 13.2247 -3.83932 36.3229
vertex 14.7483 -3.71222 35.7036
vertex 13.3862 -3.00132 35.2237
endloop
endfacet

facet normal 0.150279 0.541236 -0.827333
outer loop
vertex 18.8684 11.0186 -11.0405
vertex 19.7892 12.9932 -9.58146
vertex 22.564 8.02288 -12.329
endloop
endfacet

facet normal 0.400106 0.307509 -0.863339
outer loop
vertex -2.64409 8.43228 -27.778
vertex -3.37859 16.2685 -25.3272
vertex -0.718093 14.8061 -24.6151
endloop
endfacet

facet normal 0.0671024 0.989089 0.13115
outer loop
vertex 35.6187 7.23858 -4.65846
vertex 35.2023 7.49058 -6.34566
vertex 33.4328 7.52388 -5.69106
endloop
endfacet

facet normal -0.268848 0.544023 -0.794834
outer loop
vertex 0.0191074 23.117 -6.67826
vertex 3.71701 24.5945 -6.91776
vertex 1.55421 22.9677 -7.29976
endloop
endfacet

facet normal -0.957607 -0.150288 -0.245769
outer loop
vertex 14.3885 -12.7447 -46.7282
vertex 14.3034 -10.1602 -47.9771
vertex 14.8431 -13.0502 -48.3129
endloop
endfacet

facet normal -0.567861 0.069989 -0.820143
outer loop
vertex 30.4878 -4.66482 -15.9541
vertex 31.4403 -3.25532 -16.4933
vertex 32.5386 -4.96802 -17.3999
endloop
endfacet

facet normal -0.908438 0.413861 0.0588141
outer loop
vertex -26.9991 7.02228 -14.6405
vertex -24.0178 13.1201 -11.4997
vertex -26.2714 9.95898 -24.0658
endloop
endfacet

facet normal 0.548757 -0.799495 0.244283
outer loop
vertex 19.081 -7.15402 -36.6364
vertex 17.3777 -8.33012 -36.6596
vertex 17.215 -8.77972 -37.7654
endloop
endfacet

facet normal -0.234825 -0.969609 -0.068663
outer loop
vertex -5.61239 -22.6738 27.2085
vertex -8.38869 -21.9737 26.8171
vertex -7.29529 -22.2317 26.7208
endloop
endfacet

facet normal -0.139768 -0.843853 -0.518051
outer loop
vertex -6.91159 -22.8831 27.9
vertex -8.38869 -21.9737 26.8171
vertex -5.61239 -22.6738 27.2085
endloop
endfacet

facet normal -0.361041 0.390792 0.846718
outer loop
vertex 14.3631 2.18088 36.1618
vertex 12.8254 3.97698 34.6772
vertex 12.3609 2.01258 35.3858
endloop
endfacet

facet normal 0.874863 0.14822 0.461135
outer loop
vertex 25.329 -4.27642 -47.791
vertex 24.8911 -4.96952 -46.7374
vertex 25.467 -6.01922 -47.4927
endloop
endfacet

facet normal 0.294424 0.0133159 -0.955582
outer loop
vertex -17.9352 8.17328 -48.954
vertex -16.4355 11.2898 -48.4485
vertex -14.6531 8.05228 -47.9444
endloop
endfacet

facet normal -0.579448 -0.730284 0.361837
outer loop
vertex -28.4675 -9.67522 -47.0091
vertex -29.1278 -9.52062 -47.7543
vertex -27.9023 -10.251 -47.266
endloop
endfacet

facet normal -0.321744 -0.945334 0.0531442
outer loop
vertex -27.9958 -2.81292 12.3255
vertex -29.2906 -2.48962 10.2381
vertex -26.8031 -3.39212 9.24484
endloop
endfacet

facet normal 0.353487 -0.619059 0.701294
outer loop
vertex -2.25669 -8.92212 34.822
vertex -0.605893 -8.62962 34.2481
vertex -1.39519 -4.82292 38.0063
endloop
endfacet

facet normal -0.531446 0.365568 0.76415
outer loop
vertex 1.57721 -13.9017 35.4277
vertex 1.52761 -11.6533 34.3176
vertex 0.860707 -14.0138 34.983
endloop
endfacet

facet normal 0.247081 0.932092 -0.264867
outer loop
vertex 7.06471 -12.69 20.0897
vertex 8.52771 -13.2472 19.4934
vertex 7.20131 -13.1785 18.4978
endloop
endfacet

facet normal -0.16489 -0.34517 0.923942
outer loop
vertex 20.4605 -13.2076 -47.2063
vertex 21.2168 -12.1408 -46.6728
vertex 20.5002 -10.8987 -46.3367
endloop
endfacet

facet normal -0.074221 0.26587 -0.961148
outer loop
vertex -13.5714 -13.6587 -18.5473
vertex -10.7777 -14.0848 -18.8809
vertex -12.0142 -17.0579 -19.6079
endloop
endfacet

facet normal -0.463406 0.0681434 0.883522
outer loop
vertex 12.8153 0.508181 35.463
vertex 13.3631 -1.32292 35.8916
vertex 14.6145 0.564781 36.4023
endloop
endfacet

facet normal 0.48081 -0.835776 -0.265142
outer loop
vertex 17.5551 -8.17462 -26.6347
vertex 20.8729 -4.96362 -30.7399
vertex 15.0668 -11.5524 -20.4997
endloop
endfacet

facet normal -0.642264 -0.0605626 0.764087
outer loop
vertex -8.98409 19.3997 26.8919
vertex -9.28979 18.3089 26.5485
vertex -7.42589 17.9681 28.0882
endloop
endfacet

facet normal -0.0681631 -0.799754 0.596445
outer loop
vertex -3.09699 -25.1176 25.9461
vertex -1.74079 -25.3293 25.8172
vertex -2.61729 -24.3574 27.0203
endloop
endfacet

facet normal 0.979178 -0.195051 0.0562641
outer loop
vertex 23.8664 1.84468 -26.97
vertex 23.3051 1.67318 -17.7956
vertex 23.3363 -0.494519 -25.8532
endloop
endfacet

facet normal -0.282896 0.953832 0.100869
outer loop
vertex 30.2379 -4.82292 -9.38946
vertex 31.9928 -4.12902 -11.0286
vertex 30.0782 -4.71032 -10.9019
endloop
endfacet

facet normal 0.548329 0.619737 -0.561482
outer loop
vertex -39.1979 -0.421419 -18.2146
vertex -37.227 -0.500219 -16.3768
vertex -36.4165 -1.35682 -16.5308
endloop
endfacet

facet normal -0.160049 -0.901407 -0.402306
outer loop
vertex -2.04229 -28.0399 19.9994
vertex -4.03579 -27.5862 19.7758
vertex -3.18519 -27.2859 18.7647
endloop
endfacet

facet normal -0.975511 -0.0741207 0.207086
outer loop
vertex -7.66209 15.0374 27.8462
vertex -7.46929 15.4911 28.9168
vertex -7.93459 16.5566 27.106
endloop
endfacet

facet normal -0.213642 -0.786072 0.580042
outer loop
vertex -6.98589 -20.0073 9.31074
vertex -11.9072 -20.1652 7.28424
vertex -9.68969 -23.3613 3.76974
endloop
endfacet

facet normal 0.452466 -0.523565 -0.72191
outer loop
vertex 23.2284 -3.66182 -45.0724
vertex 22.3928 -5.69842 -44.1191
vertex 21.8471 -5.39932 -44.678
endloop
endfacet

facet normal -0.108999 -0.915155 0.388085
outer loop
vertex 17.3777 -8.33012 -36.6596
vertex 15.1273 -8.25332 -37.1103
vertex 17.215 -8.77972 -37.7654
endloop
endfacet

facet normal -0.201143 0.207272 0.957382
outer loop
vertex 35.1314 5.05348 3.12794
vertex 35.2744 2.11168 3.79484
vertex 36.1322 3.09498 3.76224
endloop
endfacet

facet normal -0.395282 -0.918216 0.0251253
outer loop
vertex -21.5994 -7.53572 -31.2343
vertex -22.9855 -7.00022 -33.4713
vertex -20.1945 -8.19872 -33.3622
endloop
endfacet

facet normal -0.153961 0.901635 -0.404167
outer loop
vertex -13.0788 25.8655 -3.68306
vertex -8.87339 25.4593 -6.19146
vertex -14.9628 24.6328 -5.71536
endloop
endfacet

facet normal 0.753209 -0.608769 0.249151
outer loop
vertex 5.97711 -15.6368 27.0492
vertex 5.79251 -16.3776 25.7974
vertex 6.43181 -15.4021 26.2483
endloop
endfacet

facet normal -0.812694 -0.322792 -0.485112
outer loop
vertex -25.5039 -2.86382 -36.7474
vertex -24.5482 -5.02452 -36.9108
vertex -26.5466 -3.53072 -34.557
endloop
endfacet

facet normal -0.334049 -0.6877 0.644578
outer loop
vertex -22.2497 -6.16282 -40.7709
vertex -23.462 -8.32612 -43.7073
vertex -21.4574 -9.15662 -43.5545
endloop
endfacet

facet normal 0.658601 -0.341458 -0.67056
outer loop
vertex 14.3337 6.95748 33.621
vertex 14.7957 6.65268 34.23
vertex 14.5573 6.11038 34.272
endloop
endfacet

facet normal -0.807479 -0.390582 0.442067
outer loop
vertex -25.2878 -5.04612 -38.2808
vertex -24.5482 -5.02452 -36.9108
vertex -25.5039 -2.86382 -36.7474
endloop
endfacet

facet normal -0.347114 -0.53794 -0.768201
outer loop
vertex -2.11549 -25.6632 17.145
vertex -3.18519 -27.2859 18.7647
vertex -5.92269 -22.6945 16.7864
endloop
endfacet

facet normal 0.682138 -0.48056 0.551135
outer loop
vertex 5.52521 -17.3863 27.7935
vertex 4.22301 -17.614 29.2066
vertex 4.22281 -18.3398 28.574
endloop
endfacet

facet normal 0.907121 0.37881 -0.1834
outer loop
vertex 11.2485 -6.26532 32.4241
vertex 11.5821 -7.42582 31.677
vertex 11.1492 -6.35252 31.753
endloop
endfacet

facet normal -0.0562489 0.98692 0.151077
outer loop
vertex -1.86389 25.5196 0.116335
vertex 4.44941 25.6223 1.79584
vertex 4.36221 26.337 -2.90546
endloop
endfacet

facet normal -0.999756 -0.017255 -0.013757
outer loop
vertex -10.1599 -14.5009 29.0477
vertex -10.1744 -14.4858 30.0804
vertex -10.1441 -13.782 26.997
endloop
endfacet

facet normal 0.665598 -0.239888 -0.706706
outer loop
vertex -36.4165 -1.35682 -16.5308
vertex -38.7288 -2.93032 -18.1745
vertex -38.6709 -1.56792 -18.5824
endloop
endfacet

facet normal 0.625401 -0.753396 0.203146
outer loop
vertex -31.0377 -4.40622 -0.183365
vertex -30.1598 -3.67992 -0.192865
vertex -31.2591 -4.02502 1.91154
endloop
endfacet

facet normal 0.806697 -0.157471 0.569599
outer loop
vertex -19.1023 -10.647 -45.4749
vertex -18.8399 -12.9978 -46.4964
vertex -18.1474 -10.1054 -46.6775
endloop
endfacet

facet normal 0.924005 0.24245 0.295692
outer loop
vertex -40.8994 3.08718 -16.776
vertex -41.5804 3.78558 -15.2205
vertex -40.3974 -1.23152 -14.8034
endloop
endfacet

facet normal -0.142281 0.194061 -0.970617
outer loop
vertex -10.7777 -14.0848 -18.8809
vertex -9.17799 -15.1457 -19.3275
vertex -9.88409 -17.1704 -19.6289
endloop
endfacet

facet normal -0.479831 -0.864866 0.147543
outer loop
vertex 32.8106 -7.10372 -3.41726
vertex 30.8088 -6.03622 -3.66976
vertex 33.3411 -7.76282 -5.55516
endloop
endfacet

facet normal -0.825677 -0.50176 0.257864
outer loop
vertex -19.6738 -10.3969 10.8474
vertex -17.1944 -14.0489 11.68
vertex -18.7747 -9.14582 16.1607
endloop
endfacet

facet normal 0.394535 0.295157 -0.870186
outer loop
vertex -6.63339 4.68118 -31.1149
vertex -6.47619 7.89538 -29.9535
vertex -5.07889 5.01308 -30.2975
endloop
endfacet

facet normal -0.168817 0.976478 -0.134133
outer loop
vertex 17.9124 2.00128 34.6121
vertex 17.4268 2.11208 36.0301
vertex 19.1169 2.11338 33.9122
endloop
endfacet

facet normal 0.69524 -0.561125 -0.449199
outer loop
vertex 2.18931 -23.4153 26.4849
vertex 1.66121 -23.0094 25.1607
vertex 2.61021 -22.2727 25.7092
endloop
endfacet

facet normal -0.556741 -0.816417 0.153307
outer loop
vertex -26.2199 -12.014 -47.5635
vertex -26.8945 -11.4476 -46.997
vertex -27.5397 -11.2298 -48.1802
endloop
endfacet

facet normal -0.208276 -0.957411 0.199964
outer loop
vertex -7.29529 -22.2317 26.7208
vertex -8.38869 -21.9737 26.8171
vertex -6.65409 -22.6937 25.1764
endloop
endfacet

facet normal 0.838774 0.088909 0.537172
outer loop
vertex 22.8635 -4.42742 -45.1261
vertex 23.9619 -7.79122 -46.2844
vertex 24.0381 -5.88842 -46.7183
endloop
endfacet

facet normal -0.319334 -0.0958416 0.942783
outer loop
vertex -3.15109 0.327581 36.8994
vertex -5.23229 3.61928 36.5291
vertex -5.80259 -2.89512 35.6737
endloop
endfacet

facet normal 0.232067 0.309915 0.922007
outer loop
vertex 0.121807 -15.8094 35.7726
vertex 0.860707 -14.0138 34.983
vertex -1.01479 -15.273 35.8783
endloop
endfacet

facet normal -0.127701 -0.36941 0.92045
outer loop
vertex -1.86959 -17.6964 33.7437
vertex -4.90089 -19.531 32.5869
vertex -2.31689 -20.8274 32.4251
endloop
endfacet

facet normal 0.253007 0.274785 0.927621
outer loop
vertex 12.8254 3.97698 34.6772
vertex 11.1088 4.35868 35.0323
vertex 12.3609 2.01258 35.3858
endloop
endfacet

facet normal -0.393647 0.628667 -0.670686
outer loop
vertex -17.2808 20.8218 -8.79816
vertex -21.4661 20.8866 -6.28096
vertex -15.5916 22.7403 -7.99136
endloop
endfacet

facet normal 0.0684439 0.641711 0.763886
outer loop
vertex -22.5329 -13.1526 -13.4921
vertex -24.0796 -12.0136 -14.3103
vertex -23.6989 -14.7935 -12.0092
endloop
endfacet

facet normal 0.848228 0.153943 0.506764
outer loop
vertex 37.7137 1.72348 -0.313865
vertex 36.8885 4.71278 0.159335
vertex 37.2393 1.71978 0.481435
endloop
endfacet

facet normal -0.0120729 0.622799 0.782289
outer loop
vertex -5.04869 11.4742 31.2927
vertex -10.4955 10.0825 32.3166
vertex -6.23859 7.70248 34.277
endloop
endfacet

facet normal 0.340395 -0.347156 -0.87385
outer loop
vertex -8.19769 16.3394 26.8725
vertex -9.19339 16.7299 26.3295
vertex -9.45979 17.736 25.826
endloop
endfacet

facet normal -0.289708 -0.940312 -0.178555
outer loop
vertex 25.6017 -4.80122 3.68314
vertex 24.5425 -4.28632 2.68994
vertex 27.3772 -4.76892 0.632235
endloop
endfacet

facet normal 0.24158 0.404952 0.881846
outer loop
vertex 5.75041 16.6994 26.1256
vertex 6.35071 17.6991 25.5021
vertex 5.74761 17.1399 25.9241
endloop
endfacet

facet normal -0.103616 0.0430889 0.993684
outer loop
vertex 29.5987 2.54488 13.7946
vertex 30.8248 3.56108 13.8784
vertex 30.0644 9.39098 13.5463
endloop
endfacet

facet normal 0.882488 -0.440738 0.164211
outer loop
vertex 24.7765 1.43778 -39.5303
vertex 24.4334 -0.172719 -42.0089
vertex 25.2841 2.10348 -40.4717
endloop
endfacet

facet normal -0.736706 0.309122 0.601421
outer loop
vertex -19.803 -7.58672 14.3744
vertex -18.0561 -5.05082 15.2108
vertex -19.3422 -5.58462 13.9098
endloop
endfacet

facet normal -0.140543 0.799974 -0.583343
outer loop
vertex -11.342 19.9893 24.9791
vertex -11.4853 19.4941 24.3344
vertex -13.9699 19.1673 24.4848
endloop
endfacet

facet normal 0.85911 0.0126548 -0.511635
outer loop
vertex 5.75001 -18.1851 20.1254
vertex 3.97411 -19.2366 17.1174
vertex 5.00991 -16.9765 18.9126
endloop
endfacet

facet normal 0.722392 -0.221623 0.655006
outer loop
vertex 21.9787 2.57618 -15.1226
vertex 22.8966 3.56998 -15.7987
vertex 21.9622 4.62658 -14.4107
endloop
endfacet

facet normal -0.247561 0.706341 -0.663171
outer loop
vertex 17.1 7.87338 34.6699
vertex 19.466 6.68408 32.52
vertex 17.7108 7.03498 33.5489
endloop
endfacet

facet normal -0.221523 -0.497101 -0.838939
outer loop
vertex 1.94331 15.1651 27.9312
vertex 2.59581 17.5104 26.3692
vertex 4.36681 16.16 26.7018
endloop
endfacet

facet normal 0.985644 0.0299298 0.166166
outer loop
vertex -16.9483 -1.84862 -46.1852
vertex -16.7171 -6.83732 -46.6581
vertex -16.7497 0.0947806 -47.7133
endloop
endfacet

facet normal 0.597533 0.801569 0.0210189
outer loop
vertex 15.3509 7.60968 32.7906
vertex 18.0048 5.63628 32.6014
vertex 16.4769 6.81088 31.2418
endloop
endfacet

facet normal -0.256141 0.52882 0.809161
outer loop
vertex 1.66251 14.4878 28.5058
vertex 1.30051 14.2328 28.5578
vertex 2.50061 12.3603 30.1615
endloop
endfacet

facet normal 0.531065 -0.166798 -0.830752
outer loop
vertex 11.7919 19.2328 18.2301
vertex 10.3892 20.4433 17.0903
vertex 10.8623 20.3953 17.4024
endloop
endfacet

facet normal 0.947858 -0.115174 0.297152
outer loop
vertex 37.6419 5.57658 0.691935
vertex 36.8406 1.48858 1.66354
vertex 37.2393 1.71978 0.481435
endloop
endfacet

facet normal -0.242233 0.848444 0.470602
outer loop
vertex -25.7168 13.7994 18.0352
vertex -24.9849 12.1493 21.387
vertex -19.8277 13.2316 22.0903
endloop
endfacet

facet normal 0.685061 -0.141458 0.71462
outer loop
vertex 20.3645 9.07368 -12.2307
vertex 21.3385 6.44838 -13.6841
vertex 21.5913 8.61688 -13.4972
endloop
endfacet

facet normal 0.608073 0.674037 0.41943
outer loop
vertex -31.923 9.07648 -1.69666
vertex -35.3723 10.2848 1.36224
vertex -34.7719 9.26528 2.13024
endloop
endfacet

facet normal -0.66198 0.530918 -0.529064
outer loop
vertex 34.7449 4.64608 7.05464
vertex 36.0497 4.24688 5.02144
vertex 36.1322 3.09498 3.76224
endloop
endfacet

facet normal -0.652035 0.575503 -0.493606
outer loop
vertex 35.4915 9.34718 -6.33906
vertex 34.6772 8.78568 -5.91806
vertex 34.172 9.75348 -4.12236
endloop
endfacet

facet normal 0.207185 0.919015 0.335389
outer loop
vertex 18.1445 5.57728 32.6766
vertex 18.0048 5.63628 32.6014
vertex 16.7567 5.29008 34.321
endloop
endfacet

facet normal -0.733862 0.186582 0.653172
outer loop
vertex -8.19769 16.3394 26.8725
vertex -7.66209 15.0374 27.8462
vertex -7.93459 16.5566 27.106
endloop
endfacet

facet normal 0.194341 0.977879 -0.0773612
outer loop
vertex 13.0236 14.0648 -41.9784
vertex 15.1288 13.8933 -38.858
vertex 13.1008 13.834 -44.7013
endloop
endfacet

facet normal -0.0219597 -0.345274 0.938245
outer loop
vertex -27.1253 -8.27032 -46.4607
vertex -27.6203 -6.50062 -45.821
vertex -28.4675 -9.67522 -47.0091
endloop
endfacet

facet normal -0.136286 0.705681 -0.695299
outer loop
vertex 11.2583 -15.7531 -19.2342
vertex 8.04761 -16.5976 -19.4621
vertex 12.3464 -14.1767 -17.8477
endloop
endfacet

facet normal -0.87769 -0.222404 0.424496
outer loop
vertex 29.5332 12.5905 14.791
vertex 27.39 14.5213 11.3712
vertex 28.2134 10.4585 10.9451
endloop
endfacet

facet normal 0.679155 0.556586 0.478498
outer loop
vertex -37.227 -0.500219 -16.3768
vertex -37.8103 -0.778519 -15.2251
vertex -36.4165 -1.35682 -16.5308
endloop
endfacet

facet normal -0.706891 0.256523 0.659167
outer loop
vertex 29.7124 -2.97262 7.70954
vertex 30.0327 -3.02452 8.07324
vertex 30.5795 -2.26392 8.36364
endloop
endfacet

facet normal -0.771976 -0.423251 0.474249
outer loop
vertex -21.7243 -8.89812 -16.2082
vertex -23.1477 -6.24932 -16.1611
vertex -23.7594 -6.38242 -17.2757
endloop
endfacet

facet normal -0.694838 -0.18126 -0.695949
outer loop
vertex -15.8601 19.2585 17.7477
vertex -17.068 17.8238 19.3274
vertex -16.3856 18.9586 18.3504
endloop
endfacet

facet normal -0.121987 0.956218 -0.266021
outer loop
vertex 30.8306 7.56988 -6.47036
vertex 30.6945 7.86998 -5.32906
vertex 34.2789 8.50498 -4.69036
endloop
endfacet

facet normal -0.18929 0.83956 0.509224
outer loop
vertex -17.727 11.9648 24.9597
vertex -19.8277 13.2316 22.0903
vertex -18.2772 10.8361 26.616
endloop
endfacet

facet normal 0.815146 -0.0914431 0.571993
outer loop
vertex 2.57921 -14.3031 33.9356
vertex 2.84121 -11.161 34.0645
vertex 1.57721 -13.9017 35.4277
endloop
endfacet

facet normal 0.210975 0.407753 0.888385
outer loop
vertex 5.75041 16.6994 26.1256
vertex 5.74761 17.1399 25.9241
vertex 4.36681 16.16 26.7018
endloop
endfacet

facet normal 0.868977 0.356267 0.343442
outer loop
vertex -15.2295 14.3341 26.7621
vertex -15.8155 15.162 27.3859
vertex -15.7351 13.2249 29.1921
endloop
endfacet

facet normal -0.11823 0.527167 0.841497
outer loop
vertex -1.44119 6.94268 37.4821
vertex -2.51779 8.71138 36.2228
vertex -2.78799 6.36688 37.6536
endloop
endfacet

facet normal -0.710496 0.388007 -0.587065
outer loop
vertex 23.1958 6.59978 0.924435
vertex 24.3003 4.25918 -1.95926
vertex 21.2778 2.97688 0.851135
endloop
endfacet

facet normal -0.97746 -0.0825849 0.194298
outer loop
vertex 30.0782 -4.71032 -10.9019
vertex 29.7348 -3.63432 -12.1726
vertex 29.8596 -6.12612 -12.6038
endloop
endfacet

facet normal 0.265421 -0.332302 -0.905056
outer loop
vertex 16.2923 6.44178 34.7463
vertex 14.7957 6.65268 34.23
vertex 15.3774 7.34658 34.1459
endloop
endfacet

facet normal 0.661767 -0.351483 0.662211
outer loop
vertex 20.8111 -8.17022 -5.28696
vertex 24.4523 -4.17602 -6.80576
vertex 20.5968 1.50968 0.0649352
endloop
endfacet

facet normal 0.20043 0.933205 -0.298255
outer loop
vertex 16.3932 13.0303 -40.7085
vertex 15.1288 13.8933 -38.858
vertex 17.9545 13.4218 -38.4343
endloop
endfacet

facet normal -0.952584 -0.272154 0.136075
outer loop
vertex -11.5397 -11.9804 22.867
vertex -11.7748 -10.0666 25.0488
vertex -11.6829 -11.9358 21.9538
endloop
endfacet

facet normal 0.557782 -0.135598 0.818836
outer loop
vertex 21.9622 4.62658 -14.4107
vertex 21.5913 8.61688 -13.4972
vertex 21.3385 6.44838 -13.6841
endloop
endfacet

facet normal 0.435396 0.810819 0.391155
outer loop
vertex 35.4518 5.25998 2.34334
vertex 34.2536 4.98358 4.24994
vertex 35.1314 5.05348 3.12794
endloop
endfacet

facet normal 0.423388 -0.645963 -0.635197
outer loop
vertex -1.36539 -24.3477 26.9805
vertex -0.595593 -23.4039 26.5338
vertex -0.110093 -23.5643 27.0206
endloop
endfacet

facet normal 0.0161847 0.0874953 -0.996033
outer loop
vertex 4.74151 -15.7405 -19.4405
vertex 8.04761 -16.5976 -19.4621
vertex 0.672107 -16.2788 -19.5539
endloop
endfacet

facet normal 0.269366 0.785563 0.557075
outer loop
vertex 15.3509 7.60968 32.7906
vertex 14.9443 10.1612 29.3893
vertex 13.9446 8.30658 32.4879
endloop
endfacet

facet normal -0.190431 0.461776 0.866313
outer loop
vertex -4.03839 23.9988 -7.33176
vertex -6.01509 23.7103 -7.61246
vertex -4.78779 22.7273 -6.81876
endloop
endfacet

facet normal -0.0326423 0.644282 -0.764091
outer loop
vertex 40.4135 7.30898 -9.28846
vertex 41.6397 5.91468 -10.5166
vertex 39.8675 6.61138 -9.85336
endloop
endfacet

facet normal -0.479308 -0.414741 -0.773469
outer loop
vertex 15.1955 -5.41782 35.6987
vertex 15.9759 -4.55432 34.752
vertex 16.7579 -4.80992 34.4045
endloop
endfacet

facet normal 0.411744 -0.444344 -0.795629
outer loop
vertex -31.3057 -2.51152 -3.66576
vertex -30.5073 2.27028 -5.92316
vertex -28.6951 -0.456819 -3.46226
endloop
endfacet

facet normal -0.0753841 0.84344 0.531908
outer loop
vertex -5.24659 20.212 19.0863
vertex -2.31189 19.3296 20.9015
vertex -1.84449 20.9957 18.3258
endloop
endfacet

facet normal 0.664615 -0.725462 0.178862
outer loop
vertex 19.7028 -8.03172 -43.5877
vertex 22.3928 -5.69842 -44.1191
vertex 22.9469 -4.99822 -43.338
endloop
endfacet

facet normal -0.377069 0.903495 -0.203754
outer loop
vertex 33.4328 7.52388 -5.69106
vertex 36.089 7.20028 -12.0412
vertex 32.8257 6.61258 -8.60826
endloop
endfacet

facet normal 0.904792 0.0158721 0.425557
outer loop
vertex 3.50031 14.3894 28.1346
vertex 4.10151 16.6979 26.7702
vertex 3.69211 16.9076 27.6328
endloop
endfacet

facet normal -0.687732 0.165246 0.706908
outer loop
vertex -37.5415 1.63688 -15.3548
vertex -39.018 2.41548 -16.9733
vertex -38.4143 -0.208019 -15.7727
endloop
endfacet

facet normal -0.0108527 0.894627 -0.446682
outer loop
vertex -37.9497 9.07018 -2.29756
vertex -35.4325 7.35938 -5.78516
vertex -37.5102 7.48828 -5.47656
endloop
endfacet

facet normal 0.829125 0.166235 -0.533777
outer loop
vertex -37.6725 9.79278 11.6706
vertex -39.1336 10.21 9.53104
vertex -38.0937 11.5668 11.5688
endloop
endfacet

facet normal -0.949964 -0.312256 0.00803358
outer loop
vertex 30.6259 -7.28032 -12.6835
vertex 30.4504 -6.67562 -9.93326
vertex 30.2946 -6.19802 -9.79686
endloop
endfacet

facet normal -0.376021 -0.917193 0.131774
outer loop
vertex -5.50479 -25.5995 23.5917
vertex -5.98979 -25.5168 22.7832
vertex -5.10209 -26.0202 21.8129
endloop
endfacet

facet normal 0.00290882 0.236362 -0.971661
outer loop
vertex -12.0142 -17.0579 -19.6079
vertex -10.7777 -14.0848 -18.8809
vertex -9.88409 -17.1704 -19.6289
endloop
endfacet

facet normal -0.599587 0.438707 0.669351
outer loop
vertex 14.2348 18.9995 20.2672
vertex 13.5574 20.6926 18.5508
vertex 12.0867 19.6513 17.9158
endloop
endfacet

facet normal 0.911183 -0.0995297 -0.399798
outer loop
vertex 21.9408 -6.08292 -15.2502
vertex 21.3848 -8.18802 -15.9931
vertex 21.8931 -4.32202 -15.7971
endloop
endfacet

facet normal -0.233784 -0.111951 -0.965822
outer loop
vertex -46.1577 6.74738 -4.32606
vertex -44.4032 7.96458 -4.89176
vertex -45.0754 2.12978 -4.05276
endloop
endfacet

facet normal 0.0894476 -0.0689256 -0.993604
outer loop
vertex 18.1729 -6.62562 -16.1134
vertex 18.3446 -8.11532 -15.9946
vertex 17.3439 -8.53712 -16.0554
endloop
endfacet

facet normal -0.705415 0.600959 0.375817
outer loop
vertex -19.2013 17.9223 15.1655
vertex -17.7694 16.1923 20.6198
vertex -17.068 17.8238 19.3274
endloop
endfacet

facet normal 0.72416 0.605361 0.33035
outer loop
vertex 15.5618 16.2253 16.0039
vertex 13.4383 15.9687 21.1292
vertex 13.3743 15.4271 22.2619
endloop
endfacet

facet normal -0.859467 0.188474 -0.475178
outer loop
vertex 35.7352 5.85198 2.05934
vertex 36.0885 10.8449 3.40074
vertex 36.6826 5.90308 0.366035
endloop
endfacet

facet normal 0.920408 -0.171019 0.351571
outer loop
vertex 17.2165 -2.67712 33.8663
vertex 17.67 -1.78092 33.1149
vertex 17.0634 -0.476219 35.3375
endloop
endfacet

facet normal 0.890711 0.308946 -0.333446
outer loop
vertex 2.84071 -24.0923 22.7231
vertex 2.23001 -24.9592 20.2886
vertex 2.60211 -23.4317 22.6978
endloop
endfacet

facet normal 0.4399 0.129983 0.88859
outer loop
vertex 3.69211 16.9076 27.6328
vertex 5.31041 18.4443 26.6069
vertex 4.37471 19.0679 26.9789
endloop
endfacet

facet normal 0.999882 -0.0148471 0.00396517
outer loop
vertex 39.6414 2.97078 -9.52916
vertex 39.5582 -3.06012 -11.1278
vertex 39.6409 2.40778 -11.4989
endloop
endfacet

facet normal 0.163911 -0.722523 0.671635
outer loop
vertex -38.4143 -0.208019 -15.7727
vertex -37.227 -0.500219 -16.3768
vertex -36.6788 -0.156019 -16.1403
endloop
endfacet

facet normal -0.901227 -0.369264 0.22679
outer loop
vertex -11.5397 -11.9804 22.867
vertex -11.149 -11.1317 25.8014
vertex -11.7748 -10.0666 25.0488
endloop
endfacet

facet normal 0.968739 -0.15213 0.195961
outer loop
vertex 16.8505 -3.55222 32.9934
vertex 17.369 -3.81952 30.2225
vertex 17.3685 -2.33512 31.3778
endloop
endfacet

facet normal 0.368621 -0.849431 0.377605
outer loop
vertex 5.97791 -19.9997 8.27234
vertex 7.13211 -19.1765 8.99744
vertex 6.85691 -16.7808 14.6553
endloop
endfacet

facet normal 0.74132 0.587624 0.324256
outer loop
vertex 35.2744 2.11168 3.79484
vertex 33.6587 2.46228 6.85334
vertex 34.9519 2.07768 4.59384
endloop
endfacet

facet normal 0.238484 -0.0498514 -0.969866
outer loop
vertex 18.1729 -6.62562 -16.1134
vertex 19.2557 -5.27812 -15.9164
vertex 18.3446 -8.11532 -15.9946
endloop
endfacet

facet normal 0.746119 -0.47264 0.468954
outer loop
vertex 4.10151 16.6979 26.7702
vertex 5.31041 18.4443 26.6069
vertex 3.69211 16.9076 27.6328
endloop
endfacet

facet normal -0.302077 -0.619879 0.724223
outer loop
vertex 13.2247 -3.83932 36.3229
vertex 12.8142 -4.71042 35.4061
vertex 14.6981 -4.35762 36.4939
endloop
endfacet

facet normal -0.431017 -0.153082 0.889264
outer loop
vertex -13.4363 -21.9276 2.22674
vertex -12.4572 -22.8748 2.53834
vertex -12.4772 -22.3779 2.61414
endloop
endfacet

facet normal 0.818393 -0.540958 -0.193902
outer loop
vertex 15.5204 -8.80542 30.7052
vertex 15.9265 -7.65962 29.2229
vertex 16.5262 -7.12702 30.268
endloop
endfacet

facet normal -0.819956 0.170924 0.546312
outer loop
vertex -9.87799 -11.593 29.6201
vertex -10.1744 -14.4858 30.0804
vertex -8.02249 -13.8551 33.1128
endloop
endfacet

facet normal 0.271706 0.0178194 0.962215
outer loop
vertex -18.8399 -12.9978 -46.4964
vertex -20.2081 -13.0765 -46.1086
vertex -20.3536 -14.1736 -46.0472
endloop
endfacet

facet normal 0.895657 -0.00520886 -0.444715
outer loop
vertex 24.974 -6.04832 -48.4853
vertex 25.329 -4.27642 -47.791
vertex 25.467 -6.01922 -47.4927
endloop
endfacet

facet normal 0.354769 -0.88477 0.302192
outer loop
vertex 33.1465 -7.20672 -10.6347
vertex 33.7474 -5.62702 -6.71496
vertex 31.9831 -6.86482 -8.26786
endloop
endfacet

facet normal -0.725576 -0.0910735 -0.682089
outer loop
vertex 25.3856 -1.92432 -1.65146
vertex 28.8776 2.45568 -5.95086
vertex 27.7095 -2.72892 -4.01596
endloop
endfacet

facet normal 0.892651 -0.329465 0.307615
outer loop
vertex 3.16231 -20.2099 29.6485
vertex 5.03771 -17.7128 26.8809
vertex 4.22281 -18.3398 28.574
endloop
endfacet

facet normal 0.288917 -0.10376 -0.951715
outer loop
vertex -17.9352 8.17328 -48.954
vertex -14.6531 8.05228 -47.9444
vertex -16.7497 0.0947806 -47.7133
endloop
endfacet

facet normal -0.226989 0.956006 -0.185818
outer loop
vertex -13.2933 -13.2758 19.8583
vertex -11.473 -13.0479 18.8069
vertex -12.3992 -13.5173 17.5233
endloop
endfacet

facet normal -0.0405526 0.674699 0.736978
outer loop
vertex 0.475507 23.7625 -7.24416
vertex -2.47659 23.868 -7.50306
vertex 0.0191074 23.117 -6.67826
endloop
endfacet

facet normal -0.175778 0.317866 0.931699
outer loop
vertex 5.12251 12.1295 31.304
vertex 5.28161 10.5312 31.8793
vertex 5.99181 12.6669 31.2846
endloop
endfacet

facet normal 0.309281 -0.327238 -0.892894
outer loop
vertex 18.8585 -12.7358 -47.9815
vertex 16.5723 -14.7524 -48.0343
vertex 17.2024 -12.3146 -48.7094
endloop
endfacet

facet normal 0.935575 -0.122384 0.331243
outer loop
vertex 18.8834 3.17568 31.0561
vertex 18.7207 4.13618 31.8705
vertex 17.6026 2.01508 34.2448
endloop
endfacet

facet normal -0.0559922 -0.369793 0.927426
outer loop
vertex 13.3862 -3.00132 35.2237
vertex 14.8196 -1.77402 35.7996
vertex 13.3631 -1.32292 35.8916
endloop
endfacet

facet normal 0.334302 0.927493 -0.167328
outer loop
vertex 11.8875 21.8707 16.2383
vertex 9.46711 22.9633 17.4587
vertex 11.6298 22.2048 17.575
endloop
endfacet

facet normal -0.313014 0.556284 0.769785
outer loop
vertex 13.9446 8.30658 32.4879
vertex 12.8605 6.87758 33.0797
vertex 14.3337 6.95748 33.621
endloop
endfacet

facet normal 0.219733 0.966498 -0.132662
outer loop
vertex 36.089 7.20028 -12.0412
vertex 36.3159 7.49498 -9.51876
vertex 37.3403 7.16698 -10.2117
endloop
endfacet

facet normal -0.516161 0.432437 -0.739308
outer loop
vertex -39.4089 7.36938 -4.22046
vertex -39.0434 8.57128 -3.77266
vertex -37.5102 7.48828 -5.47656
endloop
endfacet

facet normal -0.366656 0.830998 0.418336
outer loop
vertex 5.73461 21.7133 20.6381
vertex 4.70061 21.6761 19.8057
vertex 5.19801 20.553 22.4726
endloop
endfacet

facet normal 0.456584 -0.107414 0.883172
outer loop
vertex -39.7872 -3.47852 -15.0313
vertex -41.0628 -4.65272 -14.5147
vertex -40.1467 -5.56602 -15.0993
endloop
endfacet

facet normal -0.119333 -0.750516 -0.649988
outer loop
vertex 10.7116 -11.199 -25.8796
vertex 8.16801 -9.82212 -27.0024
vertex 9.56331 -10.0167 -27.0339
endloop
endfacet

facet normal -0.153078 0.959525 0.236387
outer loop
vertex 4.48751 19.3791 25.5642
vertex 6.65311 19.5648 26.2128
vertex 7.15241 19.8457 25.3959
endloop
endfacet

facet normal 0.284371 -0.286063 -0.915042
outer loop
vertex -38.6709 -1.56792 -18.5824
vertex -38.7288 -2.93032 -18.1745
vertex -40.1946 -2.44112 -18.7829
endloop
endfacet

facet normal 0.119968 -0.978496 0.167791
outer loop
vertex 9.14321 -15.1322 -20.3735
vertex 9.64001 -14.7852 -18.7049
vertex 7.81511 -15.0821 -19.1314
endloop
endfacet

facet normal -0.199187 -0.265679 0.94326
outer loop
vertex -4.43159 -16.7803 33.4607
vertex -4.90089 -19.531 32.5869
vertex -1.86959 -17.6964 33.7437
endloop
endfacet

facet normal 0.005303 0.805106 -0.593107
outer loop
vertex -43.1488 6.52378 -18.7913
vertex -42.1665 6.72538 -18.5088
vertex -41.7272 5.82628 -19.7254
endloop
endfacet

facet normal 0.350659 -0.227248 -0.908513
outer loop
vertex -42.3222 -3.47572 8.95764
vertex -40.7275 -1.58902 9.10124
vertex -40.5018 -2.44892 9.40344
endloop
endfacet

facet normal 0.00115315 -0.112488 -0.993652
outer loop
vertex -7.46779 -0.894919 -30.878
vertex -3.06509 -4.39492 -30.4767
vertex -6.46549 -4.87772 -30.426
endloop
endfacet

facet normal 0.673438 0.256993 0.693134
outer loop
vertex -17.4414 18.2533 18.9348
vertex -16.7811 19.374 17.8777
vertex -17.8406 20.8977 18.3422
endloop
endfacet

facet normal 0.571894 0.30108 0.763078
outer loop
vertex 3.32551 17.9674 27.8591
vertex 2.56661 16.1797 29.1332
vertex 3.26801 15.5015 28.875
endloop
endfacet

facet normal -0.683317 0.171736 0.709637
outer loop
vertex -18.5002 17.7615 21.8732
vertex -17.0903 15.3968 23.8031
vertex -16.5307 16.7078 24.0247
endloop
endfacet

facet normal 0.376587 0.922831 0.0810306
outer loop
vertex -11.2344 23.0903 18.5564
vertex -9.71639 22.3231 20.2393
vertex -10.6294 22.9189 17.697
endloop
endfacet

facet normal 0.43727 -0.415518 -0.797584
outer loop
vertex -6.11319 15.8711 27.7548
vertex -6.27109 14.1475 28.5662
vertex -6.77399 14.6307 28.0387
endloop
endfacet

facet normal -0.901458 -0.102794 -0.420484
outer loop
vertex -45.0613 5.22908 -16.615
vertex -44.7327 6.03748 -17.5173
vertex -44.0515 4.50488 -18.6029
endloop
endfacet

facet normal 0.963657 0.266997 -0.00879573
outer loop
vertex 30.0638 12.3056 11.641
vertex 30.6608 10.2043 13.2571
vertex 31.1627 8.22178 8.06044
endloop
endfacet

facet normal 0.490385 -0.866582 0.0925115
outer loop
vertex -0.683393 -17.602 35.9308
vertex -2.20029 -18.3626 36.8468
vertex -2.03569 -18.4458 35.1952
endloop
endfacet

facet normal -0.89656 -0.434137 -0.0877815
outer loop
vertex -9.51239 -20.0924 23.1251
vertex -10.1278 -18.1645 19.8751
vertex -7.30479 -24.0804 20.3005
endloop
endfacet

facet normal 0.0168559 0.999398 -0.030324
outer loop
vertex -41.7912 7.39838 -8.88226
vertex -40.736 7.42248 -7.49896
vertex -41.8458 7.34298 -10.7372
endloop
endfacet

facet normal -0.569373 0.553952 -0.607413
outer loop
vertex -18.3872 20.4447 17.108
vertex -15.5901 22.2228 16.1077
vertex -16.8169 20.9582 16.1043
endloop
endfacet

facet normal 0.909875 0.414485 0.0181522
outer loop
vertex -10.7278 17.6507 25.4504
vertex -10.6351 17.4769 24.7743
vertex -11.0102 18.299 24.8033
endloop
endfacet

facet normal 0.728132 0.67875 0.0955131
outer loop
vertex 3.50031 14.3894 28.1346
vertex 3.72711 13.9439 29.5714
vertex 4.88881 12.6778 29.7129
endloop
endfacet

facet normal -0.852623 0.507162 -0.125781
outer loop
vertex 30.5795 -2.26392 8.36364
vertex 29.6277 -3.53412 9.69394
vertex 31.6198 -0.453119 8.61264
endloop
endfacet

facet normal -0.436713 0.858718 -0.268114
outer loop
vertex 34.8914 5.67398 -14.979
vertex 32.8257 6.61258 -8.60826
vertex 36.089 7.20028 -12.0412
endloop
endfacet

facet normal 0.814846 -0.24339 0.526105
outer loop
vertex 4.22301 -17.614 29.2066
vertex 2.27101 -19.7125 31.2591
vertex 3.16231 -20.2099 29.6485
endloop
endfacet

facet normal 0.554623 -0.651863 0.517174
outer loop
vertex 20.4605 -13.2076 -47.2063
vertex 21.4865 -12.8025 -47.7961
vertex 21.2168 -12.1408 -46.6728
endloop
endfacet

facet normal 0.0764348 -0.995739 0.0515878
outer loop
vertex 22.7608 -11.6824 -47.9659
vertex 21.9413 -11.7032 -47.1548
vertex 21.8064 -11.788 -48.5904
endloop
endfacet

facet normal 0.376195 0.0529975 0.925024
outer loop
vertex 30.6608 10.2043 13.2571
vertex 30.0644 9.39098 13.5463
vertex 31.1333 5.61578 13.3279
endloop
endfacet

facet normal 0.371086 -0.856548 0.358639
outer loop
vertex 33.3212 -8.18592 -2.88506
vertex 33.7389 -5.22082 3.76444
vertex 30.5989 -8.12902 0.0676352
endloop
endfacet

facet normal -0.770072 0.13554 -0.623392
outer loop
vertex 30.2379 -4.82292 -9.38946
vertex 31.011 4.09388 -8.40576
vertex 32.6404 0.347381 -11.2332
endloop
endfacet

facet normal 0.806419 -0.0597162 0.588321
outer loop
vertex 21.9622 4.62658 -14.4107
vertex 22.8966 3.56998 -15.7987
vertex 21.5913 8.61688 -13.4972
endloop
endfacet

facet normal 0.351633 0.425335 0.833933
outer loop
vertex 9.31641 22.4714 -9.13986
vertex 9.32671 21.6104 -8.70506
vertex 12.4099 20.5259 -9.45196
endloop
endfacet

facet normal -0.199237 0.661883 0.722644
outer loop
vertex -4.03839 23.9988 -7.33176
vertex -9.18209 23.7125 -8.48766
vertex -6.01509 23.7103 -7.61246
endloop
endfacet

facet normal 0.277759 0.647772 -0.709395
outer loop
vertex 18.8684 11.0186 -11.0405
vertex 22.564 8.02288 -12.329
vertex 20.3645 9.07368 -12.2307
endloop
endfacet

facet normal 0.994628 0.0951463 0.0407766
outer loop
vertex 20.0268 10.8453 1.77524
vertex 19.8834 11.5988 3.51394
vertex 20.2486 8.75148 1.24854
endloop
endfacet

facet normal -0.202283 -0.708071 0.676548
outer loop
vertex -7.27459 -24.0887 3.71294
vertex -3.27329 -24.0862 4.91194
vertex -1.23499 -21.2262 8.51464
endloop
endfacet

facet normal 0.949735 -0.0100009 0.312894
outer loop
vertex 3.69211 16.9076 27.6328
vertex 3.26801 15.5015 28.875
vertex 3.50031 14.3894 28.1346
endloop
endfacet

facet normal 0.263862 0.165189 -0.95031
outer loop
vertex 9.64001 -14.7852 -18.7049
vertex 12.3464 -14.1767 -17.8477
vertex 8.04761 -16.5976 -19.4621
endloop
endfacet

facet normal -0.572268 0.769192 0.284348
outer loop
vertex -17.0407 16.8251 20.7637
vertex -15.6998 17.3908 21.9318
vertex -13.1246 20.9428 17.5062
endloop
endfacet

facet normal -0.451186 0.426762 0.783776
outer loop
vertex 2.60211 -23.4317 22.6978
vertex 2.01661 -23.8512 22.5892
vertex 2.22731 -24.4203 23.0204
endloop
endfacet

facet normal 0.388483 -0.191503 -0.901336
outer loop
vertex 24.0264 -0.611219 -15.5138
vertex 25.2191 -3.39802 -14.4076
vertex 21.9408 -6.08292 -15.2502
endloop
endfacet

facet normal -0.023753 -0.959232 0.281621
outer loop
vertex -0.462993 -26.3337 22.5344
vertex -1.38899 -25.9253 23.8476
vertex -1.70939 -26.2307 22.7804
endloop
endfacet

facet normal 0.482476 -0.753283 -0.446969
outer loop
vertex -31.3057 -2.51152 -3.66576
vertex -29.025 -1.64772 -2.65966
vertex -31.0377 -4.40622 -0.183365
endloop
endfacet

facet normal -0.700825 -0.469406 0.537124
outer loop
vertex -5.94399 -14.3746 35.78
vertex -5.56299 -15.9795 34.8746
vertex -5.34819 -14.8455 36.1459
endloop
endfacet

facet normal 0.90381 -0.42056 -0.0791002
outer loop
vertex 11.2485 -6.26532 32.4241
vertex 11.1492 -6.35252 31.753
vertex 11.4136 -5.89072 32.3187
endloop
endfacet

facet normal -0.165662 0.697667 0.697005
outer loop
vertex 31.5437 -3.48762 -11.7774
vertex 30.0782 -4.71032 -10.9019
vertex 31.9928 -4.12902 -11.0286
endloop
endfacet

facet normal 0.216327 0.960359 0.175823
outer loop
vertex -3.75219 -25.5703 23.8061
vertex -2.59579 -25.6368 22.7468
vertex -3.56199 -25.4146 22.7218
endloop
endfacet

facet normal 0.442024 0.252162 -0.860831
outer loop
vertex 5.86071 -18.3995 23.392
vertex 6.00321 -17.1591 23.8286
vertex 6.29951 -17.7033 23.8213
endloop
endfacet

facet normal 0.846111 0.186083 0.499469
outer loop
vertex 3.69211 16.9076 27.6328
vertex 3.32551 17.9674 27.8591
vertex 3.26801 15.5015 28.875
endloop
endfacet

facet normal 0.950392 0.25632 0.176225
outer loop
vertex 19.1169 2.11338 33.9122
vertex 18.6766 2.07668 36.3401
vertex 19.278 0.911581 34.7913
endloop
endfacet

facet normal -0.912386 -0.0426112 0.407106
outer loop
vertex 2.50061 12.3603 30.1615
vertex 1.92191 15.4479 29.1878
vertex 1.66251 14.4878 28.5058
endloop
endfacet

facet normal 0.843448 -0.0912157 -0.52941
outer loop
vertex 36.4644 0.571581 -18.2047
vertex 37.5238 1.82428 -16.7327
vertex 37.8697 -0.231219 -15.8276
endloop
endfacet

facet normal -0.394122 0.897137 -0.199534
outer loop
vertex -12.6028 21.7291 -16.8744
vertex -14.2828 22.6288 -9.51046
vertex -12.1667 23.0564 -11.7679
endloop
endfacet

facet normal 0.948862 0.170927 -0.265413
outer loop
vertex -14.6856 10.2955 -46.6159
vertex -14.6531 8.05228 -47.9444
vertex -14.9429 10.0674 -47.6827
endloop
endfacet

facet normal 0.327099 0.935649 -0.132543
outer loop
vertex 39.7524 2.80958 1.06544
vertex 38.859 3.03158 0.428235
vertex 37.6611 4.10458 5.04634
endloop
endfacet

facet normal -0.0772654 0.155441 0.984819
outer loop
vertex 0.816807 -25.6877 23.3591
vertex 0.129307 -25.26 23.2377
vertex 0.0274074 -26.1855 23.3757
endloop
endfacet

facet normal -0.922167 0.206938 -0.326778
outer loop
vertex -12.0234 -13.5335 24.1741
vertex -11.5307 -13.8625 22.5754
vertex -11.7543 -15.2646 22.3185
endloop
endfacet

facet normal -0.480273 0.0481773 0.875795
outer loop
vertex 36.8468 10.6678 3.82634
vertex 36.0885 10.8449 3.40074
vertex 36.2502 7.07158 3.69694
endloop
endfacet

facet normal 0.643549 0.753257 -0.135826
outer loop
vertex 33.6567 -6.79182 -5.34206
vertex 32.6749 -6.15172 -6.44386
vertex 32.2256 -5.50582 -4.99116
endloop
endfacet

facet normal 0.868922 0.385673 0.310211
outer loop
vertex 17.4022 16.593 -10.7451
vertex 17.994 14.8865 -10.281
vertex 21.6212 9.39738 -13.6166
endloop
endfacet

facet normal 0.855267 0.184664 0.484167
outer loop
vertex 20.2768 15.4633 -0.427765
vertex 18.5325 14.4654 3.03404
vertex 20.0268 10.8453 1.77524
endloop
endfacet

facet normal -0.92278 0.316414 -0.219908
outer loop
vertex -33.4419 8.39448 10.8317
vertex -31.3556 11.3738 6.36394
vertex -32.2996 8.55218 6.26544
endloop
endfacet

facet normal -0.86883 0.393345 -0.300688
outer loop
vertex -10.1708 -16.9605 21.5745
vertex -9.67029 -16.0696 21.2936
vertex -10.1278 -18.1645 19.8751
endloop
endfacet

facet normal -0.676454 -0.253824 0.691364
outer loop
vertex -11.1633 -13.9883 26.7886
vertex -11.3689 -14.4686 26.4111
vertex -10.3415 -15.306 27.1089
endloop
endfacet

facet normal -0.10145 0.860926 0.498512
outer loop
vertex 1.97521 20.3949 18.6519
vertex 2.41181 16.214 25.961
vertex 4.16781 18.9543 21.586
endloop
endfacet

facet normal -0.731876 -0.43633 -0.523425
outer loop
vertex -39.5624 -5.89952 -10.2852
vertex -39.5156 -4.64372 -11.3975
vertex -38.9559 -5.20142 -11.7153
endloop
endfacet

facet normal -0.504227 -0.852058 -0.140545
outer loop
vertex -2.39709 -24.9268 25.0341
vertex -4.13999 -24.0266 25.8298
vertex -3.96089 -24.0416 25.2787
endloop
endfacet

facet normal 0.820513 -0.520771 -0.235704
outer loop
vertex -40.3662 7.32438 -5.62286
vertex -38.7583 9.35668 -4.51566
vertex -39.0434 8.57128 -3.77266
endloop
endfacet

facet normal 0.646445 0.761372 0.0492065
outer loop
vertex 17.5929 17.8164 8.39464
vertex 13.7394 20.935 10.7643
vertex 14.6809 19.9924 12.9811
endloop
endfacet

facet normal 0.162394 -0.568203 0.806705
outer loop
vertex 13.3459 -3.59212 34.8157
vertex 14.8196 -1.77402 35.7996
vertex 13.3862 -3.00132 35.2237
endloop
endfacet

facet normal -0.865036 -0.0267327 0.500998
outer loop
vertex -25.3006 6.09978 -0.139665
vertex -25.0571 8.00748 0.382635
vertex -26.3922 9.74338 -1.82996
endloop
endfacet

facet normal -0.986755 -0.161688 -0.0131111
outer loop
vertex -29.3506 -8.21872 -47.0386
vertex -29.5265 -7.12462 -47.2999
vertex -29.1278 -9.52062 -47.7543
endloop
endfacet

facet normal 0.962633 -0.0497808 -0.266195
outer loop
vertex 23.0152 3.73098 -35.8016
vertex 23.9782 3.35298 -32.2485
vertex 23.3846 -0.769019 -33.6242
endloop
endfacet

facet normal -0.960408 0.236374 0.147456
outer loop
vertex -19.9136 13.0925 18.6146
vertex -19.7017 14.8234 17.2201
vertex -20.5923 13.1277 14.1374
endloop
endfacet

facet normal 0.395023 -0.349111 0.849752
outer loop
vertex 24.0381 -5.88842 -46.7183
vertex 25.0638 -7.01392 -47.6576
vertex 24.8911 -4.96952 -46.7374
endloop
endfacet

facet normal 0.80345 0.248639 0.540968
outer loop
vertex 35.398 6.00848 2.07914
vertex 34.2536 4.98358 4.24994
vertex 35.4518 5.25998 2.34334
endloop
endfacet

facet normal 0.320888 0.92973 -0.180645
outer loop
vertex 20.6584 13.6297 14.5149
vertex 24.0891 12.4066 14.3143
vertex 25.8981 10.9803 10.1864
endloop
endfacet

facet normal 0.845702 -0.526499 0.0870986
outer loop
vertex -41.0628 -4.65272 -14.5147
vertex -41.6628 -5.32242 -12.7369
vertex -41.5374 -5.46872 -14.8389
endloop
endfacet

facet normal -0.741646 -0.471567 0.47706
outer loop
vertex 31.5308 2.69218 -16.7548
vertex 31.5504 3.78978 -15.6394
vertex 30.987 3.82568 -16.4799
endloop
endfacet

facet normal 0.968628 -0.240811 0.0614001
outer loop
vertex 12.1965 12.4931 28.8111
vertex 12.773 14.2351 26.5488
vertex 12.8841 14.849 27.2039
endloop
endfacet

facet normal 0.0541378 0.860584 0.506424
outer loop
vertex -9.86169 19.4222 21.0012
vertex -10.0942 20.1028 19.8695
vertex -10.8089 18.4019 22.8363
endloop
endfacet

facet normal -0.7547 0.0778224 0.651439
outer loop
vertex -16.4594 14.7213 28.1743
vertex -16.7785 13.1215 27.9957
vertex -15.7351 13.2249 29.1921
endloop
endfacet

facet normal -0.290432 -0.937972 0.189363
outer loop
vertex -2.32089 -27.7687 21.502
vertex -4.18429 -27.2337 21.2937
vertex -4.03579 -27.5862 19.7758
endloop
endfacet

facet normal 0.732687 0.112339 -0.67123
outer loop
vertex -12.1275 5.92678 -45.953
vertex -12.6213 4.82928 -46.6757
vertex -12.5386 8.18208 -46.0243
endloop
endfacet

facet normal -0.428344 -0.829821 0.357657
outer loop
vertex -17.1639 -6.98742 19.7988
vertex -21.0014 -4.48532 21.0083
vertex -24.5369 -4.73502 16.1945
endloop
endfacet

facet normal -0.172486 0.899569 0.401278
outer loop
vertex -33.1151 8.37458 6.31304
vertex -32.2996 8.55218 6.26544
vertex -32.7419 8.87058 5.36154
endloop
endfacet

facet normal 0.98024 -0.197805 0.00154824
outer loop
vertex 37.8697 -0.231219 -15.8276
vertex 37.4154 -2.49252 -17.1216
vertex 37.7462 -0.864019 -18.5152
endloop
endfacet

facet normal -0.763612 0.530108 0.368622
outer loop
vertex -18.9016 14.1752 21.1751
vertex -17.7694 16.1923 20.6198
vertex -19.2013 17.9223 15.1655
endloop
endfacet

facet normal 0.865849 -0.420708 0.270759
outer loop
vertex 12.7333 -16.9245 0.903135
vertex 18.6223 -5.64682 -0.405665
vertex 19.903 -1.16002 2.47014
endloop
endfacet

facet normal -0.727216 0.0885044 0.680679
outer loop
vertex -24.0178 13.1201 -11.4997
vertex -24.9039 9.29508 -11.9491
vertex -23.2657 11.8582 -10.5321
endloop
endfacet

facet normal 0.345067 -0.324304 0.88077
outer loop
vertex 30.1133 -2.11792 8.58984
vertex 31.6198 -0.453119 8.61264
vertex 31.7106 0.995681 9.11054
endloop
endfacet

facet normal 0.120846 0.618537 0.776407
outer loop
vertex -8.46419 16.0236 26.7787
vertex -9.19339 16.7299 26.3295
vertex -8.22829 13.4591 28.785
endloop
endfacet

facet normal -0.137063 0.652427 -0.745354
outer loop
vertex 12.3799 12.2073 -48.0335
vertex 15.002 12.5432 -48.2217
vertex 12.7705 11.434 -48.7822
endloop
endfacet

facet normal 0.643145 0.760256 -0.0915155
outer loop
vertex -20.5923 13.1277 14.1374
vertex -20.6702 13.6323 17.7823
vertex -19.9136 13.0925 18.6146
endloop
endfacet

facet normal 0.678131 -0.684189 0.268374
outer loop
vertex 18.9582 -3.87942 20.9879
vertex 23.8855 -1.68552 14.1306
vertex 25.3124 0.426681 15.91
endloop
endfacet

facet normal -0.0891193 -0.0613237 0.994131
outer loop
vertex 37.7137 1.72348 -0.313865
vertex 38.2821 0.0729806 -0.364665
vertex 38.7779 1.75668 -0.216365
endloop
endfacet

facet normal 0.690252 -0.114411 0.714466
outer loop
vertex 25.3124 0.426681 15.91
vertex 28.5487 1.86338 13.0135
vertex 28.4154 2.55528 13.253
endloop
endfacet

facet normal -0.650209 0.346602 -0.676089
outer loop
vertex -44.7327 6.03748 -17.5173
vertex -43.1488 6.52378 -18.7913
vertex -43.1013 4.98958 -19.6234
endloop
endfacet

facet normal -0.1382 0.608618 0.781335
outer loop
vertex -9.18209 23.7125 -8.48766
vertex -10.7822 23.7897 -8.83086
vertex -11.2844 22.9094 -8.23396
endloop
endfacet

facet normal -0.850461 -0.417981 0.319387
outer loop
vertex -24.4395 -10.4607 -7.16756
vertex -21.922 -14.2718 -5.45146
vertex -24.9497 -7.77592 -5.01246
endloop
endfacet

facet normal -0.511195 -0.177031 -0.841035
outer loop
vertex -45.8898 1.07248 -3.25506
vertex -44.9874 0.755081 -3.73676
vertex -45.3055 -4.86772 -2.35986
endloop
endfacet

facet normal 0.166615 -0.00664938 -0.986
outer loop
vertex -39.5156 -4.64372 -11.3975
vertex -38.4682 0.0624806 -11.2523
vertex -37.7608 -4.30542 -11.1033
endloop
endfacet

facet normal 0.859028 0.511189 0.0275115
outer loop
vertex 21.3868 11.3042 -24.9862
vertex 20.2732 12.6787 -15.7556
vertex 22.4956 9.42018 -24.6031
endloop
endfacet

facet normal 0.655557 -0.563419 -0.502796
outer loop
vertex 37.1199 -1.16832 -18.9908
vertex 37.7462 -0.864019 -18.5152
vertex 37.4154 -2.49252 -17.1216
endloop
endfacet

facet normal -0.16027 -0.0493573 -0.985838
outer loop
vertex 8.16631 0.0197806 -43.183
vertex 9.93181 -4.18742 -43.2594
vertex 6.87251 -2.89382 -42.8268
endloop
endfacet

facet normal -0.00129776 -0.943328 0.331858
outer loop
vertex -3.49529 -27.2969 -0.0902648
vertex 0.608307 -28.6323 -3.87026
vertex -0.391893 -26.89 1.07834
endloop
endfacet

facet normal -0.817139 -0.0819847 0.570581
outer loop
vertex -25.2487 -9.74152 -46.5366
vertex -24.9068 -11.0264 -46.2316
vertex -23.9965 -7.14532 -44.3703
endloop
endfacet

facet normal -0.514143 0.409467 -0.753653
outer loop
vertex -43.3682 -1.74572 -18.1975
vertex -43.7531 0.695681 -16.6085
vertex -42.255 0.207181 -17.8959
endloop
endfacet

facet normal 0.333767 0.203096 -0.920517
outer loop
vertex 20.3846 7.77438 -46.0669
vertex 22.4612 6.50798 -45.5934
vertex 22.1012 4.17838 -46.2379
endloop
endfacet

facet normal 0.893346 0.417783 -0.165499
outer loop
vertex -28.2215 3.86718 -4.31016
vertex -28.5883 4.32828 -5.12636
vertex -29.1281 5.97488 -3.88366
endloop
endfacet

facet normal -0.794105 -0.22035 0.56643
outer loop
vertex 28.2134 10.4585 10.9451
vertex 27.39 14.5213 11.3712
vertex 26.2979 11.2934 8.58444
endloop
endfacet

facet normal 0.234791 0.939889 -0.247956
outer loop
vertex 8.29651 -13.9161 16.7393
vertex 7.20131 -13.1785 18.4978
vertex 8.52771 -13.2472 19.4934
endloop
endfacet

facet normal -0.215314 0.508614 0.833638
outer loop
vertex 13.9446 8.30658 32.4879
vertex 12.4943 8.25468 32.1449
vertex 12.8605 6.87758 33.0797
endloop
endfacet

facet normal -0.152442 0.673084 -0.723685
outer loop
vertex -3.49619 22.576 -6.44096
vertex -2.42239 24.1573 -5.19646
vertex 0.0191074 23.117 -6.67826
endloop
endfacet

facet normal -0.955469 0.196818 -0.219869
outer loop
vertex 17.4766 1.10128 35.7003
vertex 17.9124 2.00128 34.6121
vertex 17.7159 1.09138 34.6516
endloop
endfacet

facet normal -0.468511 0.721137 0.510351
outer loop
vertex -16.3856 18.9586 18.3504
vertex -17.068 17.8238 19.3274
vertex -17.0407 16.8251 20.7637
endloop
endfacet

facet normal -0.909335 -0.0174881 0.415697
outer loop
vertex -27.4431 4.64988 -15.7115
vertex -26.8377 4.96638 -14.3739
vertex -26.9991 7.02228 -14.6405
endloop
endfacet

facet normal -0.364565 0.86943 -0.333443
outer loop
vertex 31.8038 1.77318 -17.9537
vertex 31.3577 2.14478 -16.4971
vertex 34.8123 2.66558 -18.9159
endloop
endfacet

facet normal 0.359802 -0.922148 -0.142078
outer loop
vertex 12.2236 -7.31412 22.5075
vertex 15.1941 -5.10012 15.66
vertex 16.7881 -5.03672 19.2849
endloop
endfacet

facet normal -0.353417 0.932716 -0.0716712
outer loop
vertex -11.149 -11.1317 25.8014
vertex -10.7201 -10.782 28.2373
vertex -9.25939 -10.1554 29.1892
endloop
endfacet

facet normal -0.576818 0.391826 0.716766
outer loop
vertex 5.97171 18.9621 23.9649
vertex 5.19801 20.553 22.4726
vertex 4.86901 17.8081 23.7083
endloop
endfacet

facet normal 0.81015 -0.210352 0.547183
outer loop
vertex 36.8468 10.6678 3.82634
vertex 37.6419 5.57658 0.691935
vertex 38.7639 12.0377 1.51454
endloop
endfacet

facet normal -0.212535 -0.966514 -0.143806
outer loop
vertex -40.9639 -6.47372 -9.14076
vertex -43.003 -5.91092 -9.90976
vertex -43.3791 -5.35012 -13.1229
endloop
endfacet

facet normal -0.845344 0.26322 -0.464875
outer loop
vertex -29.8556 4.35098 -11.9922
vertex -29.1147 2.03778 -14.6493
vertex -30.6472 2.10568 -11.8241
endloop
endfacet

facet normal 0.79098 -0.423789 0.44131
outer loop
vertex 8.29651 -13.9161 16.7393
vertex 9.03371 -14.8598 14.5116
vertex 9.05531 -14.4205 14.8948
endloop
endfacet

facet normal -0.0950212 0.163714 0.981921
outer loop
vertex 37.9252 7.38928 -1.23796
vertex 37.7137 1.72348 -0.313865
vertex 38.7779 1.75668 -0.216365
endloop
endfacet

facet normal -0.0781781 -0.985555 0.150234
outer loop
vertex -39.4272 -4.13902 10.9315
vertex -38.1175 -3.37692 16.6125
vertex -41.0129 -3.72922 12.7946
endloop
endfacet

facet normal 0.209408 0.707917 -0.674539
outer loop
vertex 14.3337 6.95748 33.621
vertex 12.8605 6.87758 33.0797
vertex 14.3037 7.47028 34.1499
endloop
endfacet

facet normal -0.886639 -0.395235 0.240125
outer loop
vertex -11.7543 -15.2646 22.3185
vertex -11.1882 -15.3601 24.2515
vertex -12.0234 -13.5335 24.1741
endloop
endfacet

facet normal -0.574101 -0.783272 0.238523
outer loop
vertex -11.6829 -11.9358 21.9538
vertex -14.2262 -10.5311 20.4453
vertex -11.473 -13.0479 18.8069
endloop
endfacet

facet normal -0.958 -0.187292 0.21716
outer loop
vertex -22.9943 -10.0835 -45.3781
vertex -23.0008 -10.8221 -46.0441
vertex -22.512 -13.736 -46.401
endloop
endfacet

facet normal 0.631323 0.0300796 -0.774936
outer loop
vertex 37.8585 -1.50292 -0.321865
vertex 38.7524 -2.12632 0.382135
vertex 37.474 -3.05862 -0.695565
endloop
endfacet

facet normal -0.771609 -0.22599 -0.5946
outer loop
vertex 31.5308 2.69218 -16.7548
vertex 30.987 3.82568 -16.4799
vertex 32.7113 4.01528 -18.7896
endloop
endfacet

facet normal 0.892175 -0.2058 0.402082
outer loop
vertex 18.6042 -13.7589 -47.0666
vertex 18.7662 -12.5965 -46.8309
vertex 18.4538 -13.0198 -46.3545
endloop
endfacet

facet normal -0.413544 -0.788761 -0.454793
outer loop
vertex 12.203 18.4107 19.2821
vertex 11.7919 19.2328 18.2301
vertex 12.5824 18.4627 18.8468
endloop
endfacet

facet normal -0.173036 -0.0413564 -0.984047
outer loop
vertex 39.3237 6.62138 -10.5375
vertex 39.122 5.99408 -10.4757
vertex 37.3403 7.16698 -10.2117
endloop
endfacet

facet normal -0.881742 0.389723 -0.265795
outer loop
vertex -28.0457 5.41538 -31.9359
vertex -26.9977 8.24738 -31.26
vertex -25.1139 9.99308 -34.9497
endloop
endfacet

facet normal -0.0913327 -0.0313751 -0.995326
outer loop
vertex -23.1477 -6.24932 -16.1611
vertex -21.7243 -8.89812 -16.2082
vertex -23.674 -7.61332 -16.0698
endloop
endfacet

facet normal 0.883433 0.312946 0.348728
outer loop
vertex 15.5618 16.2253 16.0039
vertex 13.3743 15.4271 22.2619
vertex 12.8492 13.9432 24.9238
endloop
endfacet

facet normal -0.494325 0.780084 0.383551
outer loop
vertex 1.73241 14.8716 27.8152
vertex 1.30051 14.2328 28.5578
vertex 1.66251 14.4878 28.5058
endloop
endfacet

facet normal -0.690211 -0.510767 0.512568
outer loop
vertex -6.91159 -22.8831 27.9
vertex -6.07529 -21.3736 30.5302
vertex -8.38869 -21.9737 26.8171
endloop
endfacet

facet normal 0.731698 -0.166984 0.660859
outer loop
vertex 2.27101 -19.7125 31.2591
vertex 3.64471 -16.4198 30.5701
vertex 1.78151 -15.6652 32.8238
endloop
endfacet

facet normal -0.723287 0.112313 0.681353
outer loop
vertex -8.99179 -9.67942 29.3948
vertex -9.25939 -10.1554 29.1892
vertex -6.80719 -9.35942 31.6611
endloop
endfacet

facet normal 0.817391 -0.479436 0.319396
outer loop
vertex 15.7799 -7.29322 14.8033
vertex 12.9469 -14.184 11.7096
vertex 15.1885 -10.4759 11.5391
endloop
endfacet

facet normal -0.948424 0.315408 -0.0317745
outer loop
vertex 4.70061 21.6761 19.8057
vertex 4.36581 20.6944 20.0525
vertex 4.03911 19.8772 21.6931
endloop
endfacet

facet normal -0.199947 0.950853 0.23643
outer loop
vertex -15.3455 24.7494 0.204335
vertex -11.5129 24.6996 3.64584
vertex -9.34929 25.9774 0.336335
endloop
endfacet

facet normal -0.481942 0.285055 0.828538
outer loop
vertex -37.8103 -0.778519 -15.2251
vertex -38.4143 -0.208019 -15.7727
vertex -39.0093 -2.43072 -15.3541
endloop
endfacet

facet normal 0.64434 -0.0275839 -0.764241
outer loop
vertex 25.2191 -3.39802 -14.4076
vertex 24.0264 -0.611219 -15.5138
vertex 26.3399 -0.593619 -13.5639
endloop
endfacet

facet normal 0.668549 -0.500758 -0.549804
outer loop
vertex 20.6766 -5.89332 -38.3508
vertex 21.4676 -3.09882 -39.9342
vertex 23.3818 -1.90342 -38.6953
endloop
endfacet

facet normal -0.723906 -0.63093 0.279085
outer loop
vertex -3.00509 -18.3384 36.3004
vertex -3.78549 -16.923 37.4756
vertex -4.22089 -17.1514 35.8302
endloop
endfacet

facet normal 0.256977 -0.474976 0.841641
outer loop
vertex -25.6894 -8.11292 -45.483
vertex -26.8945 -11.4476 -46.997
vertex -25.2487 -9.74152 -46.5366
endloop
endfacet

facet normal -0.148703 -0.146417 -0.977982
outer loop
vertex -23.674 -7.61332 -16.0698
vertex -20.7486 -10.3378 -16.1067
vertex -24.3658 -11.0266 -15.4536
endloop
endfacet

facet normal 0.129575 -0.625131 0.769689
outer loop
vertex -2.25669 -8.92212 34.822
vertex -1.39519 -4.82292 38.0063
vertex -2.93789 -5.64222 37.6005
endloop
endfacet

facet normal 0.326526 -0.586502 -0.741213
outer loop
vertex 18.361 -6.00562 -39.9269
vertex 19.3035 -7.13722 -38.6163
vertex 16.4451 -6.79042 -40.1499
endloop
endfacet

facet normal -0.220136 0.255734 -0.94135
outer loop
vertex -22.8034 -13.5943 -16.267
vertex -14.952 -14.9099 -18.4605
vertex -15.411 -20.3599 -19.8337
endloop
endfacet

facet normal -0.208611 0.304547 -0.929372
outer loop
vertex -20.2193 -11.6488 -16.2095
vertex -14.952 -14.9099 -18.4605
vertex -22.8034 -13.5943 -16.267
endloop
endfacet

facet normal -0.172141 -0.552715 -0.815398
outer loop
vertex 31.1857 -7.17122 -9.75266
vertex 28.7817 -6.61042 -9.62516
vertex 30.4504 -6.67562 -9.93326
endloop
endfacet

facet normal -0.226767 0.878529 0.420433
outer loop
vertex -32.7419 8.87058 5.36154
vertex -32.2996 8.55218 6.26544
vertex -31.4019 9.49698 4.77544
endloop
endfacet

facet normal -0.977004 0.131172 -0.168097
outer loop
vertex 34.2029 2.58138 -13.3908
vertex 34.8914 5.67398 -14.979
vertex 34.8032 4.43928 -15.4297
endloop
endfacet

facet normal 0.532218 -0.789446 0.305811
outer loop
vertex 0.345007 -16.494 33.6167
vertex 2.24511 -15.2677 33.4757
vertex 0.121807 -15.8094 35.7726
endloop
endfacet

facet normal 0.446187 -0.519894 0.728442
outer loop
vertex 15.6134 11.6295 7.14644
vertex 18.2715 11.0997 5.14004
vertex 17.7686 12.6936 6.58574
endloop
endfacet

facet normal 0.111804 0.632525 -0.766428
outer loop
vertex 29.5332 -4.74502 -7.97986
vertex 30.0457 -4.57162 -7.76206
vertex 30.5174 -5.83632 -8.73696
endloop
endfacet

facet normal 0.796151 -0.0631433 0.601795
outer loop
vertex 21.8471 -5.39932 -44.678
vertex 22.6693 -8.81702 -46.1244
vertex 22.8397 -8.16662 -46.2815
endloop
endfacet

facet normal -0.59741 0.79967 -0.0602469
outer loop
vertex -46.5565 5.69868 -11.5634
vertex -45.3183 6.72618 -10.2035
vertex -44.7998 7.05218 -11.018
endloop
endfacet

facet normal -0.874724 0.293745 0.385451
outer loop
vertex -9.25799 20.486 22.6796
vertex -9.71639 22.3231 20.2393
vertex -9.84639 19.7991 21.8676
endloop
endfacet

facet normal -0.912899 -0.0634743 0.40322
outer loop
vertex -45.7112 -4.83012 -1.86506
vertex -43.5696 -3.25532 3.23134
vertex -45.8739 0.751281 -1.35486
endloop
endfacet

facet normal 0.385748 -0.740227 0.550693
outer loop
vertex 8.29651 -13.9161 16.7393
vertex 10.8842 -9.82412 20.4269
vertex 7.20131 -13.1785 18.4978
endloop
endfacet

facet normal -0.0591628 0.821645 -0.566921
outer loop
vertex -47.2757 6.06978 -10.9505
vertex -45.3183 6.72618 -10.2035
vertex -46.5565 5.69868 -11.5634
endloop
endfacet

facet normal -0.0482878 0.872305 0.486572
outer loop
vertex -38.6773 11.4335 8.76494
vertex -33.8336 13.3745 5.76584
vertex -34.1562 13.6579 5.22584
endloop
endfacet

facet normal -0.116049 0.990131 -0.0785703
outer loop
vertex -16.3979 21.4906 13.6014
vertex -10.3115 22.0297 11.4058
vertex -18.4821 21.0291 10.864
endloop
endfacet

facet normal -0.308274 -0.94413 0.11656
outer loop
vertex -8.90709 -27.2947 -4.52996
vertex -9.55669 -27.7553 -9.97846
vertex -4.71899 -28.8048 -5.68506
endloop
endfacet

facet normal -0.775276 -0.629853 -0.0472477
outer loop
vertex -39.5624 -5.89952 -10.2852
vertex -38.4372 -7.19232 -11.514
vertex -39.2626 -6.43362 -8.08586
endloop
endfacet

facet normal -0.575357 0.558846 -0.597207
outer loop
vertex 30.186 -1.72172 -16.8979
vertex 30.115 -1.01872 -16.1716
vertex 30.772 -0.270019 -16.1039
endloop
endfacet

facet normal 0.853298 -0.35744 0.379631
outer loop
vertex 6.43181 -15.4021 26.2483
vertex 7.32581 -13.4419 26.0844
vertex 5.97711 -15.6368 27.0492
endloop
endfacet

facet normal 0.596417 0.122978 0.793198
outer loop
vertex 30.8248 3.56108 13.8784
vertex 31.1333 5.61578 13.3279
vertex 30.0644 9.39098 13.5463
endloop
endfacet

facet normal 0.136788 -0.0141165 -0.9905
outer loop
vertex -2.21809 2.41358 -30.4568
vertex -3.06509 -4.39492 -30.4767
vertex -6.71919 1.55498 -31.0661
endloop
endfacet

facet normal -0.426387 0.742775 0.516217
outer loop
vertex -18.2772 10.8361 26.616
vertex -16.7986 7.45018 32.7092
vertex -13.9661 9.82758 31.628
endloop
endfacet

facet normal -0.468683 -0.781425 0.41196
outer loop
vertex 32.8106 -7.10372 -3.41726
vertex 32.6838 -6.75712 -2.90406
vertex 30.8088 -6.03622 -3.66976
endloop
endfacet

facet normal 0.564411 0.538849 0.625366
outer loop
vertex 11.0613 14.1499 26.5238
vertex 12.123 15.6124 24.3054
vertex 10.6715 15.5208 25.6943
endloop
endfacet

facet normal -0.990753 0.0640178 0.119624
outer loop
vertex 5.89811 0.715081 -38.7379
vertex 6.02901 2.68028 -38.7053
vertex 5.81021 0.671181 -39.4422
endloop
endfacet

facet normal -0.640056 -0.582249 -0.501313
outer loop
vertex 11.1861 -7.98482 31.7695
vertex 11.9446 -8.87142 31.8308
vertex 10.145 -7.20662 32.1949
endloop
endfacet

facet normal -0.747042 0.189064 0.637325
outer loop
vertex 17.6026 2.01508 34.2448
vertex 17.7159 1.09138 34.6516
vertex 17.9124 2.00128 34.6121
endloop
endfacet

facet normal -0.766128 -0.441338 -0.467193
outer loop
vertex -20.0027 -17.0555 -17.7685
vertex -18.0894 -21.1015 -17.0839
vertex -22.497 -16.7936 -13.9256
endloop
endfacet

facet normal 0.793853 0.532875 -0.292988
outer loop
vertex 38.4783 14.0253 2.81184
vertex 38.916 13.5274 3.09244
vertex 38.4958 13.4704 1.85014
endloop
endfacet

facet normal 0.421244 0.905853 -0.0445489
outer loop
vertex 20.6584 13.6297 14.5149
vertex 25.8981 10.9803 10.1864
vertex 25.188 11.1949 7.83644
endloop
endfacet

facet normal 0.751845 -0.38002 0.538809
outer loop
vertex 21.4676 -3.09882 -39.9342
vertex 22.9469 -4.99822 -43.338
vertex 24.4334 -0.172719 -42.0089
endloop
endfacet

facet normal -0.831379 0.517181 0.203304
outer loop
vertex 1.94331 15.1651 27.9312
vertex 1.73241 14.8716 27.8152
vertex 1.66251 14.4878 28.5058
endloop
endfacet

facet normal -0.74157 0.648373 -0.172297
outer loop
vertex 6.45701 17.6298 24.7148
vertex 5.74761 17.1399 25.9241
vertex 6.97851 18.2187 24.6862
endloop
endfacet

facet normal -0.264941 -0.343321 -0.901075
outer loop
vertex 32.9828 0.00838063 -18.2081
vertex 31.9029 1.03278 -18.2809
vertex 33.8645 1.35128 -18.979
endloop
endfacet

facet normal -0.30982 0.0207651 0.950568
outer loop
vertex 5.97791 -19.9997 8.27234
vertex 4.75461 -21.064 7.89694
vertex 6.95521 -20.0081 8.59104
endloop
endfacet

facet normal -0.488803 -0.694349 0.528158
outer loop
vertex -7.30479 -24.0804 20.3005
vertex -6.97599 -23.5196 21.342
vertex -9.40859 -20.3022 23.3203
endloop
endfacet

facet normal 0.454219 -0.606487 -0.652578
outer loop
vertex 33.145 -5.75572 -4.11896
vertex 32.2256 -5.50582 -4.99116
vertex 35.0785 -4.54302 -3.90016
endloop
endfacet

facet normal -0.580796 -0.309116 -0.753076
outer loop
vertex 36.2576 1.23308 2.21804
vertex 36.8406 1.48858 1.66354
vertex 37.0082 1.14208 1.67654
endloop
endfacet

facet normal -0.401487 -0.0298252 0.915379
outer loop
vertex 2.50061 12.3603 30.1615
vertex 5.12251 12.1295 31.304
vertex 3.35701 13.7471 30.5824
endloop
endfacet

facet normal -0.322612 -0.888328 0.326796
outer loop
vertex 7.15731 -15.8906 17.3715
vertex 6.40571 -15.0085 19.0273
vertex 6.85691 -16.7808 14.6553
endloop
endfacet

facet normal 0.56746 0.758815 -0.319669
outer loop
vertex 36.4903 3.35188 -17.9972
vertex 37.4261 3.42988 -16.1512
vertex 37.1814 2.76928 -18.1536
endloop
endfacet

facet normal -0.933337 0.12095 0.338013
outer loop
vertex -24.0986 -9.79762 -15.1556
vertex -24.3658 -11.0266 -15.4536
vertex -24.0796 -12.0136 -14.3103
endloop
endfacet

facet normal 0.316073 -0.217661 0.923429
outer loop
vertex 14.8196 -1.77402 35.7996
vertex 17.0634 -0.476219 35.3375
vertex 15.5365 1.06288 36.2229
endloop
endfacet

facet normal 0.292526 -0.743619 -0.601215
outer loop
vertex -16.7649 -6.54372 -44.2011
vertex -17.9417 -6.50492 -44.8216
vertex -16.4228 -5.82912 -44.9185
endloop
endfacet

facet normal 0.917221 0.371932 -0.142732
outer loop
vertex 30.5988 9.29158 7.22484
vertex 30.0638 12.3056 11.641
vertex 31.1627 8.22178 8.06044
endloop
endfacet

facet normal -0.229408 0.656361 0.718723
outer loop
vertex 12.1184 14.4246 28.4147
vertex 11.5532 15.0469 27.666
vertex 11.3734 12.9149 29.5556
endloop
endfacet

facet normal -0.188295 -0.481943 -0.855731
outer loop
vertex -39.1979 -0.421419 -18.2146
vertex -42.255 0.207181 -17.8959
vertex -39.326 0.911081 -18.9368
endloop
endfacet

facet normal 0.0229091 -0.610552 -0.791645
outer loop
vertex 12.5824 18.4627 18.8468
vertex 11.7919 19.2328 18.2301
vertex 12.0867 19.6513 17.9158
endloop
endfacet

facet normal 0.264825 0.940023 -0.214998
outer loop
vertex -2.83389 23.0578 -13.0107
vertex -3.33269 21.9124 -18.6331
vertex -4.59849 24.1207 -10.5369
endloop
endfacet

facet normal -0.120503 0.979679 0.16034
outer loop
vertex 29.8853 -3.39542 -13.5872
vertex 31.5437 -3.48762 -11.7774
vertex 31.4266 -3.16012 -13.8663
endloop
endfacet

facet normal -0.113203 0.981604 0.153748
outer loop
vertex 29.7348 -3.63432 -12.1726
vertex 31.5437 -3.48762 -11.7774
vertex 29.8853 -3.39542 -13.5872
endloop
endfacet

facet normal 0.108367 -0.919521 -0.377807
outer loop
vertex 11.2546 -10.1643 -27.3663
vertex 15.1742 -8.76892 -29.6383
vertex 13.7378 -10.648 -25.4768
endloop
endfacet

facet normal 0.244124 -0.882498 0.401997
outer loop
vertex 2.65691 -23.1623 23.7279
vertex 3.79331 -21.8286 25.9657
vertex 2.61021 -22.2727 25.7092
endloop
endfacet

facet normal 0.25627 -0.395854 0.881831
outer loop
vertex 32.2236 -2.23052 10.8227
vertex 33.026 1.16248 12.1126
vertex 31.3369 -2.24182 11.0753
endloop
endfacet

facet normal 0.886217 -0.298039 -0.354671
outer loop
vertex -7.46779 -0.894919 -30.878
vertex -8.47189 1.08928 -35.0544
vertex -6.71919 1.55498 -31.0661
endloop
endfacet

facet normal -0.917968 0.193215 0.346415
outer loop
vertex -29.4378 6.05318 -8.33966
vertex -28.5883 4.32828 -5.12636
vertex -27.4853 9.73168 -5.21726
endloop
endfacet

facet normal -0.176745 -0.820065 -0.544293
outer loop
vertex 15.1955 -5.41782 35.6987
vertex 12.8142 -4.71042 35.4061
vertex 14.3526 -4.79812 35.0387
endloop
endfacet

facet normal -0.563715 -0.276258 -0.778401
outer loop
vertex 31.5616 -2.21692 -17.7183
vertex 30.186 -1.72172 -16.8979
vertex 32.8278 -1.90282 -18.7468
endloop
endfacet

facet normal 0.334132 -0.942134 0.0272069
outer loop
vertex 18.827 0.908281 32.7792
vertex 17.8485 0.594381 33.9272
vertex 18.0426 0.599381 31.7176
endloop
endfacet

facet normal -0.883844 -0.162779 0.438546
outer loop
vertex -27.4431 4.64988 -15.7115
vertex -26.8042 2.93268 -15.0613
vertex -26.8377 4.96638 -14.3739
endloop
endfacet

facet normal 0.125321 -0.91195 0.390694
outer loop
vertex 6.85691 -16.7808 14.6553
vertex 5.10771 -16.2462 16.4642
vertex 3.46691 -17.1937 14.7787
endloop
endfacet

facet normal -0.00883408 -0.361063 -0.932499
outer loop
vertex -6.46549 -4.87772 -30.426
vertex 0.199807 -5.89712 -30.0944
vertex -2.91279 -11.9639 -27.7159
endloop
endfacet

facet normal -0.31193 -0.947858 0.0653049
outer loop
vertex -43.2176 3.88578 -15.7992
vertex -44.4542 4.34248 -15.0766
vertex -43.543 3.82258 -18.2709
endloop
endfacet

facet normal -0.262827 -0.703787 -0.660005
outer loop
vertex 16.2923 6.44178 34.7463
vertex 15.3774 7.34658 34.1459
vertex 17.7108 7.03498 33.5489
endloop
endfacet

facet normal 0.495271 0.292075 0.818168
outer loop
vertex 13.7693 -7.96802 31.7675
vertex 12.2933 -7.41782 32.4646
vertex 12.6237 -8.57222 32.6767
endloop
endfacet

facet normal 0.532382 -0.72358 0.439319
outer loop
vertex 11.3338 -22.65 -0.430465
vertex 12.7959 -18.3808 4.82914
vertex 10.2001 -19.5939 5.97684
endloop
endfacet

facet normal 0.143931 0.438992 0.886888
outer loop
vertex -39.018 2.41548 -16.9733
vertex -39.7493 2.25678 -16.7761
vertex -38.4143 -0.208019 -15.7727
endloop
endfacet

facet normal 0.326987 -0.17493 -0.928698
outer loop
vertex -14.6658 22.1105 15.7989
vertex -12.8977 22.9081 16.2712
vertex -10.3777 22.2614 17.2803
endloop
endfacet

facet normal -0.228146 0.163259 -0.959842
outer loop
vertex 11.5622 13.1693 -46.4191
vertex 13.2271 12.8589 -46.8677
vertex 11.0049 11.2686 -46.61
endloop
endfacet

facet normal -0.0879375 -0.304164 0.948552
outer loop
vertex -2.93789 -5.64222 37.6005
vertex -1.39519 -4.82292 38.0063
vertex -3.09489 -4.44432 37.9701
endloop
endfacet

facet normal 0.596544 -0.223942 0.770704
outer loop
vertex 22.1347 -3.51842 -37.818
vertex 24.8902 1.84528 -38.3923
vertex 23.2535 3.79388 -36.5592
endloop
endfacet

facet normal 0.996981 0.0469155 0.0618763
outer loop
vertex 23.0121 6.13798 -16.4598
vertex 23.3051 1.67318 -17.7956
vertex 23.8664 1.84468 -26.97
endloop
endfacet

facet normal 0.997333 0.0404664 0.0607331
outer loop
vertex -16.9483 -1.84862 -46.1852
vertex -16.8869 -4.15152 -45.6586
vertex -16.7171 -6.83732 -46.6581
endloop
endfacet

facet normal -0.942877 0.0604289 -0.327616
outer loop
vertex 17.4766 1.10128 35.7003
vertex 17.4268 2.11208 36.0301
vertex 17.9124 2.00128 34.6121
endloop
endfacet

facet normal -0.113256 0.986917 -0.114754
outer loop
vertex -18.4821 21.0291 10.864
vertex -10.3115 22.0297 11.4058
vertex -16.9032 20.8729 7.96274
endloop
endfacet

facet normal -0.0491253 0.987063 0.152623
outer loop
vertex 33.4106 4.18308 9.61944
vertex 35.5903 4.52628 8.10134
vertex 34.7449 4.64608 7.05464
endloop
endfacet

facet normal -0.418237 -0.287507 -0.861636
outer loop
vertex 37.661 -4.74482 -8.71296
vertex 38.9859 -4.19492 -9.53956
vertex 38.2734 -4.84922 -8.97546
endloop
endfacet

facet normal -0.229049 -0.726014 -0.648413
outer loop
vertex 12.9904 20.5144 16.5172
vertex 10.8623 20.3953 17.4024
vertex 9.05511 22.1534 16.0723
endloop
endfacet

facet normal 0.311163 0.454316 -0.83473
outer loop
vertex -8.15659 24.3349 -7.13156
vertex -6.33849 22.9 -7.23476
vertex -7.47189 22.7825 -7.72126
endloop
endfacet

facet normal 0.721194 0.6583 0.215687
outer loop
vertex 11.759 17.4066 25.4319
vertex 10.86 18.1029 26.3128
vertex 11.7768 16.9343 26.8143
endloop
endfacet

facet normal -0.559199 -0.746028 0.361578
outer loop
vertex 14.4967 -7.61512 -43.5738
vertex 12.5571 -5.43772 -42.0809
vertex 12.5273 -6.50922 -44.3378
endloop
endfacet

facet normal 0.605558 -0.55309 -0.572181
outer loop
vertex -0.750093 -27.4231 19.057
vertex 1.26861 -22.7359 16.6626
vertex 3.39821 -23.0111 19.1824
endloop
endfacet

facet normal -0.0915424 0.995758 -0.00925189
outer loop
vertex -16.3979 21.4906 13.6014
vertex -11.9445 21.9137 15.0769
vertex -10.3115 22.0297 11.4058
endloop
endfacet

facet normal -0.105176 -0.389438 0.915028
outer loop
vertex 7.76181 -4.34622 33.5938
vertex 11.1 -3.39902 34.3807
vertex 11.8964 -2.28662 34.9456
endloop
endfacet

facet normal -0.394574 0.0571677 0.917084
outer loop
vertex 5.12251 12.1295 31.304
vertex 2.50061 12.3603 30.1615
vertex 4.53641 11.3287 31.1017
endloop
endfacet

facet normal 0.454483 -0.843798 0.285396
outer loop
vertex 30.0458 -7.66842 2.28074
vertex 29.2435 -5.85532 8.91904
vertex 27.0998 -7.81802 6.52984
endloop
endfacet

facet normal 0.92013 0.19912 -0.337213
outer loop
vertex -37.6725 9.79278 11.6706
vertex -38.0937 11.5668 11.5688
vertex -37.2589 11.7568 13.9588
endloop
endfacet

facet normal -0.692965 -0.203348 -0.6917
outer loop
vertex -45.0754 2.12978 -4.05276
vertex -44.9874 0.755081 -3.73676
vertex -46.1577 6.74738 -4.32606
endloop
endfacet

facet normal 0.234611 -0.972081 -0.00391443
outer loop
vertex -31.0377 -4.40622 -0.183365
vertex -33.7066 -5.06562 3.61704
vertex -32.9822 -4.87402 -0.548165
endloop
endfacet

facet normal 0.926713 0.0972734 0.362961
outer loop
vertex 36.6826 5.90308 0.366035
vertex 36.8885 4.71278 0.159335
vertex 37.1204 7.25748 -1.11476
endloop
endfacet

facet normal -0.644913 0.758566 0.093089
outer loop
vertex -15.9708 17.467 26.6978
vertex -14.1142 19.122 26.0743
vertex -16.3957 17.2422 25.5863
endloop
endfacet

facet normal 0.814652 0.223667 0.535084
outer loop
vertex 34.2832 7.57068 3.12334
vertex 34.2536 4.98358 4.24994
vertex 35.398 6.00848 2.07914
endloop
endfacet

facet normal -0.872178 -0.389706 -0.295693
outer loop
vertex -22.3886 -14.4788 -12.1698
vertex -23.3501 -12.2339 -12.2926
vertex -22.5329 -13.1526 -13.4921
endloop
endfacet

facet normal 0.6183 0.785942 -0.000625823
outer loop
vertex 25.8981 10.9803 10.1864
vertex 24.0891 12.4066 14.3143
vertex 26.7233 10.3336 13.3668
endloop
endfacet

facet normal 0.324173 -0.393107 0.860453
outer loop
vertex 21.7069 -9.99892 -46.3017
vertex 22.6693 -8.81702 -46.1244
vertex 18.3493 -8.44622 -44.3274
endloop
endfacet

facet normal -0.39386 -0.73532 -0.551524
outer loop
vertex 17.9258 -3.25172 7.33814
vertex 21.705 -4.15562 5.84444
vertex 17.6953 -4.51442 9.18624
endloop
endfacet

facet normal -0.156127 -0.884001 0.440644
outer loop
vertex -5.74659 -17.8167 13.5417
vertex -11.7629 -16.0675 14.9193
vertex -12.392 -18.6189 9.57784
endloop
endfacet

facet normal -0.956548 -0.291359 0.011256
outer loop
vertex 18.1445 5.57728 32.6766
vertex 18.1138 5.72938 34.0083
vertex 17.7108 7.03498 33.5489
endloop
endfacet

facet normal -0.330989 0.44198 -0.833726
outer loop
vertex -43.1013 4.98958 -19.6234
vertex -43.1488 6.52378 -18.7913
vertex -41.7272 5.82628 -19.7254
endloop
endfacet

facet normal -0.290089 0.898563 0.329293
outer loop
vertex -16.3979 21.4906 13.6014
vertex -14.6545 20.9804 16.5295
vertex -13.3987 21.3578 16.6058
endloop
endfacet

facet normal -0.69437 -0.318692 0.645202
outer loop
vertex -9.03489 -15.7248 30.6948
vertex -6.62919 -15.2558 33.5154
vertex -10.1744 -14.4858 30.0804
endloop
endfacet

facet normal 0.582342 0.812606 -0.0234382
outer loop
vertex 9.21531 19.2675 25.8251
vertex 10.86 18.1029 26.3128
vertex 9.48341 19.0379 24.5237
endloop
endfacet

facet normal 0.771953 -0.287747 0.566825
outer loop
vertex -16.7171 -6.83732 -46.6581
vertex -17.2014 -5.48092 -45.3099
vertex -17.9417 -6.50492 -44.8216
endloop
endfacet

facet normal -0.310622 0.949095 -0.0522766
outer loop
vertex -40.8918 9.75648 -5.65946
vertex -39.2664 10.3831 -3.94086
vertex -40.6716 9.73208 -7.41066
endloop
endfacet

facet normal 0.776251 -0.247847 0.57966
outer loop
vertex 32.0674 0.155681 8.27354
vertex 31.7106 0.995681 9.11054
vertex 31.6198 -0.453119 8.61264
endloop
endfacet

facet normal -0.95786 -0.150581 0.244602
outer loop
vertex 34.7412 -4.69102 -14.8694
vertex 35.1719 -4.77282 -13.2332
vertex 34.2648 -1.15522 -14.5582
endloop
endfacet

facet normal 0.158335 0.634822 0.756261
outer loop
vertex -1.44119 6.94268 37.4821
vertex -0.894893 8.43748 36.113
vertex -2.51779 8.71138 36.2228
endloop
endfacet

facet normal 0.973306 -0.188401 -0.131078
outer loop
vertex -12.1275 5.92678 -45.953
vertex -12.9117 0.253181 -43.6215
vertex -13.1671 1.09038 -46.7209
endloop
endfacet

facet normal 0.533662 -0.739185 0.410865
outer loop
vertex 4.06611 -15.4172 31.8267
vertex 3.64471 -16.4198 30.5701
vertex 4.99511 -16.6023 28.4879
endloop
endfacet

facet normal -0.407092 -0.858098 -0.312961
outer loop
vertex 10.7898 -5.73782 -40.1244
vertex 6.87251 -2.89382 -42.8268
vertex 9.93181 -4.18742 -43.2594
endloop
endfacet

facet normal -0.861315 0.163258 -0.481127
outer loop
vertex 32.6089 4.50248 7.71034
vertex 33.3215 5.58878 6.80334
vertex 33.139 4.43478 6.73844
endloop
endfacet

facet normal 0.607443 -0.714212 0.347727
outer loop
vertex -14.8229 -4.46042 -43.3146
vertex -16.7753 -5.45702 -41.9511
vertex -16.7649 -6.54372 -44.2011
endloop
endfacet

facet normal 0.278565 0.415259 -0.866003
outer loop
vertex -8.15659 24.3349 -7.13156
vertex -4.78779 22.7273 -6.81876
vertex -6.33849 22.9 -7.23476
endloop
endfacet

facet normal -0.534375 0.103129 -0.838933
outer loop
vertex 36.3159 7.49498 -9.51876
vertex 36.8993 8.90068 -9.71756
vertex 37.3403 7.16698 -10.2117
endloop
endfacet

facet normal 0.249994 -0.181552 0.951074
outer loop
vertex 32.8086 -2.17502 -15.3746
vertex 31.54 -0.856819 -14.7896
vertex 31.4821 -1.87522 -14.9687
endloop
endfacet

facet normal 0.891758 -0.436366 0.1198
outer loop
vertex 5.38201 -14.8049 30.5421
vertex 5.75571 -14.4585 29.0219
vertex 6.03381 -13.7307 29.6025
endloop
endfacet

facet normal 0.91791 0.276757 -0.284336
outer loop
vertex 5.00991 -16.9765 18.9126
vertex 5.43691 -16.0806 21.1632
vertex 5.75001 -18.1851 20.1254
endloop
endfacet

facet normal 0.878053 0.381937 0.288352
outer loop
vertex -10.4791 3.24078 -38.6914
vertex -12.3854 8.74788 -40.1809
vertex -12.6581 8.09928 -38.4913
endloop
endfacet

facet normal 0.837722 0.538087 0.093189
outer loop
vertex 11.7919 19.2328 18.2301
vertex 12.203 18.4107 19.2821
vertex 12.3431 18.3305 18.4852
endloop
endfacet

facet normal 0.137146 0.986592 0.0884743
outer loop
vertex -11.5563 19.9207 26.0763
vertex -8.65359 19.525 25.9892
vertex -11.342 19.9893 24.9791
endloop
endfacet

facet normal 0.648637 -0.701738 -0.294675
outer loop
vertex -13.8983 -9.04812 -29.5456
vertex -12.5435 -6.06852 -33.659
vertex -9.62339 -3.49182 -33.3676
endloop
endfacet

facet normal -0.61674 -0.748445 0.243849
outer loop
vertex -15.1804 -23.1676 -1.45126
vertex -19.4373 -18.7621 1.30404
vertex -16.8642 -23.1158 -5.55096
endloop
endfacet

facet normal -0.724264 0.484464 -0.490648
outer loop
vertex 36.0497 4.24688 5.02144
vertex 36.5971 4.57198 4.53434
vertex 36.1322 3.09498 3.76224
endloop
endfacet

facet normal 0.541485 -0.840224 -0.0285969
outer loop
vertex 1.71111 -23.7402 22.7975
vertex 2.65691 -23.1623 23.7279
vertex 0.597707 -24.4798 23.4474
endloop
endfacet

facet normal -0.231286 -0.969017 -0.0866755
outer loop
vertex -21.1171 -14.7356 -46.5265
vertex -22.3784 -14.3861 -47.069
vertex -20.7789 -14.6628 -48.2428
endloop
endfacet

facet normal -0.554007 -0.653585 -0.515658
outer loop
vertex 17.9258 -3.25172 7.33814
vertex 17.6953 -4.51442 9.18624
vertex 15.5637 -3.70702 10.453
endloop
endfacet

facet normal 0.487123 0.218328 0.845602
outer loop
vertex -38.9837 3.86818 10.0819
vertex -38.5066 -0.870419 11.0306
vertex -36.2483 1.41878 9.13864
endloop
endfacet

facet normal -0.808418 -0.253085 -0.531421
outer loop
vertex 20.2606 2.13258 2.96454
vertex 21.2186 1.11438 1.99214
vertex 19.6401 0.623781 4.62704
endloop
endfacet

facet normal 0.816702 0.228641 0.529832
outer loop
vertex 35.398 6.00848 2.07914
vertex 37.1204 7.25748 -1.11476
vertex 34.2832 7.57068 3.12334
endloop
endfacet

facet normal -0.883821 -0.466744 -0.0317901
outer loop
vertex -9.40859 -20.3022 23.3203
vertex -9.51239 -20.0924 23.1251
vertex -7.30479 -24.0804 20.3005
endloop
endfacet

facet normal 0.924265 -0.104769 0.367094
outer loop
vertex 41.801 0.974381 -9.04106
vertex 39.9364 0.779581 -4.40206
vertex 41.9191 -0.251719 -9.68846
endloop
endfacet

facet normal 0.709692 -0.383392 -0.591056
outer loop
vertex 18.1201 -4.05002 33.3927
vertex 17.3685 -2.33512 31.3778
vertex 18.3212 -3.03072 32.973
endloop
endfacet

facet normal 0.0502464 -0.81847 0.572348
outer loop
vertex 0.955207 -20.1701 9.83254
vertex -3.67029 -18.0582 13.2587
vertex -1.23499 -21.2262 8.51464
endloop
endfacet

facet normal -0.17861 0.00502946 -0.983907
outer loop
vertex -24.3658 -11.0266 -15.4536
vertex -20.7486 -10.3378 -16.1067
vertex -20.2193 -11.6488 -16.2095
endloop
endfacet

facet normal -0.611084 0.648146 -0.454404
outer loop
vertex 29.9476 -5.04872 3.46554
vertex 31.8646 -4.96442 1.00774
vertex 29.6374 -7.12452 0.921835
endloop
endfacet

facet normal 0.702255 -0.710629 -0.042954
outer loop
vertex 26.2113 -5.54552 13.8574
vertex 28.6911 -2.86282 10.0169
vertex 28.6231 -3.27732 15.7636
endloop
endfacet

facet normal -0.771448 -0.168843 0.613482
outer loop
vertex 34.8914 5.67398 -14.979
vertex 34.2098 4.93718 -16.0388
vertex 34.8032 4.43928 -15.4297
endloop
endfacet

facet normal 0.445884 -0.581901 -0.680132
outer loop
vertex -29.025 -1.64772 -2.65966
vertex -28.6951 -0.456819 -3.46226
vertex -26.2187 -1.91222 -0.593565
endloop
endfacet

facet normal 0.50556 -0.768427 -0.392339
outer loop
vertex -33.2981 -2.57332 -4.51506
vertex -31.7007 -1.89422 -3.78676
vertex -33.2389 -4.29002 -1.07656
endloop
endfacet

facet normal 0.274576 -0.769958 0.575997
outer loop
vertex -2.32089 -27.7687 21.502
vertex -0.632693 -27.7601 20.7087
vertex -0.462993 -26.3337 22.5344
endloop
endfacet

facet normal 0.423204 0.246201 0.871942
outer loop
vertex 14.2527 16.959 -9.44946
vertex 14.7491 18.2177 -10.0458
vertex 13.2202 17.9097 -9.21676
endloop
endfacet

facet normal -0.627083 -0.627434 0.46162
outer loop
vertex -24.5369 -4.73502 16.1945
vertex -25.5136 0.401281 21.849
vertex -28.8041 -0.265419 16.4729
endloop
endfacet

facet normal 0.0912572 -0.988831 0.117834
outer loop
vertex -36.5923 -6.98982 2.25924
vertex -33.1525 -6.30762 5.31954
vertex -33.5054 -6.13202 7.06684
endloop
endfacet

facet normal -0.929416 -0.21124 0.302593
outer loop
vertex -9.25209 -17.8188 27.066
vertex -8.38869 -21.9737 26.8171
vertex -8.60509 -17.8995 28.9968
endloop
endfacet

facet normal -0.548452 -0.26824 -0.791989
outer loop
vertex 19.457 6.65138 2.70294
vertex 19.8845 3.99168 3.30774
vertex 18.3541 6.66528 3.46204
endloop
endfacet

facet normal -0.516717 -0.26795 -0.813146
outer loop
vertex 19.8845 3.99168 3.30774
vertex 19.457 6.65138 2.70294
vertex 20.7417 4.33798 2.64894
endloop
endfacet

facet normal 0.200687 -0.338292 0.919393
outer loop
vertex 0.139007 -19.826 32.5216
vertex 0.843907 -17.7674 33.1252
vertex -1.86959 -17.6964 33.7437
endloop
endfacet

facet normal 0.127571 -0.400388 0.907422
outer loop
vertex -1.86959 -17.6964 33.7437
vertex -2.31689 -20.8274 32.4251
vertex 0.139007 -19.826 32.5216
endloop
endfacet

facet normal 0.380939 0.638938 0.668315
outer loop
vertex -15.8155 15.162 27.3859
vertex -16.4594 14.7213 28.1743
vertex -15.7351 13.2249 29.1921
endloop
endfacet

facet normal 0.631533 0.170391 0.756395
outer loop
vertex 32.6111 2.10188 -16.5268
vertex 31.3985 1.76238 -15.4379
vertex 30.9705 0.0305806 -14.6904
endloop
endfacet

facet normal 0.202736 -0.358094 0.911409
outer loop
vertex 6.00321 -17.1591 23.8286
vertex 6.84531 -15.2792 24.3799
vertex 5.68421 -15.1163 24.7022
endloop
endfacet

facet normal -0.720625 -0.112394 -0.684155
outer loop
vertex -16.3856 18.9586 18.3504
vertex -15.5283 20.3586 17.2175
vertex -15.8601 19.2585 17.7477
endloop
endfacet

facet normal 0.815328 -0.13903 -0.56206
outer loop
vertex 18.0426 0.599381 31.7176
vertex 18.427 2.09838 31.9045
vertex 18.827 0.908281 32.7792
endloop
endfacet

facet normal 0.576335 -0.549773 -0.604639
outer loop
vertex -41.6628 -5.32242 -12.7369
vertex -40.8681 -4.58802 -12.6471
vertex -40.8889 -5.84082 -11.5278
endloop
endfacet

facet normal -0.657746 0.373358 0.654198
outer loop
vertex 4.86901 17.8081 23.7083
vertex 5.19801 20.553 22.4726
vertex 4.03911 19.8772 21.6931
endloop
endfacet

facet normal -0.360121 0.839205 0.40749
outer loop
vertex -16.2751 23.0399 4.05504
vertex -16.9032 20.8729 7.96274
vertex -10.3115 22.0297 11.4058
endloop
endfacet

facet normal 0.219794 -0.734773 -0.641716
outer loop
vertex -17.4414 18.2533 18.9348
vertex -19.1175 18.0926 18.5447
vertex -16.7811 19.374 17.8777
endloop
endfacet

facet normal -0.699842 -0.507534 0.502623
outer loop
vertex -26.8968 -5.40982 -44.0614
vertex -25.5397 -3.35562 -40.0974
vertex -28.2039 -3.06062 -43.5092
endloop
endfacet

facet normal -0.044493 -0.781745 -0.622009
outer loop
vertex 17.3813 -9.03192 -43.5219
vertex 16.2965 -8.38692 -44.255
vertex 18.3493 -8.44622 -44.3274
endloop
endfacet

facet normal 0.98102 0.0367254 0.190395
outer loop
vertex 24.8666 4.65988 -38.8133
vertex 24.8902 1.84528 -38.3923
vertex 25.2841 2.10348 -40.4717
endloop
endfacet

facet normal -0.109457 -0.987121 0.116669
outer loop
vertex -29.2906 -2.48962 10.2381
vertex -29.8354 -2.81152 7.00304
vertex -27.4738 -3.11422 6.65774
endloop
endfacet

facet normal 0.763411 -0.613494 0.20206
outer loop
vertex 15.8461 -5.27252 31.5649
vertex 17.369 -3.81952 30.2225
vertex 16.8505 -3.55222 32.9934
endloop
endfacet

facet normal -0.822164 -0.026116 0.568651
outer loop
vertex -18.9435 16.277 21.1641
vertex -17.0903 15.3968 23.8031
vertex -18.5002 17.7615 21.8732
endloop
endfacet

facet normal 0.0281006 0.965564 0.258645
outer loop
vertex 33.3347 3.57768 11.8875
vertex 35.5903 4.52628 8.10134
vertex 33.4106 4.18308 9.61944
endloop
endfacet

facet normal 0.80093 0.474622 0.365028
outer loop
vertex 23.5464 12.3082 17.77
vertex 24.3568 10.2032 18.7287
vertex 26.7233 10.3336 13.3668
endloop
endfacet

facet normal 0.109122 0.371063 -0.922174
outer loop
vertex 19.457 6.65138 2.70294
vertex 18.6154 7.85558 3.08794
vertex 19.4043 10.4718 4.23394
endloop
endfacet

facet normal 0.919917 0.166555 0.354981
outer loop
vertex 41.6397 5.91468 -10.5166
vertex 39.7567 5.42968 -5.40946
vertex 42.1521 1.84878 -9.93686
endloop
endfacet

facet normal -0.105086 0.0671251 0.992195
outer loop
vertex -1.70319 -25.3719 22.7229
vertex -2.53999 -26.3075 22.6976
vertex -1.70939 -26.2307 22.7804
endloop
endfacet

facet normal 0.475945 -0.860609 0.181186
outer loop
vertex 37.661 -4.74482 -8.71296
vertex 36.3896 -5.24032 -7.72656
vertex 36.8585 -5.60062 -10.6699
endloop
endfacet

facet normal -0.422448 0.815969 -0.394631
outer loop
vertex 32.2355 3.87358 8.36614
vertex 31.4177 4.15858 9.83084
vertex 31.6998 4.32208 9.86694
endloop
endfacet

facet normal 0.305853 0.949648 -0.0679874
outer loop
vertex -41.8458 7.34298 -10.7372
vertex -38.7117 6.49068 -8.54316
vertex -40.5675 6.89418 -11.2556
endloop
endfacet

facet normal 0.153977 -0.453459 0.877876
outer loop
vertex 22.8397 -8.16662 -46.2815
vertex 23.9619 -7.79122 -46.2844
vertex 21.8471 -5.39932 -44.678
endloop
endfacet

facet normal 0.716617 -0.0192692 0.6972
outer loop
vertex 23.6339 -9.60042 -47.1375
vertex 22.8397 -8.16662 -46.2815
vertex 22.6693 -8.81702 -46.1244
endloop
endfacet

facet normal -0.652226 0.231633 -0.721767
outer loop
vertex 30.4651 0.711081 -17.0848
vertex 31.8038 1.77318 -17.9537
vertex 31.9029 1.03278 -18.2809
endloop
endfacet

facet normal -0.510244 -0.270945 -0.816235
outer loop
vertex -46.1441 -4.66512 -9.33446
vertex -47.5529 -0.460119 -9.84956
vertex -45.7807 -2.47632 -10.2882
endloop
endfacet

facet normal -0.772287 0.433191 -0.464671
outer loop
vertex 37.7065 2.60538 1.94624
vertex 38.859 3.03158 0.428235
vertex 36.6197 -0.172819 1.16254
endloop
endfacet

facet normal 0.269617 -0.912705 -0.307044
outer loop
vertex 17.8127 -6.21582 -40.6571
vertex 16.4451 -6.79042 -40.1499
vertex 16.3013 -6.63442 -40.7397
endloop
endfacet

facet normal -0.75224 0.485063 -0.445925
outer loop
vertex -24.7139 16.4177 -6.55256
vertex -25.9829 12.4053 -8.77656
vertex -27.0462 11.6559 -7.79796
endloop
endfacet

facet normal 0.522634 0.819176 -0.236228
outer loop
vertex -0.234593 19.7445 -19.2963
vertex -3.33269 21.9124 -18.6331
vertex -0.527193 21.7422 -13.0163
endloop
endfacet

facet normal 0.524305 -0.420741 -0.740325
outer loop
vertex 19.3035 -7.13722 -38.6163
vertex 18.361 -6.00562 -39.9269
vertex 20.6766 -5.89332 -38.3508
endloop
endfacet

facet normal -0.861651 0.145063 0.486327
outer loop
vertex -23.1497 1.57228 28.3121
vertex -21.7083 4.20928 30.0795
vertex -24.6325 4.76748 24.7318
endloop
endfacet

facet normal -0.888446 0.309097 -0.339298
outer loop
vertex -31.3556 11.3738 6.36394
vertex -31.4019 9.49698 4.77544
vertex -32.2996 8.55218 6.26544
endloop
endfacet

facet normal 0.284554 0.665012 0.690498
outer loop
vertex 16.989 12.7935 26.0115
vertex 14.9844 12.5811 27.0421
vertex 14.9443 10.1612 29.3893
endloop
endfacet

facet normal 0.975653 -0.197749 -0.0948458
outer loop
vertex -40.8681 -4.58802 -12.6471
vertex -41.0628 -4.65272 -14.5147
vertex -40.3974 -1.23152 -14.8034
endloop
endfacet

facet normal -0.935816 0.22917 -0.267824
outer loop
vertex 31.8833 1.36608 11.4906
vertex 33.0302 1.98588 8.01364
vertex 32.7452 1.18168 8.32144
endloop
endfacet

facet normal 0.0961602 -0.976268 0.194047
outer loop
vertex -0.632693 -27.7601 20.7087
vertex -2.32089 -27.7687 21.502
vertex -2.04229 -28.0399 19.9994
endloop
endfacet

facet normal 0.158107 0.232776 -0.959592
outer loop
vertex -2.58729 5.24118 -29.8317
vertex -2.21809 2.41358 -30.4568
vertex -5.07889 5.01308 -30.2975
endloop
endfacet

facet normal 0.90151 -0.293494 0.318025
outer loop
vertex 38.7779 1.75668 -0.216365
vertex 38.2821 0.0729806 -0.364665
vertex 39.9364 0.779581 -4.40206
endloop
endfacet

facet normal 0.633026 -0.77143 0.0645953
outer loop
vertex 19.081 -7.15402 -36.6364
vertex 17.215 -8.77972 -37.7654
vertex 19.3035 -7.13722 -38.6163
endloop
endfacet

facet normal -0.401099 -0.225256 0.887907
outer loop
vertex -27.6203 -6.50062 -45.821
vertex -29.3506 -8.21872 -47.0386
vertex -28.4675 -9.67522 -47.0091
endloop
endfacet

facet normal 0.83366 0.332425 -0.441027
outer loop
vertex 25.0185 2.27368 -14.3059
vertex 24.8376 5.78828 -11.9987
vertex 26.1454 3.03008 -11.6058
endloop
endfacet

facet normal 0.331682 0.94307 0.0245994
outer loop
vertex 34.172 9.75348 -4.12236
vertex 35.0352 9.42928 -3.33386
vertex 35.4915 9.34718 -6.33906
endloop
endfacet

facet normal -0.530987 0.365704 0.764404
outer loop
vertex 1.57721 -13.9017 35.4277
vertex 1.90231 -11.7296 34.6143
vertex 1.52761 -11.6533 34.3176
endloop
endfacet

facet normal -0.508972 -0.694927 -0.507961
outer loop
vertex -11.7926 -24.6964 -18.4751
vertex -15.6489 -24.1106 -15.4127
vertex -18.0894 -21.1015 -17.0839
endloop
endfacet

facet normal 0.323916 0.201147 -0.924456
outer loop
vertex 14.5859 -11.263 -16.429
vertex 15.9879 -11.1572 -15.9147
vertex 12.3464 -14.1767 -17.8477
endloop
endfacet

facet normal 0.729898 -0.416034 0.542369
outer loop
vertex 16.333 -16.6998 -5.80326
vertex 20.8111 -8.17022 -5.28696
vertex 18.6223 -5.64682 -0.405665
endloop
endfacet

facet normal -0.365304 -0.720394 -0.589564
outer loop
vertex 23.5395 -5.13342 4.34664
vertex 22.4326 -2.85162 2.24424
vertex 24.5425 -4.28632 2.68994
endloop
endfacet

facet normal 0.966093 -0.258062 0.00832355
outer loop
vertex 21.0862 -9.26212 -14.625
vertex 21.3848 -8.18802 -15.9931
vertex 21.9408 -6.08292 -15.2502
endloop
endfacet

facet normal 0.385071 -0.603027 -0.698626
outer loop
vertex 22.3928 -5.69842 -44.1191
vertex 19.7028 -8.03172 -43.5877
vertex 21.8471 -5.39932 -44.678
endloop
endfacet

facet normal 0.982477 0.183495 -0.0326908
outer loop
vertex 19.8845 3.99168 3.30774
vertex 20.2986 1.41318 1.27844
vertex 19.4109 6.20558 1.50004
endloop
endfacet

facet normal -0.788432 -0.143423 0.598168
outer loop
vertex 1.66681 -24.3055 22.3092
vertex 1.82381 -24.7238 22.4158
vertex 2.22731 -24.4203 23.0204
endloop
endfacet

facet normal 0.383037 -0.645062 -0.661194
outer loop
vertex -11.9663 21.3501 17.2491
vertex -10.3777 22.2614 17.2803
vertex -11.0714 21.0853 18.0259
endloop
endfacet

facet normal 0.696062 -0.70889 0.113898
outer loop
vertex 11.4136 -5.89072 32.3187
vertex 13.3459 -3.59212 34.8157
vertex 12.8962 -4.08352 34.5056
endloop
endfacet

facet normal 0.672488 0.644268 -0.364251
outer loop
vertex -40.5675 6.89418 -11.2556
vertex -38.7117 6.49068 -8.54316
vertex -38.6034 5.45258 -10.1791
endloop
endfacet

facet normal -0.61236 0.78602 -0.084786
outer loop
vertex 9.71961 12.2848 28.6881
vertex 10.9195 13.2152 28.6469
vertex 10.3902 12.7134 27.8182
endloop
endfacet

facet normal -0.604151 -0.781434 -0.156083
outer loop
vertex -21.5994 -7.53572 -31.2343
vertex -21.5988 -9.00572 -23.8765
vertex -24.8356 -5.11832 -30.8103
endloop
endfacet

facet normal -0.526253 -0.754166 0.392799
outer loop
vertex -15.1804 -23.1676 -1.45126
vertex -14.0176 -22.023 2.30434
vertex -19.4373 -18.7621 1.30404
endloop
endfacet

facet normal -0.710613 -0.149639 -0.687486
outer loop
vertex -23.674 -7.61332 -16.0698
vertex -24.0986 -9.79762 -15.1556
vertex -23.958 -6.75222 -15.9638
endloop
endfacet

facet normal 0.957701 -0.221506 0.183694
outer loop
vertex 11.5191 -6.22592 21.0274
vertex 10.81 -8.56782 21.9004
vertex 11.4253 -7.00772 20.5737
endloop
endfacet

facet normal -0.961315 -0.0232789 -0.274465
outer loop
vertex -45.1985 5.19938 -12.1313
vertex -44.5866 4.98818 -14.2563
vertex -44.3122 3.47388 -15.0891
endloop
endfacet

facet normal 0.0297064 0.488931 0.871816
outer loop
vertex 37.6611 4.10458 5.04634
vertex 36.0497 4.24688 5.02144
vertex 35.5153 3.27858 5.58274
endloop
endfacet

facet normal -0.85011 0.191802 0.490433
outer loop
vertex -28.5883 4.32828 -5.12636
vertex -28.2215 3.86718 -4.31016
vertex -27.2726 4.97638 -3.09916
endloop
endfacet

facet normal -0.801449 -0.549147 -0.236891
outer loop
vertex -5.98979 -25.5168 22.7832
vertex -6.63689 -24.8689 23.4702
vertex -6.69119 -23.91 21.4313
endloop
endfacet

facet normal 0.857306 0.512224 0.0515021
outer loop
vertex 20.8571 8.69138 -40.6071
vertex 22.4612 6.50798 -45.5934
vertex 20.1954 10.3468 -46.056
endloop
endfacet

facet normal -0.641084 0.764371 -0.0689115
outer loop
vertex 12.3082 13.4455 -42.1923
vertex 12.6157 13.928 -39.702
vertex 13.0236 14.0648 -41.9784
endloop
endfacet

facet normal -0.348764 -0.931719 0.101306
outer loop
vertex 31.1857 -7.17122 -9.75266
vertex 30.6259 -7.28032 -12.6835
vertex 32.1266 -7.66702 -11.0738
endloop
endfacet

facet normal -0.697513 0.0271401 0.716058
outer loop
vertex 30.3527 -2.42792 -15.8866
vertex 31.54 -0.856819 -14.7896
vertex 30.115 -1.01872 -16.1716
endloop
endfacet

facet normal -0.399626 0.145925 -0.904989
outer loop
vertex -25.5913 8.68778 -45.8607
vertex -23.3965 11.4932 -46.3775
vertex -22.7274 10.7787 -46.7882
endloop
endfacet

facet normal 0.862994 -0.280133 -0.420437
outer loop
vertex 25.467 -6.01922 -47.4927
vertex 25.0638 -7.01392 -47.6576
vertex 24.974 -6.04832 -48.4853
endloop
endfacet

facet normal -0.742307 -0.587156 0.322844
outer loop
vertex -14.9113 -8.33312 22.5307
vertex -13.8085 -8.05342 25.5749
vertex -17.1639 -6.98742 19.7988
endloop
endfacet

facet normal 0.469682 -0.0266639 -0.882433
outer loop
vertex -6.71919 1.55498 -31.0661
vertex -6.63339 4.68118 -31.1149
vertex -5.07889 5.01308 -30.2975
endloop
endfacet

facet normal -0.298792 0.954317 0.00132501
outer loop
vertex -11.342 19.9893 24.9791
vertex -13.9699 19.1673 24.4848
vertex -11.5563 19.9207 26.0763
endloop
endfacet

facet normal -0.424351 -0.553476 0.716653
outer loop
vertex -3.54849 -24.9792 24.6404
vertex -4.32589 -23.1214 25.6148
vertex -6.56999 -23.1313 24.2784
endloop
endfacet

facet normal 0.120838 -0.947474 -0.296126
outer loop
vertex 33.6109 -5.57832 -16.7244
vertex 31.6298 -6.35802 -15.0381
vertex 31.4851 -5.94402 -16.4218
endloop
endfacet

facet normal -0.752617 -0.512973 0.412827
outer loop
vertex -20.0846 -17.6431 -6.29086
vertex -18.4063 -17.7664 -3.38426
vertex -21.922 -14.2718 -5.45146
endloop
endfacet

facet normal -0.654945 0.298548 -0.694202
outer loop
vertex 36.4949 -6.51162 -8.37266
vertex 36.3896 -5.24032 -7.72656
vertex 37.661 -4.74482 -8.71296
endloop
endfacet

facet normal 0.630773 -0.764117 0.135094
outer loop
vertex 2.65691 -23.1623 23.7279
vertex 3.61931 -22.4453 23.29
vertex 3.79331 -21.8286 25.9657
endloop
endfacet

facet normal -0.813672 0.359229 0.457047
outer loop
vertex -28.1802 8.72168 19.9418
vertex -28.1266 12.6079 16.9827
vertex -33.4419 8.39448 10.8317
endloop
endfacet

facet normal -0.446602 0.85278 0.270764
outer loop
vertex -19.1951 22.4313 1.15564
vertex -16.2751 23.0399 4.05504
vertex -15.3455 24.7494 0.204335
endloop
endfacet

facet normal -0.0224831 -0.976581 -0.213972
outer loop
vertex -3.86999 -17.0149 -20.454
vertex -5.70749 -16.8488 -21.019
vertex -2.49399 -16.659 -22.2229
endloop
endfacet

facet normal -0.0419809 0.0538301 -0.997667
outer loop
vertex -20.7156 11.7412 -48.6445
vertex -17.9352 8.17328 -48.954
vertex -20.3672 3.14898 -49.1227
endloop
endfacet

facet normal 0.563192 0.731604 -0.384148
outer loop
vertex 32.2256 -5.50582 -4.99116
vertex 33.145 -5.75572 -4.11896
vertex 33.6567 -6.79182 -5.34206
endloop
endfacet

facet normal -0.833356 0.387306 0.394351
outer loop
vertex -18.9016 14.1752 21.1751
vertex -17.0903 15.3968 23.8031
vertex -17.9342 15.5122 21.9064
endloop
endfacet

facet normal 0.786981 0.0302004 0.616238
outer loop
vertex 33.3275 3.84248 8.77024
vertex 34.35 7.89488 7.26584
vertex 32.2938 4.17228 10.0741
endloop
endfacet

facet normal -0.165937 0.127357 -0.977878
outer loop
vertex 19.2557 -5.27812 -15.9164
vertex 22.0225 -0.622219 -15.7795
vertex 19.6537 -6.39772 -16.1298
endloop
endfacet

facet normal 0.256683 0.48036 0.83867
outer loop
vertex 7.93391 22.3939 -8.45356
vertex 6.33171 23.4753 -8.58256
vertex 6.49581 22.8088 -8.25096
endloop
endfacet

facet normal -0.331752 -0.629153 -0.702928
outer loop
vertex -41.3181 -5.64752 -16.5239
vertex -43.2905 -4.12972 -16.9516
vertex -41.2673 -4.59562 -17.4894
endloop
endfacet

facet normal -0.528192 0.529403 -0.663887
outer loop
vertex 38.2734 -4.84922 -8.97546
vertex 39.2129 -4.82912 -9.70686
vertex 37.1859 -6.99812 -9.82386
endloop
endfacet

facet normal -0.410893 -0.494731 -0.765773
outer loop
vertex -24.577 -13.3028 -48.4307
vertex -27.5397 -11.2298 -48.1802
vertex -28.5884 -9.58792 -48.6783
endloop
endfacet

facet normal 0.063 0.370015 0.926887
outer loop
vertex -13.4363 -21.9276 2.22674
vertex -14.0176 -22.023 2.30434
vertex -12.4572 -22.8748 2.53834
endloop
endfacet

facet normal -0.585512 0.779432 0.22285
outer loop
vertex 11.5622 13.1693 -46.4191
vertex 7.96921 10.464 -46.3971
vertex 13.1008 13.834 -44.7013
endloop
endfacet

facet normal 0.224551 -0.947872 0.226088
outer loop
vertex -11.1542 -12.8128 25.7736
vertex -10.3808 -12.3553 26.9235
vertex -9.87799 -11.593 29.6201
endloop
endfacet

facet normal -0.274193 0.490477 0.827194
outer loop
vertex -13.7645 4.74938 35.3164
vertex -16.7986 7.45018 32.7092
vertex -16.9728 4.68218 34.2928
endloop
endfacet

facet normal 0.659973 -0.749433 0.0527935
outer loop
vertex 15.6109 -5.34292 30.5757
vertex 16.413 -4.70662 29.5815
vertex 17.369 -3.81952 30.2225
endloop
endfacet

facet normal -0.422982 -0.819137 0.387428
outer loop
vertex -12.2341 -16.4671 14.8078
vertex -13.8271 -14.1296 18.0107
vertex -15.1603 -15.6087 13.428
endloop
endfacet

facet normal 0.87213 -0.0604712 -0.485522
outer loop
vertex -42.6273 -7.25182 -10.0313
vertex -42.0814 -6.19252 -9.18256
vertex -40.4557 -5.92732 -6.29536
endloop
endfacet

facet normal 0.827753 0.155832 0.539018
outer loop
vertex -1.93319 -16.2192 37.3054
vertex -2.97059 -14.8241 38.4953
vertex -2.54529 -16.7299 38.3932
endloop
endfacet

facet normal 0.927668 0.00987222 0.373276
outer loop
vertex 42.1521 1.84878 -9.93686
vertex 39.9364 0.779581 -4.40206
vertex 41.801 0.974381 -9.04106
endloop
endfacet

facet normal 0.975385 -0.029141 -0.218576
outer loop
vertex 19.1169 2.11338 33.9122
vertex 19.278 0.911581 34.7913
vertex 18.827 0.908281 32.7792
endloop
endfacet

facet normal -0.0609897 -0.333753 0.940686
outer loop
vertex 6.35071 17.6991 25.5021
vertex 8.92231 17.491 25.595
vertex 7.56011 18.6934 25.9332
endloop
endfacet

facet normal -0.195672 -0.802423 0.563764
outer loop
vertex -2.04989 -24.4051 28.5828
vertex -1.70869 -23.3067 30.2645
vertex -4.46199 -23.2213 29.4305
endloop
endfacet

facet normal -0.213891 0.934644 -0.284062
outer loop
vertex -20.536 13.8498 -30.0249
vertex -18.7153 15.4636 -26.0863
vertex -16.7962 14.5865 -30.4171
endloop
endfacet

facet normal -0.708945 0.321617 0.627662
outer loop
vertex -27.1008 3.48288 -35.9975
vertex -27.3645 7.89288 -38.555
vertex -29.4242 3.18328 -38.4682
endloop
endfacet

facet normal -0.268729 -0.278345 -0.922122
outer loop
vertex -1.59679 -25.38 24.1926
vertex -3.54849 -24.9792 24.6404
vertex -1.84459 -21.9791 23.2382
endloop
endfacet

facet normal -0.0153961 0.889236 0.457189
outer loop
vertex -2.31189 19.3296 20.9015
vertex -5.24659 20.212 19.0863
vertex -4.68519 17.471 24.4365
endloop
endfacet

facet normal -0.875388 -0.248524 0.414647
outer loop
vertex 12.424 -5.43442 -46.6321
vertex 13.603 -6.48462 -44.7725
vertex 12.8284 -4.76362 -45.3763
endloop
endfacet

facet normal 0.707406 0.178243 0.683963
outer loop
vertex 4.98221 -10.1189 30.2402
vertex 1.80311 -9.20992 33.2913
vertex 1.67191 -10.3811 33.7323
endloop
endfacet

facet normal -0.0497852 0.728438 -0.6833
outer loop
vertex 3.03541 20.3721 -21.0867
vertex 7.29621 15.6148 -26.4688
vertex 2.81221 16.2813 -25.4315
endloop
endfacet

facet normal -0.945019 0.17039 -0.279118
outer loop
vertex 32.6336 3.34268 10.1569
vertex 32.497 2.29198 9.97814
vertex 31.8833 1.36608 11.4906
endloop
endfacet

facet normal -0.366216 -0.0493634 0.92922
outer loop
vertex 11.1436 21.4235 17.6383
vertex 12.0867 19.6513 17.9158
vertex 13.5574 20.6926 18.5508
endloop
endfacet

facet normal -0.516261 0.737719 -0.435024
outer loop
vertex 38.4958 13.4704 1.85014
vertex 37.3778 13.4949 3.21834
vertex 38.4783 14.0253 2.81184
endloop
endfacet

facet normal 0.962969 0.00768788 -0.269504
outer loop
vertex -37.6725 9.79278 11.6706
vertex -36.8633 9.32438 14.5487
vertex -37.1659 -2.63812 13.126
endloop
endfacet

facet normal -0.665 0.138437 0.733901
outer loop
vertex -6.08579 -10.3809 33.8817
vertex -6.26339 -13.6154 34.331
vertex -5.45999 -11.7048 34.6985
endloop
endfacet

facet normal 0.131159 0.739472 0.660287
outer loop
vertex 12.203 18.4107 19.2821
vertex 12.6227 17.0314 20.7434
vertex 12.0867 19.6513 17.9158
endloop
endfacet

facet normal 0.0426296 -0.719741 -0.692933
outer loop
vertex -3.18519 -27.2859 18.7647
vertex -2.11549 -25.6632 17.145
vertex -0.750093 -27.4231 19.057
endloop
endfacet

facet normal 0.200764 0.806147 0.556615
outer loop
vertex 14.9844 12.5811 27.0421
vertex 16.989 12.7935 26.0115
vertex 17.4855 14.0344 24.0352
endloop
endfacet

facet normal -0.123374 -0.69597 0.707392
outer loop
vertex -28.3127 -6.30692 -46.7877
vertex -27.4348 -5.18692 -45.5326
vertex -29.5561 -6.09532 -46.7964
endloop
endfacet

facet normal 0.158533 0.586897 0.793989
outer loop
vertex 38.916 13.5274 3.09244
vertex 38.4783 14.0253 2.81184
vertex 37.8338 13.0329 3.67404
endloop
endfacet

facet normal -0.511748 0.607831 -0.60717
outer loop
vertex 3.79831 15.726 26.9293
vertex 1.73241 14.8716 27.8152
vertex 1.94331 15.1651 27.9312
endloop
endfacet

facet normal -0.601759 -0.0108913 0.798603
outer loop
vertex -15.7351 13.2249 29.1921
vertex -15.0599 10.7512 29.6672
vertex -13.6575 11.7404 30.7374
endloop
endfacet

facet normal -0.485894 -0.188257 0.853503
outer loop
vertex -4.43159 -16.7803 33.4607
vertex -6.89849 -19.0011 31.5665
vertex -4.90089 -19.531 32.5869
endloop
endfacet

facet normal -0.672912 0.369399 0.640886
outer loop
vertex -14.9106 14.6621 26.3621
vertex -17.727 11.9648 24.9597
vertex -14.9397 12.8275 27.389
endloop
endfacet

facet normal -0.63738 -0.195481 0.745342
outer loop
vertex -20.8346 0.944481 31.6339
vertex -17.6964 -1.87832 33.5772
vertex -16.8823 1.04578 35.0403
endloop
endfacet

facet normal 0.740897 -0.0881199 -0.665812
outer loop
vertex -19.1755 -13.4938 -48.3581
vertex -18.5353 -10.2727 -48.0721
vertex -18.4415 -12.3105 -47.6979
endloop
endfacet

facet normal -0.886958 -0.405065 -0.221874
outer loop
vertex -19.1175 18.0926 18.5447
vertex -18.9435 16.277 21.1641
vertex -19.4262 18.3472 19.3142
endloop
endfacet

facet normal -0.480342 -0.674893 -0.56017
outer loop
vertex -46.5088 0.808781 -10.0192
vertex -47.439 0.755581 -9.15736
vertex -47.7855 1.72998 -10.0343
endloop
endfacet

facet normal -0.138729 0.911883 0.386294
outer loop
vertex -2.31189 19.3296 20.9015
vertex -4.68519 17.471 24.4365
vertex -2.70559 18.1308 23.59
endloop
endfacet

facet normal -0.813923 0.0574457 0.578125
outer loop
vertex -21.7083 4.20928 30.0795
vertex -23.1497 1.57228 28.3121
vertex -20.8346 0.944481 31.6339
endloop
endfacet

facet normal 0.846015 -0.533071 0.0096958
outer loop
vertex 23.7475 -10.1235 -48.3553
vertex 23.4734 -10.5333 -46.9763
vertex 22.7608 -11.6824 -47.9659
endloop
endfacet

facet normal -0.629707 0.583445 0.512894
outer loop
vertex -19.2013 17.9223 15.1655
vertex -15.8601 19.2585 17.7477
vertex -19.5994 19.7942 12.5474
endloop
endfacet

facet normal -0.51743 0.248521 -0.818843
outer loop
vertex 1.94331 15.1651 27.9312
vertex 4.36681 16.16 26.7018
vertex 3.79831 15.726 26.9293
endloop
endfacet

facet normal 0.761254 -0.384848 0.521904
outer loop
vertex 6.26941 -14.883 25.512
vertex 6.84531 -15.2792 24.3799
vertex 7.80751 -13.5409 24.2582
endloop
endfacet

facet normal 0.113238 0.0105839 -0.993512
outer loop
vertex 24.323 -1.40032 -48.51
vertex 24.974 -6.04832 -48.4853
vertex 19.2822 -7.80422 -49.1527
endloop
endfacet

facet normal -0.262865 0.247444 0.932563
outer loop
vertex 31.6998 4.32208 9.86694
vertex 31.4177 4.15858 9.83084
vertex 32.2938 4.17228 10.0741
endloop
endfacet

facet normal -0.309385 -0.840363 -0.445052
outer loop
vertex -17.9342 15.5122 21.9064
vertex -18.9435 16.277 21.1641
vertex -18.0448 15.9128 21.227
endloop
endfacet

facet normal 0.711089 0.676398 -0.191934
outer loop
vertex 36.4644 0.571581 -18.2047
vertex 37.8697 -0.231219 -15.8276
vertex 37.7462 -0.864019 -18.5152
endloop
endfacet

facet normal 0.00254292 -0.557661 0.830065
outer loop
vertex -2.30839 -9.93162 35.0261
vertex -4.00999 -10.3031 34.7818
vertex 0.129407 -10.4223 34.689
endloop
endfacet

facet normal 0.797629 0.0244229 -0.602653
outer loop
vertex -40.9107 4.45958 -14.3069
vertex -38.4682 0.0624806 -11.2523
vertex -41.5804 3.78558 -15.2205
endloop
endfacet

facet normal 0.153809 -0.983352 0.0967587
outer loop
vertex -37.4253 -5.18412 -15.5439
vertex -40.1467 -5.56602 -15.0993
vertex -38.8467 -5.50372 -16.532
endloop
endfacet

facet normal -0.614131 -0.0116591 -0.789118
outer loop
vertex 38.9859 -4.19492 -9.53956
vertex 39.2129 -4.82912 -9.70686
vertex 38.2734 -4.84922 -8.97546
endloop
endfacet

facet normal 0.640376 -0.761781 -0.098024
outer loop
vertex 15.6109 -5.34292 30.5757
vertex 17.369 -3.81952 30.2225
vertex 15.8461 -5.27252 31.5649
endloop
endfacet

facet normal -0.757634 0.58302 0.293392
outer loop
vertex 12.6227 17.0314 20.7434
vertex 13.5606 17.3599 22.5125
vertex 13.6027 18.0073 21.3346
endloop
endfacet

facet normal 0.684317 0.717773 -0.128497
outer loop
vertex 13.5574 20.6926 18.5508
vertex 13.9802 20.0502 17.2134
vertex 11.8875 21.8707 16.2383
endloop
endfacet

facet normal -0.558057 -0.699645 0.446172
outer loop
vertex -24.5369 -4.73502 16.1945
vertex -21.0014 -4.48532 21.0083
vertex -24.126 -1.96952 21.0451
endloop
endfacet

facet normal -0.313466 0.773575 0.550746
outer loop
vertex -38.2249 10.8291 9.17874
vertex -39.6846 10.5396 8.75454
vertex -39.1336 10.21 9.53104
endloop
endfacet

facet normal -0.760104 0.60071 0.24777
outer loop
vertex -11.7479 -12.9599 24.3092
vertex -11.7103 -13.495 25.7216
vertex -11.1542 -12.8128 25.7736
endloop
endfacet

facet normal -0.561413 0.137068 0.816106
outer loop
vertex -11.2344 23.0903 18.5564
vertex -13.2356 21.6824 17.4162
vertex -11.1828 21.9877 18.7771
endloop
endfacet

facet normal -0.419954 0.885869 0.197167
outer loop
vertex -5.36479 -9.19492 33.9945
vertex -5.55549 -9.01372 32.7742
vertex -6.80719 -9.35942 31.6611
endloop
endfacet

facet normal -0.125276 -0.959242 -0.253299
outer loop
vertex 18.8047 -5.03652 10.615
vertex 17.6953 -4.51442 9.18624
vertex 21.705 -4.15562 5.84444
endloop
endfacet

facet normal -0.180275 -0.85989 -0.477587
outer loop
vertex -17.9342 15.5122 21.9064
vertex -18.0448 15.9128 21.227
vertex -17.7694 16.1923 20.6198
endloop
endfacet

facet normal -0.0647358 0.0943606 -0.993431
outer loop
vertex 34.8123 2.66558 -18.9159
vertex 36.406 2.05958 -19.0773
vertex 33.8645 1.35128 -18.979
endloop
endfacet

facet normal -0.559699 0.324635 0.762463
outer loop
vertex -43.7158 10.908 9.50764
vertex -41.7178 10.5688 11.1187
vertex -40.8241 11.3404 11.4462
endloop
endfacet

facet normal -0.3874 0.497544 -0.776126
outer loop
vertex -0.718093 14.8061 -24.6151
vertex 2.81221 16.2813 -25.4315
vertex 3.22881 10.2707 -29.4926
endloop
endfacet

facet normal -0.993965 0.0251715 0.106774
outer loop
vertex 30.2379 -4.82292 -9.38946
vertex 30.0782 -4.71032 -10.9019
vertex 29.8596 -6.12612 -12.6038
endloop
endfacet

facet normal -0.665257 0.678357 0.311873
outer loop
vertex -23.2368 13.2964 -35.7602
vertex -24.361 11.2955 -33.8061
vertex -21.3698 13.5871 -32.4099
endloop
endfacet

facet normal 0.338541 -0.33735 -0.878399
outer loop
vertex -43.5406 7.85708 -10.8418
vertex -43.9129 6.65318 -10.523
vertex -44.7998 7.05218 -11.018
endloop
endfacet

facet normal 0.751356 0.597287 -0.280558
outer loop
vertex -8.46419 16.0236 26.7787
vertex -9.14079 16.5303 26.0456
vertex -9.19339 16.7299 26.3295
endloop
endfacet

facet normal 0.146078 -0.38651 0.910643
outer loop
vertex 17.6484 -10.2018 -45.2422
vertex 16.2965 -8.38692 -44.255
vertex 15.9545 -12.734 -46.0452
endloop
endfacet

facet normal -0.977345 -0.119208 0.17489
outer loop
vertex 21.007 1.15058 0.833935
vertex 21.3961 -1.25702 1.36744
vertex 21.2186 1.11438 1.99214
endloop
endfacet

facet normal 0.891437 -0.243876 0.381921
outer loop
vertex 39.9364 0.779581 -4.40206
vertex 40.5922 -4.23682 -9.13596
vertex 41.9191 -0.251719 -9.68846
endloop
endfacet

facet normal 0.51298 -0.852547 0.100076
outer loop
vertex 12.9469 -14.184 11.7096
vertex 9.94421 -16.1166 10.6377
vertex 12.9876 -14.2824 10.6632
endloop
endfacet

facet normal 0.243839 0.962817 -0.1163
outer loop
vertex 20.6584 13.6297 14.5149
vertex 21.8368 12.5856 8.34194
vertex 17.7052 14.4642 15.2312
endloop
endfacet

facet normal -0.792206 0.475235 0.382833
outer loop
vertex -21.9023 17.5677 3.78544
vertex -22.3158 19.8319 0.119135
vertex -23.9615 17.3993 -0.266565
endloop
endfacet

facet normal 0.090699 0.964342 -0.248633
outer loop
vertex -19.5569 14.1674 -34.4125
vertex -17.8691 13.2117 -37.5035
vertex -22.4224 13.5404 -37.8896
endloop
endfacet

facet normal 0.711993 -0.615057 0.33878
outer loop
vertex 22.6296 0.466981 21.6213
vertex 25.3124 0.426681 15.91
vertex 28.4154 2.55528 13.253
endloop
endfacet

facet normal 0.371769 -0.746212 -0.552228
outer loop
vertex 0.120607 -23.5737 27.6864
vertex 0.744207 -22.8375 27.1114
vertex 2.37881 -22.7118 28.0421
endloop
endfacet

facet normal -0.741453 -0.493885 -0.45423
outer loop
vertex -26.8968 -5.40982 -44.0614
vertex -28.453 -2.72222 -44.4433
vertex -27.0365 -4.34882 -44.987
endloop
endfacet

facet normal -0.155801 0.960395 -0.231013
outer loop
vertex -15.6998 17.3908 21.9318
vertex -13.8529 18.2378 24.2071
vertex -10.8089 18.4019 22.8363
endloop
endfacet

facet normal -0.178585 -0.436115 0.881993
outer loop
vertex -22.9943 -10.0835 -45.3781
vertex -24.9068 -11.0264 -46.2316
vertex -24.9817 -13.3634 -47.4024
endloop
endfacet

facet normal -0.0744624 0.958298 0.275898
outer loop
vertex -5.24659 20.212 19.0863
vertex -4.60549 22.7384 10.4844
vertex -10.3115 22.0297 11.4058
endloop
endfacet

facet normal 0.263466 -0.956103 -0.128269
outer loop
vertex -8.60509 -17.8995 28.9968
vertex -9.25759 -17.996 28.3757
vertex -9.25209 -17.8188 27.066
endloop
endfacet

facet normal 0.541299 -0.0383841 -0.839954
outer loop
vertex 33.3215 5.58878 6.80334
vertex 34.1007 4.48358 7.35594
vertex 33.139 4.43478 6.73844
endloop
endfacet

facet normal -0.0227663 0.236589 -0.971343
outer loop
vertex -12.0142 -17.0579 -19.6079
vertex -2.73189 -18.952 -20.2868
vertex -10.9377 -22.0257 -20.8431
endloop
endfacet

facet normal -0.163562 -0.445333 0.880299
outer loop
vertex -14.5736 -0.659219 35.789
vertex -14.1362 -3.23472 34.5674
vertex -10.4476 -1.67762 36.0405
endloop
endfacet

facet normal -0.787128 -0.472192 -0.396818
outer loop
vertex -19.6738 -10.3969 10.8474
vertex -16.8714 -12.8806 8.24414
vertex -17.3661 -13.8707 10.4036
endloop
endfacet

facet normal -0.657098 -0.71976 -0.223981
outer loop
vertex -23.3501 -12.2339 -12.2926
vertex -28.0879 -8.05332 -11.8274
vertex -26.6722 -8.69022 -13.9342
endloop
endfacet

facet normal 0.803645 0.304112 0.511538
outer loop
vertex 24.3568 10.2032 18.7287
vertex 19.7743 11.5638 25.1192
vertex 23.4178 8.28218 21.3459
endloop
endfacet

facet normal 0.0121298 0.0209908 -0.999706
outer loop
vertex -35.9505 4.76478 -7.02406
vertex -34.4823 1.48288 -7.07516
vertex -35.1609 0.357381 -7.10696
endloop
endfacet

facet normal 0.113258 0.382134 0.91714
outer loop
vertex 11.1088 4.35868 35.0323
vertex 11.5098 5.78988 34.3865
vertex 1.04781 3.85108 36.4862
endloop
endfacet

facet normal 0.19549 0.270624 0.942627
outer loop
vertex -39.7493 2.25678 -16.7761
vertex -39.018 2.41548 -16.9733
vertex -40.8994 3.08718 -16.776
endloop
endfacet

facet normal 0.752533 -0.477086 0.453963
outer loop
vertex 1.49821 -14.6552 35.3574
vertex 2.24511 -15.2677 33.4757
vertex 2.57921 -14.3031 33.9356
endloop
endfacet

facet normal -0.87987 -0.442608 -0.172996
outer loop
vertex 14.3034 -10.1602 -47.9771
vertex 13.9562 -10.0448 -46.5065
vertex 12.9904 -8.13392 -46.4833
endloop
endfacet

facet normal -0.344968 0.878128 0.331494
outer loop
vertex 1.33461 -24.0587 21.3095
vertex 0.129307 -25.26 23.2377
vertex 1.66681 -24.3055 22.3092
endloop
endfacet

facet normal -0.77557 -0.371444 0.510413
outer loop
vertex -21.8899 12.4981 9.71554
vertex -20.477 15.6101 14.1271
vertex -24.6208 13.9537 6.62534
endloop
endfacet

facet normal 0.85475 -0.515828 -0.057657
outer loop
vertex 5.21181 -19.9189 24.2969
vertex 3.61931 -22.4453 23.29
vertex 4.97561 -20.1948 23.2633
endloop
endfacet

facet normal 0.350449 -0.917888 -0.186192
outer loop
vertex 15.8461 -5.27252 31.5649
vertex 14.5725 -5.83892 31.9599
vertex 14.9137 -5.36122 30.2472
endloop
endfacet

facet normal -0.830462 -0.556032 0.0340664
outer loop
vertex -17.3661 -13.8707 10.4036
vertex -17.1944 -14.0489 11.68
vertex -19.6738 -10.3969 10.8474
endloop
endfacet

facet normal -0.268188 -0.72312 0.636532
outer loop
vertex -9.45979 17.736 25.826
vertex -9.28979 18.3089 26.5485
vertex -11.398 18.235 25.5762
endloop
endfacet

facet normal 0.0256205 -0.51216 -0.858508
outer loop
vertex 11.184 16.5067 25.1214
vertex 11.0613 14.1499 26.5238
vertex 10.6715 15.5208 25.6943
endloop
endfacet

facet normal 0.597429 0.672364 -0.437041
outer loop
vertex 28.4345 15.211 11.0323
vertex 29.4297 15.3056 12.5381
vertex 27.2131 12.6231 5.38124
endloop
endfacet

facet normal -0.652365 0.687699 -0.318576
outer loop
vertex 34.8123 2.66558 -18.9159
vertex 33.7263 2.55788 -16.9246
vertex 34.697 3.25928 -17.3984
endloop
endfacet

facet normal -0.966435 -0.136876 -0.217411
outer loop
vertex 14.3885 -12.7447 -46.7282
vertex 13.9562 -10.0448 -46.5065
vertex 14.3034 -10.1602 -47.9771
endloop
endfacet

facet normal 0.0513162 0.470211 -0.881061
outer loop
vertex -33.2842 7.40398 -4.79836
vertex -32.0524 8.69168 -4.03936
vertex -32.0476 6.37758 -5.27406
endloop
endfacet

facet normal 0.797162 -0.0704688 0.599639
outer loop
vertex 15.7799 -7.29322 14.8033
vertex 12.2175 -7.77942 19.4819
vertex 13.5874 -9.17762 17.4965
endloop
endfacet

facet normal 0.610882 -0.638228 -0.468496
outer loop
vertex 13.1244 -22.8699 -16.3567
vertex 13.8215 -20.3046 -18.9425
vertex 15.5839 -20.7555 -16.0303
endloop
endfacet

facet normal 0.853335 -0.512057 0.0980642
outer loop
vertex 24.8902 1.84528 -38.3923
vertex 24.7765 1.43778 -39.5303
vertex 25.2841 2.10348 -40.4717
endloop
endfacet

facet normal -0.973409 0.0631928 -0.220187
outer loop
vertex -29.4691 -4.26202 -46.6547
vertex -29.3542 -3.49732 -46.9432
vertex -29.5561 -6.09532 -46.7964
endloop
endfacet

facet normal 0.746748 0.472598 -0.467994
outer loop
vertex 31.9831 -6.86482 -8.26786
vertex 32.6749 -6.15172 -6.44386
vertex 31.8439 -7.77422 -9.40836
endloop
endfacet

facet normal 0.317839 -0.284237 -0.904537
outer loop
vertex -3.54849 -24.9792 24.6404
vertex -6.17929 -23.6417 23.2957
vertex -5.31739 -22.0181 23.0884
endloop
endfacet

facet normal -0.66737 -0.106655 0.73705
outer loop
vertex -24.9068 -11.0264 -46.2316
vertex -26.2199 -12.014 -47.5635
vertex -25.5598 -12.6794 -47.0621
endloop
endfacet

facet normal 0.591126 0.805874 -0.0337145
outer loop
vertex 10.86 18.1029 26.3128
vertex 11.759 17.4066 25.4319
vertex 9.48341 19.0379 24.5237
endloop
endfacet

facet normal 0.936337 0.00452119 0.351072
outer loop
vertex 24.2984 1.32198 -4.67906
vertex 25.6398 -1.91612 -8.21496
vertex 26.3134 0.726781 -10.0455
endloop
endfacet

facet normal 0.0804225 0.967986 -0.237771
outer loop
vertex 2.65931 24.0353 -10.1452
vertex 4.78171 24.1063 -9.13826
vertex 4.19691 21.7559 -18.9048
endloop
endfacet

facet normal -0.0165971 -0.250859 0.967881
outer loop
vertex 14.8196 -1.77402 35.7996
vertex 14.6145 0.564781 36.4023
vertex 13.3631 -1.32292 35.8916
endloop
endfacet

facet normal 0.00087758 0.911703 0.410849
outer loop
vertex 28.2452 15.4177 12.2918
vertex 30.541 14.4629 14.4058
vertex 29.4297 15.3056 12.5381
endloop
endfacet

facet normal -0.159084 0.920053 -0.358043
outer loop
vertex 29.6789 -4.03122 -6.21026
vertex 30.0457 -4.57162 -7.76206
vertex 29.5332 -4.74502 -7.97986
endloop
endfacet

facet normal 0.827813 0.504902 0.24454
outer loop
vertex -42.3392 6.52808 -16.5726
vertex -41.3496 5.51608 -17.8333
vertex -40.4215 4.89978 -19.7025
endloop
endfacet

facet normal -0.345025 -0.938525 -0.0113479
outer loop
vertex -26.8031 -3.39212 9.24484
vertex -29.2906 -2.48962 10.2381
vertex -27.4738 -3.11422 6.65774
endloop
endfacet

facet normal -0.712146 -0.0943196 0.695667
outer loop
vertex -6.56509 -15.7327 32.3509
vertex -7.90649 -16.337 30.8958
vertex -6.89849 -19.0011 31.5665
endloop
endfacet

facet normal -0.634286 -0.772969 -0.014179
outer loop
vertex -21.2885 -8.97762 -37.6533
vertex -22.4679 -8.02402 -36.8787
vertex -23.3983 -7.22762 -38.6747
endloop
endfacet

facet normal 0.0235438 0.999535 0.0193837
outer loop
vertex 17.4268 2.11208 36.0301
vertex 18.6766 2.07668 36.3401
vertex 19.1169 2.11338 33.9122
endloop
endfacet

facet normal 0.662245 -0.14807 -0.734511
outer loop
vertex -39.3495 -4.74852 -17.3667
vertex -37.2816 -3.88392 -15.6765
vertex -37.4253 -5.18412 -15.5439
endloop
endfacet

facet normal 0.851699 -0.278759 0.443736
outer loop
vertex 33.026 1.16248 12.1126
vertex 35.5436 -1.55652 5.57254
vertex 36.5211 2.64668 6.33664
endloop
endfacet

facet normal -0.167562 0.977883 0.125172
outer loop
vertex -17.8576 13.9081 -46.4837
vertex -20.4882 13.1034 -43.7182
vertex -17.913 13.6999 -44.9314
endloop
endfacet

facet normal 0.095226 -0.735572 0.67072
outer loop
vertex 30.5795 -2.26392 8.36364
vertex 30.1133 -2.11792 8.58984
vertex 29.7124 -2.97262 7.70954
endloop
endfacet

facet normal -0.838291 0.307292 0.450378
outer loop
vertex -17.0903 15.3968 23.8031
vertex -19.2132 12.9168 21.5438
vertex -17.727 11.9648 24.9597
endloop
endfacet

facet normal 0.840781 -0.244983 0.482775
outer loop
vertex 31.7106 0.995681 9.11054
vertex 31.5255 2.08808 9.98734
vertex 29.6653 -1.52312 11.3944
endloop
endfacet

facet normal -0.199261 -0.062719 -0.977937
outer loop
vertex -25.4212 -1.69702 -15.9898
vertex -23.1477 -6.24932 -16.1611
vertex -23.958 -6.75222 -15.9638
endloop
endfacet

facet normal -0.815463 -0.472657 0.334088
outer loop
vertex -18.9758 -11.7449 3.25664
vertex -15.7012 -17.0703 3.71544
vertex -17.6899 -11.2733 7.06264
endloop
endfacet

facet normal 0.793413 -0.588547 0.155271
outer loop
vertex -35.2715 -4.65652 -2.32756
vertex -35.7821 -5.40372 -2.55086
vertex -33.2981 -2.57332 -4.51506
endloop
endfacet

facet normal -0.639474 0.50908 0.576117
outer loop
vertex 30.115 -1.01872 -16.1716
vertex 31.4504 -0.448019 -15.1936
vertex 30.772 -0.270019 -16.1039
endloop
endfacet

facet normal 0.113853 0.921296 -0.371822
outer loop
vertex 9.06461 16.5999 -25.0237
vertex 14.7604 14.752 -27.8582
vertex 11.2317 15.0982 -28.081
endloop
endfacet

facet normal 0.2001 -0.978001 -0.0589477
outer loop
vertex 18.8047 -5.03652 10.615
vertex 21.705 -4.15562 5.84444
vertex 22.1502 -4.23252 8.63174
endloop
endfacet

facet normal 0.835515 -0.274217 0.47615
outer loop
vertex 6.03951 -12.0559 28.0849
vertex 7.71501 -11.5283 25.4487
vertex 5.49341 -11.2849 29.4872
endloop
endfacet

facet normal 0.225572 -0.346782 0.910417
outer loop
vertex 19.2461 -12.2909 -46.5563
vertex 20.4605 -13.2076 -47.2063
vertex 20.5002 -10.8987 -46.3367
endloop
endfacet

facet normal -0.447869 -0.808675 -0.38139
outer loop
vertex 12.2236 -7.31412 22.5075
vertex 11.5191 -6.22592 21.0274
vertex 11.5427 -4.93932 18.2716
endloop
endfacet

facet normal -0.437946 -0.892533 -0.107647
outer loop
vertex -15.6489 -24.1106 -15.4127
vertex -11.93 -25.8137 -16.4212
vertex -9.55669 -27.7553 -9.97846
endloop
endfacet

facet normal -0.742575 -0.329219 0.583265
outer loop
vertex 12.9904 -8.13392 -46.4833
vertex 14.922 -10.8149 -45.5374
vertex 13.603 -6.48462 -44.7725
endloop
endfacet

facet normal 0.049266 0.862739 0.503243
outer loop
vertex -5.94879 15.8626 26.6116
vertex -5.24659 20.212 19.0863
vertex -8.78999 17.8725 23.444
endloop
endfacet

facet normal -0.185949 0.860066 0.475089
outer loop
vertex -1.38899 -25.9253 23.8476
vertex 0.129307 -25.26 23.2377
vertex -1.70319 -25.3719 22.7229
endloop
endfacet

facet normal -0.414143 -0.803347 0.427924
outer loop
vertex 32.9086 -9.32062 -8.62166
vertex 30.872 -6.94272 -6.12856
vertex 30.9404 -8.39942 -8.79716
endloop
endfacet

facet normal -0.56239 -0.741619 -0.365676
outer loop
vertex 30.9325 -5.54822 -3.25526
vertex 27.3772 -4.76892 0.632235
vertex 27.7095 -2.72892 -4.01596
endloop
endfacet

facet normal -0.194965 0.562891 -0.803207
outer loop
vertex 14.3526 -4.79812 35.0387
vertex 14.7483 -3.71222 35.7036
vertex 16.4526 -3.71432 35.2884
endloop
endfacet

facet normal -0.384118 -0.915035 0.123143
outer loop
vertex -9.55669 -27.7553 -9.97846
vertex -8.90709 -27.2947 -4.52996
vertex -12.8518 -26.0982 -7.94386
endloop
endfacet

facet normal 0.833564 0.467753 -0.293903
outer loop
vertex 17.67 -1.78092 33.1149
vertex 18.3212 -3.03072 32.973
vertex 17.3685 -2.33512 31.3778
endloop
endfacet

facet normal 0.893853 -0.409167 0.183328
outer loop
vertex 20.8729 -4.96362 -30.7399
vertex 22.3605 -3.47302 -34.6659
vertex 23.3846 -0.769019 -33.6242
endloop
endfacet

facet normal -0.157143 0.834968 0.527385
outer loop
vertex 1.97521 20.3949 18.6519
vertex 4.16781 18.9543 21.586
vertex 4.78041 19.8925 20.2831
endloop
endfacet

facet normal 0.472793 0.160203 -0.866488
outer loop
vertex -40.3413 9.20338 8.22044
vertex -42.8336 10.8401 7.16314
vertex -40.3708 11.0528 8.54634
endloop
endfacet

facet normal -0.953281 0.2726 -0.130172
outer loop
vertex 15.5122 13.4955 15.6444
vertex 15.18 13.784 18.6813
vertex 15.0422 14.4365 21.0566
endloop
endfacet

facet normal 0.228755 0.929084 -0.290644
outer loop
vertex -37.9497 9.07018 -2.29756
vertex -36.0188 8.15988 -3.68786
vertex -35.4325 7.35938 -5.78516
endloop
endfacet

facet normal -0.585372 -0.695722 0.416307
outer loop
vertex 29.5718 -4.09682 5.63304
vertex 30.0327 -3.02452 8.07324
vertex 29.7124 -2.97262 7.70954
endloop
endfacet

facet normal -0.999154 0.0198777 0.0359907
outer loop
vertex -6.63689 -24.8689 23.4702
vertex -6.64569 -23.3265 22.3749
vertex -6.69119 -23.91 21.4313
endloop
endfacet

facet normal 0.630581 -0.00982405 0.776061
outer loop
vertex 17.6511 13.3925 -10.0213
vertex 18.8684 11.0186 -11.0405
vertex 17.994 14.8865 -10.281
endloop
endfacet

facet normal -0.808712 0.587952 -0.0172272
outer loop
vertex 30.0327 -3.02452 8.07324
vertex 29.6277 -3.53412 9.69394
vertex 30.5795 -2.26392 8.36364
endloop
endfacet

facet normal -0.221306 -0.616709 -0.755443
outer loop
vertex 30.9404 -8.39942 -8.79716
vertex 28.7817 -6.61042 -9.62516
vertex 32.9086 -9.32062 -8.62166
endloop
endfacet

facet normal 0.22953 0.905932 -0.355814
outer loop
vertex 11.8875 21.8707 16.2383
vertex 8.65521 22.8363 16.6115
vertex 9.46711 22.9633 17.4587
endloop
endfacet

facet normal 0.0367862 -0.991996 0.120788
outer loop
vertex -38.261 -6.75172 -7.94906
vertex -38.4372 -7.19232 -11.514
vertex -36.64 -7.06992 -11.0557
endloop
endfacet

facet normal -0.700175 -0.49116 -0.518185
outer loop
vertex -24.4637 -6.46242 -35.6621
vertex -24.5482 -5.02452 -36.9108
vertex -22.4679 -8.02402 -36.8787
endloop
endfacet

facet normal 0.824724 -0.51981 0.222772
outer loop
vertex 2.27101 -19.7125 31.2591
vertex 0.901407 -22.3508 30.1732
vertex 1.01231 -22.453 29.5245
endloop
endfacet

facet normal 0.643403 -0.701153 0.307273
outer loop
vertex 4.08811 -21.4348 27.3772
vertex 2.45211 -22.296 28.8375
vertex 2.37881 -22.7118 28.0421
endloop
endfacet

facet normal 0.426908 -0.819301 -0.382747
outer loop
vertex 34.697 3.25928 -17.3984
vertex 36.3453 4.52068 -18.26
vertex 35.741 3.73008 -17.2417
endloop
endfacet

facet normal 0.778593 0.377072 0.501607
outer loop
vertex 14.2213 20.7189 5.02504
vertex 18.5325 14.4654 3.03404
vertex 18.7531 18.7388 -0.520665
endloop
endfacet

facet normal 0.533702 0.843791 -0.0563885
outer loop
vertex 17.011 13.4662 -30.6573
vertex 20.7283 11.2023 -29.3515
vertex 20.6288 10.9331 -34.3206
endloop
endfacet

facet normal 0.355163 -0.912018 -0.205141
outer loop
vertex -38.7288 -2.93032 -18.1745
vertex -36.6428 -2.51672 -16.4013
vertex -39.5927 -3.40432 -17.5624
endloop
endfacet

facet normal -0.631002 0.774982 -0.0351955
outer loop
vertex -13.9699 19.1673 24.4848
vertex -16.3957 17.2422 25.5863
vertex -14.1142 19.122 26.0743
endloop
endfacet

facet normal 0.187783 -0.0842406 -0.978591
outer loop
vertex -42.3222 -3.47572 8.95764
vertex -40.9036 0.0738806 8.92424
vertex -40.7275 -1.58902 9.10124
endloop
endfacet

facet normal -0.232217 0.589271 -0.773844
outer loop
vertex -26.7035 8.32558 -12.1472
vertex -24.9039 9.29508 -11.9491
vertex -26.0848 6.62548 -13.6275
endloop
endfacet

facet normal -0.725433 0.22973 0.648823
outer loop
vertex -7.46929 15.4911 28.9168
vertex -6.83819 15.7924 29.5157
vertex -7.42589 17.9681 28.0882
endloop
endfacet

facet normal -0.17886 0.570287 0.801737
outer loop
vertex 35.0352 9.42928 -3.33386
vertex 35.0019 8.40208 -2.61056
vertex 37.9252 7.38928 -1.23796
endloop
endfacet

facet normal -0.517374 -0.41172 -0.750207
outer loop
vertex -14.9106 14.6621 26.3621
vertex -14.9397 12.8275 27.389
vertex -15.2295 14.3341 26.7621
endloop
endfacet

facet normal -0.87686 -0.110694 -0.467828
outer loop
vertex 3.14171 -1.10352 -31.9497
vertex 4.61221 2.32318 -35.5167
vertex 4.75431 0.347881 -35.3157
endloop
endfacet

facet normal 0.847814 -0.161633 0.505061
outer loop
vertex 37.7137 1.72348 -0.313865
vertex 37.2393 1.71978 0.481435
vertex 37.091 -1.74872 -0.379665
endloop
endfacet

facet normal -0.0982563 0.634515 -0.76664
outer loop
vertex -15.5916 22.7403 -7.99136
vertex -12.7646 22.6074 -8.46366
vertex -14.1263 22.1329 -8.68186
endloop
endfacet

facet normal 0.130314 -0.806565 -0.576602
outer loop
vertex -4.25229 -22.9806 26.1206
vertex -6.42539 -23.4249 26.2508
vertex -6.65409 -22.6937 25.1764
endloop
endfacet

facet normal -0.0296495 0.773096 0.633596
outer loop
vertex 37.9252 7.38928 -1.23796
vertex 35.0019 8.40208 -2.61056
vertex 37.1204 7.25748 -1.11476
endloop
endfacet

facet normal -0.0723669 -0.995727 0.0573622
outer loop
vertex 17.354 0.801781 37.436
vertex 16.4375 0.820881 36.611
vertex 18.2222 0.654381 35.9715
endloop
endfacet

facet normal 0.144879 -0.944511 -0.294802
outer loop
vertex -19.3422 -5.58462 13.9098
vertex -18.1465 -6.65052 17.9125
vertex -20.2436 -6.21962 15.5014
endloop
endfacet

facet normal 0.273494 0.428998 0.860907
outer loop
vertex 12.8254 3.97698 34.6772
vertex 13.056 5.24948 33.9698
vertex 11.1088 4.35868 35.0323
endloop
endfacet

facet normal -0.115081 -0.879145 0.46245
outer loop
vertex -12.5326 -7.68202 27.9128
vertex -11.429 -5.64612 32.0579
vertex -15.1395 -4.90782 32.538
endloop
endfacet

facet normal 0.614862 0.326564 0.717844
outer loop
vertex -8.24799 19.8354 22.0867
vertex -10.3184 18.747 24.3552
vertex -8.78999 17.8725 23.444
endloop
endfacet

facet normal -0.0589968 -0.883698 0.464324
outer loop
vertex -3.49529 -27.2969 -0.0902648
vertex -0.391893 -26.89 1.07834
vertex -2.52409 -24.4949 5.36574
endloop
endfacet

facet normal 0.830938 0.262378 0.490612
outer loop
vertex 34.2832 7.57068 3.12334
vertex 31.1627 8.22178 8.06044
vertex 33.139 4.43478 6.73844
endloop
endfacet

facet normal -0.332424 -0.458354 -0.824261
outer loop
vertex 18.3137 -10.6661 -48.9126
vertex 20.2232 -13.1161 -48.3203
vertex 18.8585 -12.7358 -47.9815
endloop
endfacet

facet normal -0.986219 0.15847 0.0475338
outer loop
vertex -29.4242 3.18328 -38.4682
vertex -29.2733 4.31848 -39.1214
vertex -29.6081 2.47968 -39.9377
endloop
endfacet

facet normal -0.413948 0.871351 0.263429
outer loop
vertex -44.859 8.35518 -10.5765
vertex -46.2254 7.38728 -9.52216
vertex -42.0584 9.57868 -10.2224
endloop
endfacet

facet normal -0.41345 0.121788 0.902345
outer loop
vertex 4.75461 -21.064 7.89694
vertex 1.20951 -22.9541 6.52764
vertex 2.83691 -22.7105 7.24044
endloop
endfacet

facet normal 0.135393 0.98969 -0.0467082
outer loop
vertex -2.17249 25.4292 -2.69286
vertex -8.80329 26.2797 -3.89206
vertex -1.86389 25.5196 0.116335
endloop
endfacet

facet normal -0.285424 -0.796446 -0.533111
outer loop
vertex -18.0448 15.9128 21.227
vertex -18.9435 16.277 21.1641
vertex -19.1175 18.0926 18.5447
endloop
endfacet

facet normal 0.0577225 -0.513612 -0.856079
outer loop
vertex 32.5386 -4.96802 -17.3999
vertex 37.0758 -4.29712 -17.4964
vertex 35.9963 -5.43242 -16.8881
endloop
endfacet

facet normal -0.205734 0.440151 0.874037
outer loop
vertex -10.4955 10.0825 32.3166
vertex -13.6575 11.7404 30.7374
vertex -13.9661 9.82758 31.628
endloop
endfacet

facet normal 0.51898 -0.0604651 -0.852645
outer loop
vertex 33.3215 5.58878 6.80334
vertex 34.35 7.89488 7.26584
vertex 34.1007 4.48358 7.35594
endloop
endfacet

facet normal 0.207159 0.62991 0.74853
outer loop
vertex 15.3509 7.60968 32.7906
vertex 14.3337 6.95748 33.621
vertex 14.5573 6.11038 34.272
endloop
endfacet

facet normal 0.610591 0.494745 0.61839
outer loop
vertex 12.8492 13.9432 24.9238
vertex 12.123 15.6124 24.3054
vertex 11.0613 14.1499 26.5238
endloop
endfacet

facet normal -0.500604 -0.770028 0.395541
outer loop
vertex -11.8306 -9.03162 26.1738
vertex -12.5326 -7.68202 27.9128
vertex -13.8085 -8.05342 25.5749
endloop
endfacet

facet normal -0.383818 -0.864184 0.325377
outer loop
vertex -21.4672 -8.83422 -36.5513
vertex -20.1945 -8.19872 -33.3622
vertex -22.9855 -7.00022 -33.4713
endloop
endfacet

facet normal 0.72651 -0.453377 -0.516364
outer loop
vertex 23.079 -8.35312 -13.068
vertex 25.2191 -3.39802 -14.4076
vertex 25.6802 -4.44842 -12.8366
endloop
endfacet

facet normal 0.681655 0.0705893 0.728261
outer loop
vertex -37.2816 -3.88392 -15.6765
vertex -38.0636 -3.49272 -14.9824
vertex -38.3777 -5.15162 -14.5276
endloop
endfacet

facet normal 0.879458 -0.0826334 0.468748
outer loop
vertex 25.9288 3.81058 18.1395
vertex 28.4154 2.55528 13.253
vertex 28.9581 4.56738 12.5894
endloop
endfacet

facet normal 0.483654 -0.394674 0.781224
outer loop
vertex 0.139007 -19.826 32.5216
vertex 2.27101 -19.7125 31.2591
vertex 0.843907 -17.7674 33.1252
endloop
endfacet

facet normal 0.228755 -0.800379 -0.554134
outer loop
vertex -26.9602 -3.19362 0.425535
vertex -30.1598 -3.67992 -0.192865
vertex -29.025 -1.64772 -2.65966
endloop
endfacet

facet normal 0.059369 -0.0945447 0.993749
outer loop
vertex 1.15581 -1.07172 36.0938
vertex 11.9113 -1.14602 35.4442
vertex 11.8691 0.988581 35.6498
endloop
endfacet

facet normal -0.143445 0.935652 0.322457
outer loop
vertex -5.24659 20.212 19.0863
vertex -1.84449 20.9957 18.3258
vertex -2.11909 22.5142 13.7976
endloop
endfacet

facet normal -0.452677 0.5333 0.714615
outer loop
vertex -22.4932 7.42998 26.4873
vertex -18.2772 10.8361 26.616
vertex -24.9849 12.1493 21.387
endloop
endfacet

facet normal -0.838748 -0.176337 -0.515177
outer loop
vertex 3.14171 -1.10352 -31.9497
vertex 1.94191 3.16678 -31.4581
vertex 4.61221 2.32318 -35.5167
endloop
endfacet

facet normal -0.496327 -0.486304 0.719144
outer loop
vertex -6.07529 -21.3736 30.5302
vertex -4.90089 -19.531 32.5869
vertex -6.89849 -19.0011 31.5665
endloop
endfacet

facet normal -0.438297 0.709547 -0.55176
outer loop
vertex -0.442093 16.6565 -23.1025
vertex -0.234593 19.7445 -19.2963
vertex 3.03541 20.3721 -21.0867
endloop
endfacet

facet normal -0.372903 0.810053 0.452501
outer loop
vertex -20.0846 -17.6431 -6.29086
vertex -21.0663 -16.8389 -8.53956
vertex -21.9146 -18.2842 -6.65116
endloop
endfacet

facet normal 0.510981 0.805945 0.298915
outer loop
vertex -8.65359 19.525 25.9892
vertex -8.98409 19.3997 26.8919
vertex -7.42589 17.9681 28.0882
endloop
endfacet

facet normal 0.899955 -0.151779 0.40871
outer loop
vertex 19.7399 -2.22942 27.1629
vertex 22.394 3.58968 23.4796
vertex 18.8834 3.17568 31.0561
endloop
endfacet

facet normal 0.73895 -0.341104 0.581035
outer loop
vertex 31.7106 0.995681 9.11054
vertex 33.0302 1.98588 8.01364
vertex 31.5255 2.08808 9.98734
endloop
endfacet

facet normal -0.583193 -0.304843 0.752966
outer loop
vertex 23.2649 -4.29812 8.15384
vertex 23.7012 -4.77202 8.30004
vertex 25.676 -1.95742 10.969
endloop
endfacet

facet normal -0.205495 -0.299995 -0.931544
outer loop
vertex -9.78859 -5.35072 -29.5406
vertex -6.46549 -4.87772 -30.426
vertex -10.9602 -10.3195 -27.682
endloop
endfacet

facet normal -0.742597 -0.459377 -0.487363
outer loop
vertex 30.5199 -5.30032 -14.3882
vertex 30.6259 -7.28032 -12.6835
vertex 29.8596 -6.12612 -12.6038
endloop
endfacet

facet normal -0.885026 -0.261651 0.385055
outer loop
vertex -11.7479 -12.9599 24.3092
vertex -11.1542 -12.8128 25.7736
vertex -12.4257 -12.2529 23.2316
endloop
endfacet

facet normal 0.530575 -0.116219 0.839633
outer loop
vertex 1.78151 -15.6652 32.8238
vertex 0.345007 -16.494 33.6167
vertex 0.843907 -17.7674 33.1252
endloop
endfacet

facet normal 0.317615 -0.822121 0.472481
outer loop
vertex 0.901407 -22.3508 30.1732
vertex -1.70869 -23.3067 30.2645
vertex -2.04989 -24.4051 28.5828
endloop
endfacet

facet normal 0.373675 0.193248 -0.907206
outer loop
vertex 22.4612 6.50798 -45.5934
vertex 23.5012 3.66958 -45.7696
vertex 22.1012 4.17838 -46.2379
endloop
endfacet

facet normal 0.629849 -0.541398 -0.556936
outer loop
vertex -11.1433 -3.64302 -35.654
vertex -13.3228 -3.53112 -38.2277
vertex -10.0754 0.727681 -38.6951
endloop
endfacet

facet normal 0.132596 -0.514812 -0.846987
outer loop
vertex -9.45979 17.736 25.826
vertex -8.79639 19.1035 25.0987
vertex -8.19769 16.3394 26.8725
endloop
endfacet

facet normal -0.0624245 0.994326 -0.0861281
outer loop
vertex 15.4413 2.01088 36.3005
vertex 15.5583 2.13288 37.6238
vertex 17.4268 2.11208 36.0301
endloop
endfacet

facet normal -0.389812 -0.144627 0.909467
outer loop
vertex -27.4348 -5.18692 -45.5326
vertex -27.6203 -6.50062 -45.821
vertex -23.9965 -7.14532 -44.3703
endloop
endfacet

facet normal 0.618404 0.763106 0.187736
outer loop
vertex 6.56591 -12.784 25.913
vertex 7.32581 -13.4419 26.0844
vertex 7.37271 -12.9661 23.996
endloop
endfacet

facet normal 0.791221 0.542804 -0.281662
outer loop
vertex -13.6914 9.29178 -41.9284
vertex -16.8424 13.669 -42.3442
vertex -14.5657 11.6557 -39.8288
endloop
endfacet

facet normal -0.122524 0.123564 0.984744
outer loop
vertex -3.75219 -25.5703 23.8061
vertex -5.50479 -25.5995 23.5917
vertex -4.20259 -26.451 23.8605
endloop
endfacet

facet normal -0.177698 0.50767 0.843027
outer loop
vertex 33.2655 -6.37792 -3.00976
vertex 32.6838 -6.75712 -2.90406
vertex 33.5431 -6.56072 -2.84126
endloop
endfacet

facet normal -0.872101 -0.40161 0.27955
outer loop
vertex -18.9758 -11.7449 3.25664
vertex -24.1091 -0.655619 3.17404
vertex -22.7845 -6.04532 -0.436865
endloop
endfacet

facet normal -0.978554 -0.205806 -0.00873961
outer loop
vertex 12.9904 -8.13392 -46.4833
vertex 12.424 -5.43442 -46.6321
vertex 12.5531 -5.99152 -47.9714
endloop
endfacet

facet normal -0.335917 0.890136 0.307924
outer loop
vertex -32.2996 8.55218 6.26544
vertex -35.1615 6.88248 7.97004
vertex -33.946 6.82828 9.45274
endloop
endfacet

facet normal -0.641856 -0.327173 -0.693526
outer loop
vertex -28.453 -2.72222 -44.4433
vertex -27.686 -2.29892 -45.353
vertex -27.0365 -4.34882 -44.987
endloop
endfacet

facet normal -0.735322 0.454112 -0.503073
outer loop
vertex -43.0494 1.38098 -18.306
vertex -43.2176 3.88578 -15.7992
vertex -42.3162 2.82788 -18.0716
endloop
endfacet

facet normal 0.495612 0.600892 0.627134
outer loop
vertex 17.1 7.87338 34.6699
vertex 16.6201 7.09958 35.7906
vertex 18.6507 7.34208 33.9534
endloop
endfacet

facet normal -0.281147 0.893232 0.350845
outer loop
vertex -16.2751 23.0399 4.05504
vertex -10.3115 22.0297 11.4058
vertex -11.5129 24.6996 3.64584
endloop
endfacet

facet normal -0.662 -0.695554 0.279214
outer loop
vertex -11.7479 -12.9599 24.3092
vertex -13.2933 -13.2758 19.8583
vertex -11.5307 -13.8625 22.5754
endloop
endfacet

facet normal 0.734205 0.0751279 0.674759
outer loop
vertex 21.6212 9.39738 -13.6166
vertex 17.994 14.8865 -10.281
vertex 21.5913 8.61688 -13.4972
endloop
endfacet

facet normal 0.0449966 -0.896396 0.440965
outer loop
vertex -6.65409 -22.6937 25.1764
vertex -8.38869 -21.9737 26.8171
vertex -6.56999 -23.1313 24.2784
endloop
endfacet

facet normal -0.76035 0.516494 -0.393831
outer loop
vertex 10.1354 8.85158 -48.1011
vertex 11.0049 11.2686 -46.61
vertex 12.3799 12.2073 -48.0335
endloop
endfacet

facet normal -0.148982 0.858144 0.491318
outer loop
vertex 2.41181 16.214 25.961
vertex 5.75041 16.6994 26.1256
vertex 6.45701 17.6298 24.7148
endloop
endfacet

facet normal -0.348038 -0.929822 0.119582
outer loop
vertex -12.1641 -14.5869 -19.8693
vertex -15.9726 -13.3597 -21.4119
vertex -7.31269 -16.4803 -20.4717
endloop
endfacet

facet normal -0.100279 -0.397384 0.912157
outer loop
vertex 7.76181 -4.34622 33.5938
vertex 11.8964 -2.28662 34.9456
vertex 11.9113 -1.14602 35.4442
endloop
endfacet

facet normal 0.588342 0.808486 -0.0142972
outer loop
vertex 10.8722 17.6357 21.832
vertex 11.0769 17.5361 24.6218
vertex 12.0683 16.8001 23.801
endloop
endfacet

facet normal 0.344601 0.146078 0.927314
outer loop
vertex -1.01479 -15.273 35.8783
vertex 0.860707 -14.0138 34.983
vertex 0.129407 -10.4223 34.689
endloop
endfacet

facet normal -0.590126 0.550948 -0.590091
outer loop
vertex -44.3122 3.47388 -15.0891
vertex -43.2176 3.88578 -15.7992
vertex -43.0494 1.38098 -18.306
endloop
endfacet

facet normal 0.0975516 0.416681 0.903804
outer loop
vertex 11.6298 22.2048 17.575
vertex 9.46711 22.9633 17.4587
vertex 9.01641 22.1922 17.8629
endloop
endfacet

facet normal 0.854011 -0.520028 -0.0153696
outer loop
vertex 20.2725 -6.20602 -22.0672
vertex 20.8729 -4.96362 -30.7399
vertex 22.1903 -3.08102 -21.2366
endloop
endfacet

facet normal -0.201437 0.966344 0.160005
outer loop
vertex -15.3455 24.7494 0.204335
vertex -9.34929 25.9774 0.336335
vertex -13.0788 25.8655 -3.68306
endloop
endfacet

facet normal 0.444627 0.782302 0.436245
outer loop
vertex -2.59579 -25.6368 22.7468
vertex -3.75219 -25.5703 23.8061
vertex -2.76879 -26.0324 23.6325
endloop
endfacet

facet normal 0.313027 -0.309551 -0.897882
outer loop
vertex -16.8869 -4.15152 -45.6586
vertex -16.4228 -5.82912 -44.9185
vertex -17.2014 -5.48092 -45.3099
endloop
endfacet

facet normal -0.567407 -0.602258 -0.561546
outer loop
vertex -3.09699 -25.1176 25.9461
vertex -4.13999 -24.0266 25.8298
vertex -2.39709 -24.9268 25.0341
endloop
endfacet

facet normal 0.0161138 0.976723 0.213898
outer loop
vertex -2.47659 23.868 -7.50306
vertex 0.475507 23.7625 -7.24416
vertex 4.78171 24.1063 -9.13826
endloop
endfacet

facet normal -0.74806 -0.0776267 0.659076
outer loop
vertex -16.7785 13.1215 27.9957
vertex -15.0599 10.7512 29.6672
vertex -15.7351 13.2249 29.1921
endloop
endfacet

facet normal -0.694239 -0.3517 0.627964
outer loop
vertex -27.6496 -7.47972 -7.83136
vertex -24.9497 -7.77592 -5.01246
vertex -24.9516 -0.0638194 -0.695265
endloop
endfacet

facet normal -0.248421 0.254401 0.934648
outer loop
vertex 34.3742 13.498 9.71684
vertex 33.7878 13.899 9.45184
vertex 33.0518 11.6953 9.85604
endloop
endfacet

facet normal 0.911507 -0.400252 -0.0946191
outer loop
vertex 17.9035 -18.1856 -13.3183
vertex 20.7989 -11.3222 -14.4586
vertex 20.2648 -12.8658 -13.0739
endloop
endfacet

facet normal -0.647465 0.450641 -0.614582
outer loop
vertex -46.5088 0.808781 -10.0192
vertex -46.7086 -0.0941194 -10.4707
vertex -47.5529 -0.460119 -9.84956
endloop
endfacet

facet normal 0.703079 0.0897983 -0.705419
outer loop
vertex -36.8381 -4.40142 -10.1959
vertex -37.7608 -4.30542 -11.1033
vertex -38.4682 0.0624806 -11.2523
endloop
endfacet

facet normal -0.203347 0.237125 0.949959
outer loop
vertex -13.1526 17.8705 25.5112
vertex -14.5565 16.427 25.571
vertex -11.0463 16.3442 26.3431
endloop
endfacet

facet normal 0.403199 0.493209 0.770828
outer loop
vertex 3.34301 22.5038 -7.93866
vertex 0.475507 23.7625 -7.24416
vertex 1.55421 22.9677 -7.29976
endloop
endfacet

facet normal 0.808581 -0.554778 0.196003
outer loop
vertex -36.3952 -5.82062 -8.52956
vertex -36.64 -7.06992 -11.0557
vertex -36.1165 -6.50702 -11.6222
endloop
endfacet

facet normal -0.509029 -0.860306 0.0276165
outer loop
vertex -6.56999 -23.1313 24.2784
vertex -8.38869 -21.9737 26.8171
vertex -7.92729 -22.3649 23.1335
endloop
endfacet

facet normal 0.780568 -0.346025 0.520557
outer loop
vertex 38.7524 -2.12632 0.382135
vertex 39.7264 0.969681 0.979535
vertex 35.5436 -1.55652 5.57254
endloop
endfacet

facet normal 0.429282 0.0855943 0.899106
outer loop
vertex -35.1615 6.88248 7.97004
vertex -38.9837 3.86818 10.0819
vertex -36.0631 5.53768 8.52854
endloop
endfacet

facet normal -0.14003 0.210241 -0.967569
outer loop
vertex -15.411 -20.3599 -19.8337
vertex -12.0142 -17.0579 -19.6079
vertex -10.9377 -22.0257 -20.8431
endloop
endfacet

facet normal 0.859279 0.108426 -0.499884
outer loop
vertex -9.00789 3.06778 -35.5465
vertex -6.63339 4.68118 -31.1149
vertex -8.47189 1.08928 -35.0544
endloop
endfacet

facet normal 0.0925612 -0.692156 0.715788
outer loop
vertex -1.23499 -21.2262 8.51464
vertex 1.20951 -22.9541 6.52764
vertex 4.75461 -21.064 7.89694
endloop
endfacet

facet normal -0.994477 0.0518722 0.0912435
outer loop
vertex -29.5561 -6.09532 -46.7964
vertex -29.6094 -3.97392 -48.5835
vertex -29.6686 -4.97652 -48.6591
endloop
endfacet

facet normal -0.998432 -0.0450083 0.0332893
outer loop
vertex -29.5265 -7.12462 -47.2999
vertex -29.5561 -6.09532 -46.7964
vertex -29.6686 -4.97652 -48.6591
endloop
endfacet

facet normal 0.763407 0.579514 0.285262
outer loop
vertex -18.6791 19.5072 19.6996
vertex -17.0407 16.8251 20.7637
vertex -17.4414 18.2533 18.9348
endloop
endfacet

facet normal -0.135648 0.277705 -0.951041
outer loop
vertex -25.0571 8.00748 0.382635
vertex -25.3006 6.09978 -0.139665
vertex -28.1469 8.36118 0.926635
endloop
endfacet

facet normal 0.0241722 0.908901 -0.416311
outer loop
vertex -15.9481 18.0776 -21.7562
vertex -12.0995 16.1194 -25.8079
vertex -13.9333 14.9676 -28.429
endloop
endfacet

facet normal -0.169014 0.400558 -0.900549
outer loop
vertex 32.7129 5.05028 -18.3296
vertex 34.142 5.44438 -18.4225
vertex 32.7113 4.01528 -18.7896
endloop
endfacet

facet normal -0.245635 -0.942909 0.224914
outer loop
vertex -40.4557 -5.92732 -6.29536
vertex -42.0814 -6.19252 -9.18256
vertex -40.9639 -6.47372 -9.14076
endloop
endfacet

facet normal 0.163499 -0.0226139 0.986284
outer loop
vertex -3.75219 -25.5703 23.8061
vertex -4.20259 -26.451 23.8605
vertex -2.76879 -26.0324 23.6325
endloop
endfacet

facet normal 0.493463 -0.821954 -0.284406
outer loop
vertex 32.2599 -6.87172 -13.1411
vertex 33.1465 -7.20672 -10.6347
vertex 32.1266 -7.66702 -11.0738
endloop
endfacet

facet normal 0.902406 -0.0246175 0.430182
outer loop
vertex 36.7616 2.27278 2.34954
vertex 37.6419 5.57658 0.691935
vertex 36.2502 7.07158 3.69694
endloop
endfacet

facet normal -0.968532 -0.0225472 0.247866
outer loop
vertex 7.82741 9.72308 -46.0807
vertex 7.94481 5.94218 -45.9662
vertex 8.63951 1.09058 -43.6927
endloop
endfacet

facet normal 0.889887 0.419082 0.1802
outer loop
vertex 20.5336 16.6799 -4.52506
vertex 18.7531 18.7388 -0.520665
vertex 20.2768 15.4633 -0.427765
endloop
endfacet

facet normal -0.539147 -0.713049 -0.448197
outer loop
vertex -26.6722 -8.69022 -13.9342
vertex -21.7218 -11.6466 -15.1857
vertex -23.3501 -12.2339 -12.2926
endloop
endfacet

facet normal -0.376739 -0.926055 0.0221115
outer loop
vertex 10.2805 -7.13002 27.1098
vertex 10.7892 -7.40712 24.1756
vertex 11.2328 -7.51972 27.0143
endloop
endfacet

facet normal -0.794072 -0.316016 0.519214
outer loop
vertex -27.6496 -7.47972 -7.83136
vertex -27.763 -1.49342 -4.36136
vertex -29.5812 -1.50522 -7.14916
endloop
endfacet

facet normal -0.151288 0.924751 0.349211
outer loop
vertex -25.7168 13.7994 18.0352
vertex -19.8277 13.2316 22.0903
vertex -22.3697 14.2742 18.2281
endloop
endfacet

facet normal -0.191253 0.458068 -0.868099
outer loop
vertex 1.55421 22.9677 -7.29976
vertex 3.71701 24.5945 -6.91776
vertex 3.34301 22.5038 -7.93866
endloop
endfacet

facet normal 0.0520007 -0.0703539 0.996166
outer loop
vertex 17.354 0.801781 37.436
vertex 15.5583 2.13288 37.6238
vertex 14.8037 0.788481 37.5682
endloop
endfacet

facet normal -0.375961 0.712598 0.592332
outer loop
vertex -5.04869 11.4742 31.2927
vertex -2.51779 8.71138 36.2228
vertex -2.94129 11.4741 32.6304
endloop
endfacet

facet normal 0.603588 -0.745879 -0.281683
outer loop
vertex 12.0844 -13.1797 7.72614
vertex 9.18361 -15.7098 8.21004
vertex 13.7383 -11.2105 6.05584
endloop
endfacet

facet normal 0.309585 -0.950815 0.0103803
outer loop
vertex -20.4854 -6.65292 -40.8436
vertex -16.7753 -5.45702 -41.9511
vertex -20.7631 -6.73692 -40.258
endloop
endfacet

facet normal -0.486914 -0.661438 -0.570451
outer loop
vertex -15.7783 11.2995 28.4368
vertex -16.5357 12.7225 27.4333
vertex -15.718 11.6794 27.9448
endloop
endfacet

facet normal -0.381076 0.892119 -0.242702
outer loop
vertex 2.80021 -11.3668 33.3724
vertex 1.52761 -11.6533 34.3176
vertex 2.84121 -11.161 34.0645
endloop
endfacet

facet normal -0.680798 -0.26652 0.682262
outer loop
vertex 29.3594 -4.02722 -4.23086
vertex 29.2541 -4.66092 -4.58346
vertex 30.9325 -5.54822 -3.25526
endloop
endfacet

facet normal -0.56184 0.312146 0.766094
outer loop
vertex -22.0549 15.9348 -10.1349
vertex -20.6133 16.8597 -9.45446
vertex -20.9193 17.4373 -9.91416
endloop
endfacet

facet normal -0.122926 -0.47038 0.87386
outer loop
vertex -10.6002 -23.3668 2.81634
vertex -11.4887 -23.4416 2.65114
vertex -10.5406 -24.1996 2.37654
endloop
endfacet

facet normal -0.158004 -0.239361 0.957988
outer loop
vertex -10.6002 -23.3668 2.81634
vertex -11.2647 -22.9753 2.80464
vertex -11.4887 -23.4416 2.65114
endloop
endfacet

facet normal -0.762909 0.399113 -0.508604
outer loop
vertex 38.4958 13.4704 1.85014
vertex 37.9179 10.9704 0.755135
vertex 36.0885 10.8449 3.40074
endloop
endfacet

facet normal 0.927336 -0.00871865 -0.374129
outer loop
vertex 37.5238 1.82428 -16.7327
vertex 39.6409 2.40778 -11.4989
vertex 37.8697 -0.231219 -15.8276
endloop
endfacet

facet normal 0.343415 -0.905221 0.250281
outer loop
vertex -11.5307 -13.8625 22.5754
vertex -11.7629 -16.0675 14.9193
vertex -11.0487 -13.9737 21.512
endloop
endfacet

facet normal 0.84771 0.108004 -0.519348
outer loop
vertex -34.7719 9.26528 2.13024
vertex -35.3723 10.2848 1.36224
vertex -32.7419 8.87058 5.36154
endloop
endfacet

facet normal 0.870453 -0.347261 -0.348885
outer loop
vertex -8.47189 1.08928 -35.0544
vertex -9.62339 -3.49182 -33.3676
vertex -10.0754 0.727681 -38.6951
endloop
endfacet

facet normal 0.435615 0.311987 -0.844336
outer loop
vertex -6.47619 7.89538 -29.9535
vertex -2.64409 8.43228 -27.778
vertex -5.07889 5.01308 -30.2975
endloop
endfacet

facet normal 0.289091 0.951157 -0.108291
outer loop
vertex 9.48341 19.0379 24.5237
vertex 7.15241 19.8457 25.3959
vertex 9.21531 19.2675 25.8251
endloop
endfacet

facet normal -0.0399653 -0.150866 -0.987746
outer loop
vertex -11.4853 19.4941 24.3344
vertex -12.107 18.5664 24.5012
vertex -13.9699 19.1673 24.4848
endloop
endfacet

facet normal 0.723639 -0.238959 -0.647491
outer loop
vertex 11.184 16.5067 25.1214
vertex 11.0769 17.5361 24.6218
vertex 11.759 17.4066 25.4319
endloop
endfacet

facet normal -0.734755 -0.557622 0.386254
outer loop
vertex 30.872 -6.94272 -6.12856
vertex 29.106 -5.39012 -7.24666
vertex 28.7817 -6.61042 -9.62516
endloop
endfacet

facet normal 0.666054 -0.61017 0.429027
outer loop
vertex 36.6372 -5.34282 -0.908665
vertex 38.7524 -2.12632 0.382135
vertex 33.7389 -5.22082 3.76444
endloop
endfacet

facet normal 0.742908 -0.305702 0.595512
outer loop
vertex 18.2715 11.0997 5.14004
vertex 18.8815 13.626 5.67604
vertex 17.7686 12.6936 6.58574
endloop
endfacet

facet normal -0.279826 -0.581469 -0.763932
outer loop
vertex -3.53739 -24.272 27.6649
vertex -5.61239 -22.6738 27.2085
vertex -4.32619 -22.7701 26.8107
endloop
endfacet

facet normal 0.0556782 -0.125603 -0.990517
outer loop
vertex 10.4141 -3.07752 -46.0836
vertex 9.12481 1.45248 -46.7305
vertex 12.5116 -0.931119 -46.2379
endloop
endfacet

facet normal 0.477224 -0.778855 -0.406991
outer loop
vertex -13.8983 -9.04812 -29.5456
vertex -15.6572 -7.80672 -33.9837
vertex -12.5435 -6.06852 -33.659
endloop
endfacet

facet normal -0.554779 -0.583913 -0.592677
outer loop
vertex -22.7106 -8.38182 -44.3558
vertex -23.462 -8.32612 -43.7073
vertex -23.9965 -7.14532 -44.3703
endloop
endfacet

facet normal -0.876123 0.0105504 0.481973
outer loop
vertex -40.21 10.4664 13.2035
vertex -39.5208 -3.11252 14.7536
vertex -39.1344 11.5224 15.1356
endloop
endfacet

facet normal -0.189103 0.561438 0.805623
outer loop
vertex -11.0463 16.3442 26.3431
vertex -15.2295 14.3341 26.7621
vertex -14.3379 12.3598 28.3472
endloop
endfacet

facet normal -0.820221 -0.0450812 0.570267
outer loop
vertex -28.1802 8.72168 19.9418
vertex -25.7637 2.58138 22.9321
vertex -24.6325 4.76748 24.7318
endloop
endfacet

facet normal 0.98133 -0.0817219 -0.174107
outer loop
vertex -16.7171 -6.83732 -46.6581
vertex -16.9883 -7.46142 -47.8941
vertex -16.8552 -5.14722 -48.2299
endloop
endfacet

facet normal 0.99606 -0.08163 -0.0346481
outer loop
vertex 2.84121 -11.161 34.0645
vertex 2.57921 -14.3031 33.9356
vertex 2.80021 -11.3668 33.3724
endloop
endfacet

facet normal 0.169382 0.98551 0.00894017
outer loop
vertex -16.5307 16.7078 24.0247
vertex -16.4178 16.7012 22.6235
vertex -17.0407 16.8251 20.7637
endloop
endfacet

facet normal -0.797192 0.400015 0.452186
outer loop
vertex -18.0561 -5.05082 15.2108
vertex -19.803 -7.58672 14.3744
vertex -17.3718 -6.87162 18.028
endloop
endfacet

facet normal 0.984453 -0.173568 -0.0269424
outer loop
vertex 25.8968 -3.67622 -9.89716
vertex 25.6802 -4.44842 -12.8366
vertex 26.3399 -0.593619 -13.5639
endloop
endfacet

facet normal -0.0200941 0.320082 -0.947177
outer loop
vertex -44.859 8.35518 -10.5765
vertex -42.0584 9.57868 -10.2224
vertex -44.7998 7.05218 -11.018
endloop
endfacet

facet normal 0.935431 0.353477 -0.00474182
outer loop
vertex 7.28091 -11.6996 22.6184
vertex 7.08091 -11.135 25.252
vertex 7.45401 -12.1629 22.2166
endloop
endfacet

facet normal -0.484232 -0.602729 -0.634222
outer loop
vertex -11.7926 -24.6964 -18.4751
vertex -18.0894 -21.1015 -17.0839
vertex -15.411 -20.3599 -19.8337
endloop
endfacet

facet normal 0.171309 0.873411 0.455857
outer loop
vertex 9.00821 20.3915 18.2276
vertex 6.09811 20.1377 19.8073
vertex 6.74781 18.3678 22.9543
endloop
endfacet

facet normal 0.9267 0.184906 0.327164
outer loop
vertex 12.8492 13.9432 24.9238
vertex 13.0558 12.6731 25.0566
vertex 14.1662 13.6072 21.3832
endloop
endfacet

facet normal 0.628796 -0.762052 0.154571
outer loop
vertex 20.7243 -2.39482 21.1226
vertex 13.5591 -7.02642 27.4363
vertex 18.9582 -3.87942 20.9879
endloop
endfacet

facet normal -0.743738 0.648466 0.162312
outer loop
vertex 13.6027 18.0073 21.3346
vertex 14.2348 18.9995 20.2672
vertex 12.6227 17.0314 20.7434
endloop
endfacet

facet normal 0.951997 -0.198376 -0.233128
outer loop
vertex 25.2841 2.10348 -40.4717
vertex 24.4334 -0.172719 -42.0089
vertex 24.632 1.07538 -42.2601
endloop
endfacet

facet normal 0.970029 -0.238101 -0.0484915
outer loop
vertex 5.86071 -18.3995 23.392
vertex 5.75001 -18.1851 20.1254
vertex 6.05721 -17.3008 21.9285
endloop
endfacet

facet normal -0.882839 0.296026 -0.364643
outer loop
vertex 31.1583 6.66508 -6.67506
vertex 31.011 4.09388 -8.40576
vertex 30.1052 3.15698 -6.97336
endloop
endfacet

facet normal 0.637618 -0.233282 -0.734182
outer loop
vertex 36.6372 -5.34282 -0.908665
vertex 33.3212 -8.18592 -2.88506
vertex 34.9555 -5.67142 -2.26476
endloop
endfacet

facet normal -0.888001 -0.437218 -0.142455
outer loop
vertex 29.6789 -4.03122 -6.21026
vertex 29.3594 -4.02722 -4.23086
vertex 29.1306 -2.94712 -6.11986
endloop
endfacet

facet normal -0.366292 0.905747 -0.213196
outer loop
vertex -11.149 -11.1317 25.8014
vertex -11.5397 -11.9804 22.867
vertex -12.4257 -12.2529 23.2316
endloop
endfacet

facet normal -0.920547 -0.248714 0.301223
outer loop
vertex -27.622 1.80518 -18.607
vertex -26.3264 0.433881 -15.78
vertex -27.4431 4.64988 -15.7115
endloop
endfacet

facet normal 0.477624 -0.735334 0.480791
outer loop
vertex 12.9469 -14.184 11.7096
vertex 10.8842 -9.82412 20.4269
vertex 8.29651 -13.9161 16.7393
endloop
endfacet

facet normal -0.506694 -0.644334 0.572795
outer loop
vertex -9.71039 -16.0822 28.96
vertex -9.99039 -17.0821 27.5875
vertex -9.13639 -16.8697 28.5819
endloop
endfacet

facet normal -0.132994 -0.871833 0.471402
outer loop
vertex -3.49529 -27.2969 -0.0902648
vertex -2.52409 -24.4949 5.36574
vertex -6.98589 -24.5237 4.05374
endloop
endfacet

facet normal -0.310988 0.94699 0.080597
outer loop
vertex -4.04089 -16.2914 36.1668
vertex -3.09169 -16.026 36.7113
vertex -1.01479 -15.273 35.8783
endloop
endfacet

facet normal -0.0687375 0.455651 0.887501
outer loop
vertex -4.29329 -15.3718 35.6751
vertex -4.04089 -16.2914 36.1668
vertex -1.01479 -15.273 35.8783
endloop
endfacet

facet normal -0.71224 -0.612929 -0.342101
outer loop
vertex -7.30479 -24.0804 20.3005
vertex -7.48929 -22.847 18.4749
vertex -4.03579 -27.5862 19.7758
endloop
endfacet

facet normal 0.31421 0.0225662 0.949085
outer loop
vertex 7.56011 18.6934 25.9332
vertex 6.65311 19.5648 26.2128
vertex 4.37471 19.0679 26.9789
endloop
endfacet

facet normal 0.844993 0.0438059 -0.532981
outer loop
vertex 41.0851 0.0411806 -10.2529
vertex 41.0235 1.31348 -10.2459
vertex 41.801 0.974381 -9.04106
endloop
endfacet

facet normal -0.259225 0.965119 -0.0367048
outer loop
vertex 15.0422 14.4365 21.0566
vertex 16.3084 14.8272 22.3869
vertex 17.4318 14.9783 18.4251
endloop
endfacet

facet normal -0.549259 0.835558 -0.0125065
outer loop
vertex -11.0102 18.299 24.8033
vertex -10.3184 18.747 24.3552
vertex -10.8089 18.4019 22.8363
endloop
endfacet

facet normal 0.648021 0.632871 0.423725
outer loop
vertex -15.2295 14.3341 26.7621
vertex -15.7351 13.2249 29.1921
vertex -14.3379 12.3598 28.3472
endloop
endfacet

facet normal -0.412011 0.612722 -0.674403
outer loop
vertex -0.442093 16.6565 -23.1025
vertex 2.81221 16.2813 -25.4315
vertex -0.718093 14.8061 -24.6151
endloop
endfacet

facet normal 0.36744 -0.389111 -0.844737
outer loop
vertex -8.79639 19.1035 25.0987
vertex -6.11319 15.8711 27.7548
vertex -6.77399 14.6307 28.0387
endloop
endfacet

facet normal -0.574807 0.513846 -0.636835
outer loop
vertex 36.1322 3.09498 3.76224
vertex 36.5971 4.57198 4.53434
vertex 37.7065 2.60538 1.94624
endloop
endfacet

facet normal 0.387179 0.921242 0.0374898
outer loop
vertex 28.0856 10.5227 2.92904
vertex 30.5988 9.29158 7.22484
vertex 29.8157 9.93588 -0.519065
endloop
endfacet

facet normal 0.0905637 -0.84747 -0.52306
outer loop
vertex 14.358 16.4262 21.2124
vertex 13.1679 16.7417 20.4952
vertex 14.6272 17.8088 19.0189
endloop
endfacet

facet normal 0.63403 -0.284529 -0.719061
outer loop
vertex 24.3826 -3.03902 -44.3011
vertex 23.2284 -3.66182 -45.0724
vertex 24.354 -1.35532 -44.9926
endloop
endfacet

facet normal 0.304877 -0.780122 -0.546314
outer loop
vertex -22.9622 -0.252919 5.93324
vertex -21.6298 -1.22702 8.06764
vertex -25.4951 -2.95152 8.37324
endloop
endfacet

facet normal 0.890411 0.170757 0.421912
outer loop
vertex 22.394 3.58968 23.4796
vertex 19.0208 4.49378 30.2326
vertex 18.8834 3.17568 31.0561
endloop
endfacet

facet normal 0.530518 0.411965 -0.740834
outer loop
vertex 8.98371 21.3846 16.6073
vertex 10.8623 20.3953 17.4024
vertex 10.3892 20.4433 17.0903
endloop
endfacet

facet normal -0.772463 0.632142 -0.060813
outer loop
vertex 1.66681 -24.3055 22.3092
vertex 2.01661 -23.8512 22.5892
vertex 2.49891 -23.356 21.6104
endloop
endfacet

facet normal 0.813297 0.15627 -0.560471
outer loop
vertex -40.9107 4.45958 -14.3069
vertex -35.9505 4.76478 -7.02406
vertex -35.1609 0.357381 -7.10696
endloop
endfacet

facet normal 0.263335 0.93422 0.240598
outer loop
vertex 5.99181 12.6669 31.2846
vertex 9.48671 11.8172 30.7589
vertex 9.71961 12.2848 28.6881
endloop
endfacet

facet normal 0.738635 0.277482 -0.614347
outer loop
vertex 10.3892 20.4433 17.0903
vertex 11.7919 19.2328 18.2301
vertex 12.3431 18.3305 18.4852
endloop
endfacet

facet normal -0.627666 0.31389 0.712396
outer loop
vertex -5.36479 -9.19492 33.9945
vertex -7.92349 -9.63112 31.9322
vertex -6.08579 -10.3809 33.8817
endloop
endfacet

facet normal -0.281249 0.871052 -0.402699
outer loop
vertex 3.03541 20.3721 -21.0867
vertex 1.90721 21.7238 -17.3751
vertex 4.19691 21.7559 -18.9048
endloop
endfacet

facet normal 0.913945 -0.204402 -0.350604
outer loop
vertex 33.1465 -7.20672 -10.6347
vertex 32.2599 -6.87172 -13.1411
vertex 32.8204 -4.90592 -12.8262
endloop
endfacet

facet normal 0.769517 -0.636227 -0.0552975
outer loop
vertex 13.5118 -23.6765 -11.2571
vertex 15.5839 -20.7555 -16.0303
vertex 17.9035 -18.1856 -13.3183
endloop
endfacet

facet normal -0.339754 -0.39442 0.853815
outer loop
vertex -29.5561 -6.09532 -46.7964
vertex -27.4348 -5.18692 -45.5326
vertex -27.0365 -4.34882 -44.987
endloop
endfacet

facet normal 0.975559 -0.0165031 -0.219116
outer loop
vertex 16.1225 -5.35872 28.3372
vertex 16.413 -4.70662 29.5815
vertex 16.5262 -7.12702 30.268
endloop
endfacet

facet normal 0.298592 0.456751 -0.837986
outer loop
vertex -2.42239 24.1573 -5.19646
vertex -3.49619 22.576 -6.44096
vertex -4.78779 22.7273 -6.81876
endloop
endfacet

facet normal -0.72763 0.493947 -0.475995
outer loop
vertex -24.7139 16.4177 -6.55256
vertex -22.6197 18.2507 -7.85176
vertex -25.9829 12.4053 -8.77656
endloop
endfacet

facet normal -0.990623 0.131136 0.0383384
outer loop
vertex -10.1599 -14.5009 29.0477
vertex -10.1441 -13.782 26.997
vertex -10.3415 -15.306 27.1089
endloop
endfacet

facet normal 0.100219 0.170337 -0.980276
outer loop
vertex -6.71919 1.55498 -31.0661
vertex -5.07889 5.01308 -30.2975
vertex -2.21809 2.41358 -30.4568
endloop
endfacet

facet normal -0.926001 0.363455 0.102097
outer loop
vertex -27.0462 11.6559 -7.79796
vertex -25.7479 13.1806 -1.45046
vertex -23.9615 17.3993 -0.266565
endloop
endfacet

facet normal -0.139269 -0.851251 -0.50594
outer loop
vertex -2.49399 -16.659 -22.2229
vertex -5.70749 -16.8488 -21.019
vertex -4.20629 -15.3776 -23.9075
endloop
endfacet

facet normal -0.0241193 0.971917 -0.234084
outer loop
vertex -8.61389 24.1979 -9.80266
vertex -4.59849 24.1207 -10.5369
vertex -6.15879 21.8616 -19.756
endloop
endfacet

facet normal 0.25061 0.535726 0.806345
outer loop
vertex 9.03841 16.5864 25.6651
vertex 5.90631 13.506 28.6852
vertex 10.3902 12.7134 27.8182
endloop
endfacet

facet normal -0.728412 -0.446657 -0.519533
outer loop
vertex 22.3295 -3.13702 4.08974
vertex 19.6401 0.623781 4.62704
vertex 21.2186 1.11438 1.99214
endloop
endfacet

facet normal 0.30252 -0.857794 -0.415537
outer loop
vertex 0.744207 -22.8375 27.1114
vertex 2.29871 -22.3007 27.135
vertex 2.37881 -22.7118 28.0421
endloop
endfacet

facet normal -0.70564 -0.0112268 0.708481
outer loop
vertex -26.9185 -9.56152 -46.2752
vertex -27.1253 -8.27032 -46.4607
vertex -27.9023 -10.251 -47.266
endloop
endfacet

facet normal -0.402468 0.665798 -0.628278
outer loop
vertex 24.9099 9.58068 2.98524
vertex 23.1958 6.59978 0.924435
vertex 24.039 8.27988 2.16474
endloop
endfacet

facet normal -0.546189 0.60626 0.578037
outer loop
vertex -33.8673 4.10558 12.1054
vertex -35.1615 6.88248 7.97004
vertex -36.0631 5.53768 8.52854
endloop
endfacet

facet normal -0.1866 -0.773104 -0.60621
outer loop
vertex 10.7116 -11.199 -25.8796
vertex 9.56331 -10.0167 -27.0339
vertex 11.2546 -10.1643 -27.3663
endloop
endfacet

facet normal 0.895101 -0.317236 0.313297
outer loop
vertex 9.03371 -14.8598 14.5116
vertex 9.94421 -16.1166 10.6377
vertex 9.05531 -14.4205 14.8948
endloop
endfacet

facet normal -0.802514 0.00518264 0.596611
outer loop
vertex -18.7747 -9.14582 16.1607
vertex -16.0366 -9.16732 19.8439
vertex -17.3718 -6.87162 18.028
endloop
endfacet

facet normal -0.86907 0.474103 -0.141221
outer loop
vertex 29.6789 -4.03122 -6.21026
vertex 29.106 -5.39012 -7.24666
vertex 29.3594 -4.02722 -4.23086
endloop
endfacet

facet normal 0.296931 -0.119633 0.947375
outer loop
vertex 4.37471 19.0679 26.9789
vertex 5.31041 18.4443 26.6069
vertex 7.56011 18.6934 25.9332
endloop
endfacet

facet normal 0.12496 0.744039 -0.656346
outer loop
vertex -9.88409 -17.1704 -19.6289
vertex -2.04929 -18.7166 -19.8899
vertex -2.73189 -18.952 -20.2868
endloop
endfacet

facet normal -0.211593 0.927501 -0.308173
outer loop
vertex 12.7177 7.34208 34.5759
vertex 12.8605 6.87758 33.0797
vertex 11.5215 6.77208 33.6817
endloop
endfacet

facet normal -0.544774 -0.194968 0.815603
outer loop
vertex -6.58249 -14.7925 34.4774
vertex -5.56299 -15.9795 34.8746
vertex -5.95859 -14.807 34.8906
endloop
endfacet

facet normal -0.886675 -0.178181 0.426684
outer loop
vertex -16.0366 -9.16732 19.8439
vertex -14.9113 -8.33312 22.5307
vertex -17.3718 -6.87162 18.028
endloop
endfacet

facet normal -0.162 -0.0124035 -0.986713
outer loop
vertex 14.8431 -13.0502 -48.3129
vertex 18.3137 -10.6661 -48.9126
vertex 17.2024 -12.3146 -48.7094
endloop
endfacet

facet normal -0.890095 0.29087 -0.350891
outer loop
vertex 31.6998 4.32208 9.86694
vertex 33.3215 5.58878 6.80334
vertex 32.6089 4.50248 7.71034
endloop
endfacet

facet normal -0.217925 0.0723883 -0.973277
outer loop
vertex 14.3034 -10.1602 -47.9771
vertex 18.3137 -10.6661 -48.9126
vertex 14.8431 -13.0502 -48.3129
endloop
endfacet

facet normal 0.346875 0.361472 -0.865457
outer loop
vertex 16.9094 15.5825 -9.65426
vertex 17.8884 17.7902 -8.33976
vertex 19.7892 12.9932 -9.58146
endloop
endfacet

facet normal 0.23822 0.238489 -0.941474
outer loop
vertex 16.9094 15.5825 -9.65426
vertex 19.7892 12.9932 -9.58146
vertex 17.6511 13.3925 -10.0213
endloop
endfacet

facet normal -0.978379 0.0984557 0.18188
outer loop
vertex 21.2186 1.11438 1.99214
vertex 21.3555 3.07858 1.66524
vertex 21.007 1.15058 0.833935
endloop
endfacet

facet normal 0.899062 -0.428302 0.0907974
outer loop
vertex 33.3411 -7.76282 -5.55516
vertex 32.9086 -9.32062 -8.62166
vertex 33.3564 -8.47232 -9.05336
endloop
endfacet

facet normal 0.50821 -0.648636 -0.566564
outer loop
vertex 19.7028 -8.03172 -43.5877
vertex 18.3493 -8.44622 -44.3274
vertex 21.8471 -5.39932 -44.678
endloop
endfacet

facet normal -0.674449 0.71343 0.190095
outer loop
vertex 7.96921 10.464 -46.3971
vertex 12.3082 13.4455 -42.1923
vertex 13.0236 14.0648 -41.9784
endloop
endfacet

facet normal 0.606571 -0.706992 -0.36364
outer loop
vertex 19.0966 -12.3402 -11.9591
vertex 21.0862 -9.26212 -14.625
vertex 23.079 -8.35312 -13.068
endloop
endfacet

facet normal 0.403161 -0.826623 0.392627
outer loop
vertex 24.7839 -9.28622 -47.6567
vertex 23.6339 -9.60042 -47.1375
vertex 23.7475 -10.1235 -48.3553
endloop
endfacet

facet normal 0.466684 -0.44498 0.764329
outer loop
vertex 24.7839 -9.28622 -47.6567
vertex 23.9619 -7.79122 -46.2844
vertex 23.6339 -9.60042 -47.1375
endloop
endfacet

facet normal -0.238549 0.962669 -0.127916
outer loop
vertex -10.7822 23.7897 -8.83086
vertex -8.61389 24.1979 -9.80266
vertex -12.1667 23.0564 -11.7679
endloop
endfacet

facet normal -0.443364 0.896336 -0.00303791
outer loop
vertex -38.6773 11.4335 8.76494
vertex -34.1562 13.6579 5.22584
vertex -37.8934 11.7875 -1.19696
endloop
endfacet

facet normal -0.51582 -0.673416 0.529566
outer loop
vertex 11.9446 -8.87142 31.8308
vertex 11.1288 -7.35702 32.9618
vertex 10.145 -7.20662 32.1949
endloop
endfacet

facet normal 0.1513 0.926761 -0.343835
outer loop
vertex -24.3393 14.9147 11.8601
vertex -27.2056 12.9459 5.29204
vertex -27.9108 14.0509 7.96024
endloop
endfacet

facet normal 0.0298602 -0.982274 -0.185057
outer loop
vertex 36.8585 -5.60062 -10.6699
vertex 33.9067 -5.83682 -9.89276
vertex 35.6016 -5.17092 -13.1538
endloop
endfacet

facet normal 0.680241 -0.610333 0.405913
outer loop
vertex 4.06611 -15.4172 31.8267
vertex 4.99511 -16.6023 28.4879
vertex 5.38201 -14.8049 30.5421
endloop
endfacet

facet normal -0.810906 0.471268 -0.346897
outer loop
vertex -12.0234 -13.5335 24.1741
vertex -11.7479 -12.9599 24.3092
vertex -11.5307 -13.8625 22.5754
endloop
endfacet

facet normal 0.35497 0.125599 -0.926402
outer loop
vertex 37.4154 -2.49252 -17.1216
vertex 37.0758 -4.29712 -17.4964
vertex 35.5776 -2.85092 -17.8744
endloop
endfacet

facet normal 0.85357 -0.515285 0.0768139
outer loop
vertex 33.7474 -5.62702 -6.71496
vertex 33.1465 -7.20672 -10.6347
vertex 33.9067 -5.83682 -9.89276
endloop
endfacet

facet normal -0.22027 0.927186 0.302997
outer loop
vertex -10.1536 12.4212 31.2013
vertex -14.3379 12.3598 28.3472
vertex -13.6575 11.7404 30.7374
endloop
endfacet

facet normal 0.762256 -0.383579 -0.521376
outer loop
vertex -9.62339 -3.49182 -33.3676
vertex -8.47189 1.08928 -35.0544
vertex -8.41889 -1.43172 -33.1221
endloop
endfacet

facet normal 0.331972 -0.107008 -0.9372
outer loop
vertex -42.548 2.21478 8.18294
vertex -40.8305 5.61208 8.40344
vertex -41.2987 1.74318 8.67934
endloop
endfacet

facet normal 0.0253468 0.999115 0.0335601
outer loop
vertex -8.61389 24.1979 -9.80266
vertex -4.03839 23.9988 -7.33176
vertex -4.59849 24.1207 -10.5369
endloop
endfacet

facet normal -0.841585 0.33298 0.425276
outer loop
vertex -19.2132 12.9168 21.5438
vertex -17.0903 15.3968 23.8031
vertex -18.9016 14.1752 21.1751
endloop
endfacet

facet normal -0.473569 -0.880746 0.00441014
outer loop
vertex -17.298 -12.6271 -17.4303
vertex -15.9726 -13.3597 -21.4119
vertex -14.6126 -14.0806 -19.3317
endloop
endfacet

facet normal 0.4077 -0.814157 -0.413435
outer loop
vertex -39.5927 -3.40432 -17.5624
vertex -36.6428 -2.51672 -16.4013
vertex -37.9353 -3.22022 -16.2906
endloop
endfacet

facet normal 0.417814 -0.82087 -0.389364
outer loop
vertex 36.3453 4.52068 -18.26
vertex 36.7113 4.45588 -17.7306
vertex 35.741 3.73008 -17.2417
endloop
endfacet

facet normal -0.62531 -0.777602 0.0657498
outer loop
vertex -21.0014 -4.48532 21.0083
vertex -21.1748 -3.83462 27.0538
vertex -24.126 -1.96952 21.0451
endloop
endfacet

facet normal 0.518349 -0.0750009 0.851874
outer loop
vertex -6.53219 12.7208 29.8879
vertex -8.39759 12.959 31.0439
vertex -8.78779 11.3597 31.1406
endloop
endfacet

facet normal -0.71901 -0.6591 0.220481
outer loop
vertex 30.872 -6.94272 -6.12856
vertex 29.2541 -4.66092 -4.58346
vertex 29.106 -5.39012 -7.24666
endloop
endfacet

facet normal -0.336352 -0.0422837 0.940787
outer loop
vertex -13.7162 1.00038 36.1702
vertex -16.8823 1.04578 35.0403
vertex -14.5736 -0.659219 35.789
endloop
endfacet

facet normal -0.744118 -0.30144 -0.596172
outer loop
vertex 8.16631 0.0197806 -43.183
vertex 10.4391 -4.33452 -43.8182
vertex 9.93181 -4.18742 -43.2594
endloop
endfacet

facet normal -0.138107 0.990277 -0.0166757
outer loop
vertex -1.86389 25.5196 0.116335
vertex 4.36221 26.337 -2.90546
vertex -2.17249 25.4292 -2.69286
endloop
endfacet

facet normal 0.715699 -0.305374 0.62811
outer loop
vertex 9.86481 10.6939 30.5933
vertex 11.4877 11.2164 28.9981
vertex 12.1965 12.4931 28.8111
endloop
endfacet

facet normal 0.0654603 -0.797072 0.600326
outer loop
vertex -3.86999 -17.0149 -20.454
vertex 2.77731 -16.5442 -20.5538
vertex -1.25859 -16.0757 -19.4917
endloop
endfacet

facet normal 0.0262853 -0.768152 0.639727
outer loop
vertex -2.61729 -24.3574 27.0203
vertex -1.74079 -25.3293 25.8172
vertex -1.36539 -24.3477 26.9805
endloop
endfacet

facet normal -0.756645 -0.442118 -0.481684
outer loop
vertex 28.4392 -7.24992 2.42344
vertex 28.5323 -8.14912 3.10254
vertex 26.4244 -7.87772 6.16464
endloop
endfacet

facet normal 0.944141 -0.322136 0.0694626
outer loop
vertex 33.6567 -6.79182 -5.34206
vertex 33.3411 -7.76282 -5.55516
vertex 33.3564 -8.47232 -9.05336
endloop
endfacet

facet normal -0.00311224 -0.999629 0.0270722
outer loop
vertex 29.7662 -4.89902 3.18144
vertex 32.1277 -4.99052 0.0759352
vertex 31.8646 -4.96442 1.00774
endloop
endfacet

facet normal -0.176048 -0.927679 -0.329271
outer loop
vertex -3.09699 -25.1176 25.9461
vertex -2.39709 -24.9268 25.0341
vertex -1.74079 -25.3293 25.8172
endloop
endfacet

facet normal -0.357714 0.765781 0.534434
outer loop
vertex -14.2828 22.6288 -9.51046
vertex -12.7646 22.6074 -8.46366
vertex -10.7822 23.7897 -8.83086
endloop
endfacet

facet normal -0.548333 0.751076 0.367717
outer loop
vertex 1.33461 -24.0587 21.3095
vertex 1.66681 -24.3055 22.3092
vertex 2.49891 -23.356 21.6104
endloop
endfacet

facet normal -0.475707 -0.877853 -0.0554687
outer loop
vertex -9.55669 -27.7553 -9.97846
vertex -12.8518 -26.0982 -7.94386
vertex -15.6489 -24.1106 -15.4127
endloop
endfacet

facet normal -0.0810964 -0.439842 0.894406
outer loop
vertex -28.3127 -6.30692 -46.7877
vertex -29.5561 -6.09532 -46.7964
vertex -29.5265 -7.12462 -47.2999
endloop
endfacet

facet normal 0.993151 -0.0567918 0.102103
outer loop
vertex -36.1165 -6.50702 -11.6222
vertex -36.253 -4.84932 -9.37216
vertex -36.3952 -5.82062 -8.52956
endloop
endfacet

facet normal -0.770324 -0.317011 -0.553268
outer loop
vertex -11.3689 -14.4686 26.4111
vertex -10.5487 -14.9564 25.5486
vertex -10.0814 -16.3824 25.7151
endloop
endfacet

facet normal -0.664953 0.44962 -0.596388
outer loop
vertex -29.2733 4.31848 -39.1214
vertex -27.3645 7.89288 -38.555
vertex -24.9787 8.80548 -40.527
endloop
endfacet

facet normal -9.70459e-05 -0.45346 -0.891277
outer loop
vertex 31.8439 -7.77422 -9.40836
vertex 33.3564 -8.47232 -9.05336
vertex 32.9086 -9.32062 -8.62166
endloop
endfacet

facet normal 0.0827097 0.0348602 -0.995964
outer loop
vertex 19.2822 -7.80422 -49.1527
vertex 16.4453 11.7438 -48.7041
vertex 24.323 -1.40032 -48.51
endloop
endfacet

facet normal 0.467496 0.820434 -0.329143
outer loop
vertex 8.22901 21.6813 -17.3485
vertex 14.9442 17.4291 -18.4097
vertex 11.9317 17.5034 -22.5033
endloop
endfacet

facet normal 0.686227 0.685482 0.243323
outer loop
vertex 12.7333 -16.9245 0.903135
vertex 10.439 -16.362 5.78884
vertex 12.7959 -18.3808 4.82914
endloop
endfacet

facet normal 0.550966 0.819537 0.157469
outer loop
vertex -5.34819 -14.8455 36.1459
vertex -5.34839 -14.641 35.0824
vertex -5.94399 -14.3746 35.78
endloop
endfacet

facet normal 0.99427 0.000138922 0.106901
outer loop
vertex 5.96581 -16.9137 27.0708
vertex 5.90521 -13.498 27.6308
vertex 5.75571 -14.4585 29.0219
endloop
endfacet

facet normal -0.0530325 0.674352 0.736503
outer loop
vertex 38.4783 14.0253 2.81184
vertex 37.3778 13.4949 3.21834
vertex 37.8338 13.0329 3.67404
endloop
endfacet

facet normal -0.954765 0.296231 0.0259124
outer loop
vertex -26.9977 8.24738 -31.26
vertex -27.3649 6.45668 -24.3174
vertex -26.2714 9.95898 -24.0658
endloop
endfacet

facet normal 0.0192652 -0.955719 0.293648
outer loop
vertex -5.61239 -22.6738 27.2085
vertex -4.25229 -22.9806 26.1206
vertex -4.32619 -22.7701 26.8107
endloop
endfacet

facet normal 0.217914 0.97061 -0.102125
outer loop
vertex -31.0476 8.65288 -2.49076
vertex -31.4019 9.49698 4.77544
vertex -28.1469 8.36118 0.926635
endloop
endfacet

facet normal -0.712767 0.664692 -0.223936
outer loop
vertex 14.1662 13.6072 21.3832
vertex 15.0422 14.4365 21.0566
vertex 15.18 13.784 18.6813
endloop
endfacet

facet normal 0.0814933 0.567433 -0.819377
outer loop
vertex 19.7892 12.9932 -9.58146
vertex 18.8684 11.0186 -11.0405
vertex 18.1907 11.951 -10.4622
endloop
endfacet

facet normal -0.17522 0.213572 0.961085
outer loop
vertex -1.89129 0.418081 37.109
vertex -3.15109 0.327581 36.8994
vertex -3.09489 -4.44432 37.9701
endloop
endfacet

facet normal 0.914341 -0.00134231 0.404942
outer loop
vertex -0.328993 -16.0268 36.7896
vertex 0.121807 -15.8094 35.7726
vertex -0.436693 -15.1885 37.0356
endloop
endfacet

facet normal -0.226145 0.534533 -0.81433
outer loop
vertex 2.81221 16.2813 -25.4315
vertex 6.09331 13.6301 -28.083
vertex 3.22881 10.2707 -29.4926
endloop
endfacet

facet normal -0.548241 -0.423153 0.721369
outer loop
vertex 11.4136 -5.89072 32.3187
vertex 12.8962 -4.08352 34.5056
vertex 11.8231 -3.67802 33.9279
endloop
endfacet

facet normal -0.792494 0.48035 0.375788
outer loop
vertex 25.8785 -4.67652 14.0899
vertex 26.1627 -1.94832 11.202
vertex 24.5626 -5.65882 12.5704
endloop
endfacet

facet normal 0.997945 0.0621009 -0.01577
outer loop
vertex 26.1454 3.03008 -11.6058
vertex 26.3134 0.726781 -10.0455
vertex 26.3399 -0.593619 -13.5639
endloop
endfacet

facet normal -0.657048 0.636068 -0.404605
outer loop
vertex 33.7263 2.55788 -16.9246
vertex 34.2823 3.08448 -16.9996
vertex 34.697 3.25928 -17.3984
endloop
endfacet

facet normal 0.0562756 -0.0781135 0.995355
outer loop
vertex 11.8691 0.988581 35.6498
vertex 1.04781 3.85108 36.4862
vertex 1.15581 -1.07172 36.0938
endloop
endfacet

facet normal -0.412397 -0.705747 0.576064
outer loop
vertex -2.20029 -18.3626 36.8468
vertex -3.78549 -16.923 37.4756
vertex -3.00509 -18.3384 36.3004
endloop
endfacet

facet normal -0.83699 -0.537296 0.103739
outer loop
vertex 15.1844 -13.9732 -46.6694
vertex 14.3885 -12.7447 -46.7282
vertex 15.0577 -14.0123 -47.8939
endloop
endfacet

facet normal -0.505681 -0.800551 0.321565
outer loop
vertex -13.4363 -21.9276 2.22674
vertex -12.4772 -22.3779 2.61414
vertex -13.3963 -20.9883 4.62814
endloop
endfacet

facet normal 0.439411 -0.357982 -0.823873
outer loop
vertex -35.3914 -6.53662 2.87734
vertex -35.3357 -4.70002 2.10904
vertex -35.1538 -5.20482 2.42544
endloop
endfacet

facet normal -0.0408344 -0.97473 0.219625
outer loop
vertex -27.9479 -3.94512 2.88194
vertex -27.4738 -3.11422 6.65774
vertex -31.2591 -4.02502 1.91154
endloop
endfacet

facet normal 0.142441 -0.980188 0.137628
outer loop
vertex -36.521 -3.23502 15.9708
vertex -38.1175 -3.37692 16.6125
vertex -37.4679 -3.73472 13.3918
endloop
endfacet

facet normal -0.0155007 -0.0394229 -0.999102
outer loop
vertex -42.3776 -2.82342 -17.5421
vertex -39.5927 -3.40432 -17.5624
vertex -41.2673 -4.59562 -17.4894
endloop
endfacet

facet normal -0.958114 -0.228418 0.172753
outer loop
vertex -28.453 -2.72222 -44.4433
vertex -28.2039 -3.06062 -43.5092
vertex -28.6652 -0.0722194 -42.1162
endloop
endfacet

facet normal 0.674361 0.102709 -0.731224
outer loop
vertex 31.4266 -3.16012 -13.8663
vertex 32.8204 -4.90592 -12.8262
vertex 31.4911 -5.94052 -14.1974
endloop
endfacet

facet normal 0.580147 0.448265 -0.680065
outer loop
vertex 17.8884 17.7902 -8.33976
vertex 19.3128 18.3194 -6.77576
vertex 22.4586 12.0064 -8.25336
endloop
endfacet

facet normal 0.96779 0.131006 -0.21499
outer loop
vertex 24.632 1.07538 -42.2601
vertex 24.354 -1.35532 -44.9926
vertex 23.5012 3.66958 -45.7696
endloop
endfacet

facet normal 0.748856 -0.23703 -0.618895
outer loop
vertex 20.7989 -11.3222 -14.4586
vertex 16.1773 -18.4807 -17.309
vertex 18.0263 -13.663 -16.9169
endloop
endfacet

facet normal -0.276255 0.24717 0.928757
outer loop
vertex 11.6298 22.2048 17.575
vertex 11.1436 21.4235 17.6383
vertex 13.5574 20.6926 18.5508
endloop
endfacet

facet normal 0.665622 -0.692574 0.278009
outer loop
vertex -36.3952 -5.82062 -8.52956
vertex -37.5062 -5.31582 -4.61206
vertex -36.64 -7.06992 -11.0557
endloop
endfacet

facet normal -0.958377 0.0522793 0.280678
outer loop
vertex 12.8284 -4.76362 -45.3763
vertex 12.5172 -0.138919 -47.3002
vertex 12.424 -5.43442 -46.6321
endloop
endfacet

facet normal 0.969831 0.00772041 0.243654
outer loop
vertex 5.79251 -16.3776 25.7974
vertex 6.30431 -19.3351 23.854
vertex 6.29951 -17.7033 23.8213
endloop
endfacet

facet normal -0.373916 0.354009 -0.857243
outer loop
vertex -23.2657 11.8582 -10.5321
vertex -24.773 12.2217 -9.72446
vertex -21.9383 15.264 -9.70456
endloop
endfacet

facet normal 0.167177 -0.942223 -0.290291
outer loop
vertex 11.2546 -10.1643 -27.3663
vertex 12.3265 -8.09032 -33.4808
vertex 15.1742 -8.76892 -29.6383
endloop
endfacet

facet normal 0.719168 -0.473497 -0.508525
outer loop
vertex 15.5839 -20.7555 -16.0303
vertex 13.8215 -20.3046 -18.9425
vertex 16.1773 -18.4807 -17.309
endloop
endfacet

facet normal 0.816115 -0.576502 -0.0400293
outer loop
vertex 6.40571 -15.0085 19.0273
vertex 5.00991 -16.9765 18.9126
vertex 4.09411 -18.0877 16.2438
endloop
endfacet

facet normal -0.216877 -0.357093 0.908542
outer loop
vertex 14.922 -10.8149 -45.5374
vertex 15.9545 -12.734 -46.0452
vertex 16.2965 -8.38692 -44.255
endloop
endfacet

facet normal -0.286801 0.936598 -0.20132
outer loop
vertex -14.4166 -15.8341 9.89144
vertex -13.2692 -15.8446 8.20824
vertex -17.4501 -17.5702 6.13634
endloop
endfacet

facet normal -0.0501918 0.72011 0.692042
outer loop
vertex -6.53219 12.7208 29.8879
vertex -8.78779 11.3597 31.1406
vertex -5.04869 11.4742 31.2927
endloop
endfacet

facet normal -0.255513 0.932609 0.254859
outer loop
vertex -5.24659 20.212 19.0863
vertex -2.11909 22.5142 13.7976
vertex -4.60549 22.7384 10.4844
endloop
endfacet

facet normal 0.107102 0.978556 -0.175948
outer loop
vertex 11.2317 15.0982 -28.081
vertex 14.7604 14.752 -27.8582
vertex 14.2415 14.2688 -30.8615
endloop
endfacet

facet normal 0.0380683 -0.512435 -0.857882
outer loop
vertex 11.184 16.5067 25.1214
vertex 12.773 14.2351 26.5488
vertex 11.0613 14.1499 26.5238
endloop
endfacet

facet normal 0.452521 -0.58766 -0.670731
outer loop
vertex -10.0949 20.6537 18.8797
vertex -10.3777 22.2614 17.2803
vertex -8.59429 21.3479 19.2838
endloop
endfacet

facet normal -0.867593 0.0757656 -0.49147
outer loop
vertex -38.144 -3.48062 -13.3373
vertex -37.6448 -3.40702 -14.2072
vertex -37.6041 -4.49322 -14.4466
endloop
endfacet

facet normal -0.869456 0.0718066 -0.488763
outer loop
vertex -38.7025 -6.37212 -12.7687
vertex -38.144 -3.48062 -13.3373
vertex -37.6041 -4.49322 -14.4466
endloop
endfacet

facet normal 0.191077 0.901072 -0.389306
outer loop
vertex -42.3162 2.82788 -18.0716
vertex -42.3775 3.82518 -15.7932
vertex -40.8994 3.08718 -16.776
endloop
endfacet

facet normal 0.302953 0.450908 -0.839584
outer loop
vertex -30.8208 8.24288 -3.82956
vertex -28.5883 4.32828 -5.12636
vertex -32.0476 6.37758 -5.27406
endloop
endfacet

facet normal 0.0901415 0.751176 0.653918
outer loop
vertex 2.50061 12.3603 30.1615
vertex 0.876807 11.9192 30.892
vertex 5.28161 10.5312 31.8793
endloop
endfacet

facet normal 0.0447897 -0.758278 0.650391
outer loop
vertex 5.21181 -19.9189 24.2969
vertex 5.74591 -20.5772 23.4926
vertex 5.03771 -17.7128 26.8809
endloop
endfacet

facet normal -0.0253761 0.990525 -0.13497
outer loop
vertex 12.2212 14.0515 -32.0765
vertex 14.2415 14.2688 -30.8615
vertex 17.596 13.5274 -36.9332
endloop
endfacet

facet normal -0.966147 0.0459325 0.25387
outer loop
vertex -20.477 15.6101 14.1271
vertex -20.5923 13.1277 14.1374
vertex -19.7017 14.8234 17.2201
endloop
endfacet

facet normal -0.178838 0.024944 0.983562
outer loop
vertex 32.2938 4.17228 10.0741
vertex 31.5255 2.08808 9.98734
vertex 32.6336 3.34268 10.1569
endloop
endfacet

facet normal 0.802898 0.0852278 0.589993
outer loop
vertex 24.8911 -4.96952 -46.7374
vertex 24.2469 -1.42692 -46.3724
vertex 23.6318 -0.691219 -45.6417
endloop
endfacet

facet normal -0.206242 0.144214 -0.967815
outer loop
vertex 30.8306 7.56988 -6.47036
vertex 31.1583 6.66508 -6.67506
vertex 30.1052 3.15698 -6.97336
endloop
endfacet

facet normal -0.667864 -0.645396 0.370705
outer loop
vertex -23.3983 -7.22762 -38.6747
vertex -24.5482 -5.02452 -36.9108
vertex -25.2878 -5.04612 -38.2808
endloop
endfacet

facet normal 0.687065 0.52287 -0.504529
outer loop
vertex -16.4355 11.2898 -48.4485
vertex -16.3912 11.9923 -47.6602
vertex -14.9429 10.0674 -47.6827
endloop
endfacet

facet normal -0.827324 0.40275 0.39157
outer loop
vertex -18.5002 17.7615 21.8732
vertex -18.6791 19.5072 19.6996
vertex -19.4262 18.3472 19.3142
endloop
endfacet

facet normal -0.110244 -0.336309 -0.935277
outer loop
vertex 15.4413 2.01088 36.3005
vertex 17.4268 2.11208 36.0301
vertex 16.4375 0.820881 36.611
endloop
endfacet

facet normal -0.666356 -0.73849 -0.102969
outer loop
vertex -21.5988 -9.00572 -23.8765
vertex -24.6665 -6.27512 -23.6079
vertex -24.8356 -5.11832 -30.8103
endloop
endfacet

facet normal 0.134346 -0.987393 0.0837039
outer loop
vertex 19.2962 -4.47432 16.4582
vertex 15.1941 -5.10012 15.66
vertex 18.8047 -5.03652 10.615
endloop
endfacet

facet normal 0.287941 0.662762 -0.691258
outer loop
vertex -5.51039 17.5623 -24.9748
vertex -3.15619 20.5568 -21.1231
vertex -3.37859 16.2685 -25.3272
endloop
endfacet

facet normal -0.738507 -0.529077 0.417953
outer loop
vertex 7.44311 -3.56582 -41.4271
vertex 9.53521 -3.92432 -38.1843
vertex 5.89811 0.715081 -38.7379
endloop
endfacet

facet normal 0.397601 0.165354 -0.902536
outer loop
vertex -40.3413 9.20338 8.22044
vertex -40.3708 11.0528 8.54634
vertex -39.6846 10.5396 8.75454
endloop
endfacet

facet normal -0.971326 0.150911 0.183717
outer loop
vertex -33.8673 4.10558 12.1054
vertex -33.4419 8.39448 10.8317
vertex -33.946 6.82828 9.45274
endloop
endfacet

facet normal 0.25129 0.948657 0.192101
outer loop
vertex -11.9445 21.9137 15.0769
vertex -11.0714 21.0853 18.0259
vertex -10.0949 20.6537 18.8797
endloop
endfacet

facet normal -0.382331 -0.448213 0.808039
outer loop
vertex -14.5736 -0.659219 35.789
vertex -17.1924 -3.60192 32.9177
vertex -14.1362 -3.23472 34.5674
endloop
endfacet

facet normal 0.990461 -0.136601 -0.0180636
outer loop
vertex 23.8664 1.84468 -26.97
vertex 23.3846 -0.769019 -33.6242
vertex 23.9782 3.35298 -32.2485
endloop
endfacet

facet normal -0.964648 -0.0529138 -0.258175
outer loop
vertex -43.7531 0.695681 -16.6085
vertex -45.1985 5.19938 -12.1313
vertex -44.3122 3.47388 -15.0891
endloop
endfacet

facet normal 0.0874941 0.960734 0.263314
outer loop
vertex 1.97521 20.3949 18.6519
vertex 5.92101 22.0124 11.4393
vertex -0.425593 23.1064 9.55634
endloop
endfacet

facet normal 0.983187 0.181799 0.0170736
outer loop
vertex 23.0063 8.08598 -26.6823
vertex 23.9782 3.35298 -32.2485
vertex 23.4387 6.21858 -31.6965
endloop
endfacet

facet normal -0.193094 -0.84708 0.495147
outer loop
vertex -5.74659 -17.8167 13.5417
vertex -12.392 -18.6189 9.57784
vertex -6.98589 -20.0073 9.31074
endloop
endfacet

facet normal 0.334969 0.942105 -0.0152823
outer loop
vertex 20.6584 13.6297 14.5149
vertex 20.3729 13.8299 20.6005
vertex 24.0891 12.4066 14.3143
endloop
endfacet

facet normal 0.52313 0.294642 0.799701
outer loop
vertex 32.6155 -0.204319 -15.6799
vertex 32.6111 2.10188 -16.5268
vertex 30.9705 0.0305806 -14.6904
endloop
endfacet

facet normal -0.0618817 0.955776 0.287513
outer loop
vertex 8.42871 21.9229 14.6984
vertex 8.56281 21.1844 17.1824
vertex 8.98371 21.3846 16.6073
endloop
endfacet

facet normal 0.735626 0.540392 -0.408449
outer loop
vertex -10.3777 22.2614 17.2803
vertex -10.6294 22.9189 17.697
vertex -8.59429 21.3479 19.2838
endloop
endfacet

facet normal -0.0620701 0.991577 0.113676
outer loop
vertex -2.11909 22.5142 13.7976
vertex -0.425593 23.1064 9.55634
vertex -4.60549 22.7384 10.4844
endloop
endfacet

facet normal -0.242768 0.820537 0.517477
outer loop
vertex -19.8277 13.2316 22.0903
vertex -24.9849 12.1493 21.387
vertex -18.2772 10.8361 26.616
endloop
endfacet

facet normal -0.897573 -0.294885 0.327728
outer loop
vertex -21.2796 -5.84612 11.8965
vertex -19.803 -7.58672 14.3744
vertex -21.0921 -5.73302 12.5117
endloop
endfacet

facet normal 0.213267 -0.958243 0.190492
outer loop
vertex 34.1032 -5.14182 -2.10386
vertex 32.8685 -5.61362 -3.09486
vertex 33.145 -5.75572 -4.11896
endloop
endfacet

facet normal 0.178381 0.412417 -0.89336
outer loop
vertex 13.2202 17.9097 -9.21676
vertex 17.8884 17.7902 -8.33976
vertex 14.2527 16.959 -9.44946
endloop
endfacet

facet normal -0.134327 0.0196115 -0.990743
outer loop
vertex -2.21809 2.41358 -30.4568
vertex 1.08301 3.01928 -30.8923
vertex -3.06509 -4.39492 -30.4767
endloop
endfacet

facet normal 0.298301 -0.943916 0.141558
outer loop
vertex -29.8354 -2.81152 7.00304
vertex -31.2515 -3.42122 5.92204
vertex -31.2591 -4.02502 1.91154
endloop
endfacet

facet normal 0.515452 0.754397 0.406442
outer loop
vertex 11.1201 21.7671 -10.1202
vertex 9.31641 22.4714 -9.13986
vertex 12.4099 20.5259 -9.45196
endloop
endfacet

facet normal -0.482249 -0.847256 0.222694
outer loop
vertex -16.9602 -6.58352 21.7765
vertex -21.0014 -4.48532 21.0083
vertex -17.1639 -6.98742 19.7988
endloop
endfacet

facet normal 0.665397 0.0208499 0.746198
outer loop
vertex 18.8684 11.0186 -11.0405
vertex 17.6511 13.3925 -10.0213
vertex 18.1907 11.951 -10.4622
endloop
endfacet

facet normal -0.916549 -0.395705 -0.0579307
outer loop
vertex -22.3886 -14.4788 -12.1698
vertex -24.4395 -10.4607 -7.16756
vertex -23.3501 -12.2339 -12.2926
endloop
endfacet

facet normal 0.744493 -0.617822 -0.253034
outer loop
vertex -5.31739 -22.0181 23.0884
vertex -6.64569 -23.3265 22.3749
vertex -5.70839 -21.8809 21.6028
endloop
endfacet

facet normal 0.554954 0.815953 -0.16201
outer loop
vertex 9.03371 -14.8598 14.5116
vertex 8.29651 -13.9161 16.7393
vertex 9.29451 -14.6462 16.4807
endloop
endfacet

facet normal -0.0251199 0.268762 0.962879
outer loop
vertex -38.0636 -3.49272 -14.9824
vertex -39.7872 -3.47852 -15.0313
vertex -38.3777 -5.15162 -14.5276
endloop
endfacet

facet normal 0.676561 0.736173 -0.0177709
outer loop
vertex 16.5781 12.4141 -47.0867
vertex 18.7249 10.4514 -46.6629
vertex 17.3066 11.7253 -47.8855
endloop
endfacet

facet normal -0.182416 0.513288 -0.838606
outer loop
vertex -17.2808 20.8218 -8.79816
vertex -15.5916 22.7403 -7.99136
vertex -14.1263 22.1329 -8.68186
endloop
endfacet

facet normal -0.419277 -0.206913 0.883965
outer loop
vertex 25.676 -1.95742 10.969
vertex 26.1627 -1.94832 11.202
vertex 27.7442 0.480781 12.5207
endloop
endfacet

facet normal 0.118162 -0.978585 0.168549
outer loop
vertex 14.8037 0.788481 37.5682
vertex 14.6145 0.564781 36.4023
vertex 16.4375 0.820881 36.611
endloop
endfacet

facet normal 0.91412 -0.236342 0.329434
outer loop
vertex 17.8485 0.594381 33.9272
vertex 17.7159 1.09138 34.6516
vertex 17.0634 -0.476219 35.3375
endloop
endfacet

facet normal 0.0163158 -0.0237687 0.999584
outer loop
vertex -9.68969 -23.3613 3.76974
vertex -10.0279 -23.7788 3.76534
vertex -7.27459 -24.0887 3.71294
endloop
endfacet

facet normal 0.803954 0.461805 0.374692
outer loop
vertex 23.4178 8.28218 21.3459
vertex 19.7743 11.5638 25.1192
vertex 21.3906 9.01458 24.793
endloop
endfacet

facet normal 0.357887 0.757625 -0.545821
outer loop
vertex 34.142 5.44438 -18.4225
vertex 36.381 6.44838 -15.5608
vertex 36.3453 4.52068 -18.26
endloop
endfacet

facet normal 0.972246 -0.203172 -0.116014
outer loop
vertex 19.903 -1.16002 2.47014
vertex 18.6223 -5.64682 -0.405665
vertex 20.2986 1.41318 1.27844
endloop
endfacet

facet normal 0.274586 -0.277078 -0.920777
outer loop
vertex -32.6214 2.10508 -5.72106
vertex -31.523 2.22688 -5.43026
vertex -33.2981 -2.57332 -4.51506
endloop
endfacet

facet normal -0.418084 -0.704773 -0.57315
outer loop
vertex -41.3181 -5.64752 -16.5239
vertex -43.9171 -4.77712 -15.6984
vertex -43.2905 -4.12972 -16.9516
endloop
endfacet

facet normal 0.85944 -0.406484 -0.310055
outer loop
vertex 14.0204 -12.2369 10.1062
vertex 14.1546 -10.0779 7.64804
vertex 16.2243 -8.05912 10.7382
endloop
endfacet

facet normal -0.98277 -0.140799 -0.119741
outer loop
vertex -29.6686 -4.97652 -48.6591
vertex -29.1278 -9.52062 -47.7543
vertex -29.5265 -7.12462 -47.2999
endloop
endfacet

facet normal 0.668577 0.548311 0.502354
outer loop
vertex 15.3034 18.5019 -11.0938
vertex 12.4099 20.5259 -9.45196
vertex 14.7491 18.2177 -10.0458
endloop
endfacet

facet normal 0.134391 -0.659804 -0.739323
outer loop
vertex -20.7866 -8.29662 -38.8704
vertex -20.7631 -6.73692 -40.258
vertex -15.4601 -5.90622 -40.0354
endloop
endfacet

facet normal -0.553774 -0.70812 0.438065
outer loop
vertex -40.8254 -6.51162 -4.48026
vertex -43.4525 -3.66632 -3.20186
vertex -43.3516 -7.71452 -9.61816
endloop
endfacet

facet normal 0.848483 0.425097 0.315229
outer loop
vertex 11.5235 -3.78772 15.9669
vertex 11.4253 -7.00772 20.5737
vertex 12.2175 -7.77942 19.4819
endloop
endfacet

facet normal -0.681378 0.729925 0.054166
outer loop
vertex -10.3184 18.747 24.3552
vertex -9.86169 19.4222 21.0012
vertex -10.8089 18.4019 22.8363
endloop
endfacet

facet normal -0.517048 0.816786 0.255974
outer loop
vertex -18.4821 21.0291 10.864
vertex -19.5994 19.7942 12.5474
vertex -16.3979 21.4906 13.6014
endloop
endfacet

facet normal -0.724495 0.63148 0.276297
outer loop
vertex 31.4403 -3.25532 -16.4933
vertex 31.5075 -3.91902 -14.8002
vertex 32.8086 -2.17502 -15.3746
endloop
endfacet

facet normal 0.15002 -0.987022 0.0572833
outer loop
vertex 35.6016 -5.17092 -13.1538
vertex 35.0839 -5.37022 -15.2321
vertex 37.8109 -4.87732 -13.882
endloop
endfacet

facet normal 0.416345 0.888627 -0.192354
outer loop
vertex 32.8204 -4.90592 -12.8262
vertex 31.9928 -4.12902 -11.0286
vertex 33.5111 -4.95812 -11.5722
endloop
endfacet

facet normal -0.447017 -0.820102 -0.357224
outer loop
vertex 9.56331 -10.0167 -27.0339
vertex 3.56811 -6.01582 -28.7168
vertex 8.57391 -8.39012 -29.5301
endloop
endfacet

facet normal 0.830448 -0.0295973 -0.55631
outer loop
vertex -38.4086 -3.44482 11.3138
vertex -38.5066 -0.870419 11.0306
vertex -37.1659 -2.63812 13.126
endloop
endfacet

facet normal 0.670316 -0.12662 -0.731194
outer loop
vertex -40.8681 -4.58802 -12.6471
vertex -38.4682 0.0624806 -11.2523
vertex -39.5156 -4.64372 -11.3975
endloop
endfacet

facet normal 0.555442 -0.506732 0.659323
outer loop
vertex 2.24511 -15.2677 33.4757
vertex 4.06611 -15.4172 31.8267
vertex 2.57921 -14.3031 33.9356
endloop
endfacet

facet normal 0.319323 -0.905196 0.280451
outer loop
vertex 18.2222 0.654381 35.9715
vertex 18.7497 0.974281 36.4037
vertex 17.354 0.801781 37.436
endloop
endfacet

facet normal -0.0522738 0.358564 -0.93204
outer loop
vertex 1.08301 3.01928 -30.8923
vertex -2.58729 5.24118 -29.8317
vertex -1.30689 6.63038 -29.3691
endloop
endfacet

facet normal 0.455359 0.721021 -0.52228
outer loop
vertex 33.3564 -8.47232 -9.05336
vertex 31.8439 -7.77422 -9.40836
vertex 32.6749 -6.15172 -6.44386
endloop
endfacet

facet normal 0.202555 -0.846679 0.492043
outer loop
vertex -6.42539 -23.4249 26.2508
vertex -4.25229 -22.9806 26.1206
vertex -5.61239 -22.6738 27.2085
endloop
endfacet

facet normal 0.421977 0.369406 0.827934
outer loop
vertex 1.66681 -24.3055 22.3092
vertex 0.816807 -25.6877 23.3591
vertex 1.82381 -24.7238 22.4158
endloop
endfacet

facet normal -0.408433 0.592518 -0.694338
outer loop
vertex -22.6197 18.2507 -7.85176
vertex -21.4661 20.8866 -6.28096
vertex -17.2808 20.8218 -8.79816
endloop
endfacet

facet normal -0.024414 0.310812 0.950158
outer loop
vertex -38.0636 -3.49272 -14.9824
vertex -39.0093 -2.43072 -15.3541
vertex -39.7872 -3.47852 -15.0313
endloop
endfacet

facet normal -0.986444 -0.160813 -0.0326753
outer loop
vertex -44.3122 3.47388 -15.0891
vertex -44.5866 4.98818 -14.2563
vertex -44.4542 4.34248 -15.0766
endloop
endfacet

facet normal 0.980876 0.0229032 0.193283
outer loop
vertex 15.5637 -3.70702 10.453
vertex 16.0448 -5.37742 8.20994
vertex 16.0369 -3.15832 7.98694
endloop
endfacet

facet normal 0.255246 0.65859 0.707891
outer loop
vertex -22.5329 -13.1526 -13.4921
vertex -21.6659 -12.2355 -14.6579
vertex -21.7218 -11.6466 -15.1857
endloop
endfacet

facet normal 0.656028 0.0867721 0.749732
outer loop
vertex 18.6766 2.07668 36.3401
vertex 17.4602 2.05778 37.4067
vertex 18.7497 0.974281 36.4037
endloop
endfacet

facet normal -0.704526 0.44494 0.552876
outer loop
vertex -21.7083 4.20928 30.0795
vertex -20.5139 6.85798 29.4698
vertex -22.4932 7.42998 26.4873
endloop
endfacet

facet normal -0.779237 -0.346037 -0.52254
outer loop
vertex 3.14171 -1.10352 -31.9497
vertex 4.75431 0.347881 -35.3157
vertex 6.38681 -3.40522 -35.2647
endloop
endfacet

facet normal -0.392043 0.903775 -0.171735
outer loop
vertex -16.6852 22.0188 17.5341
vertex -14.1761 23.0561 17.265
vertex -15.5901 22.2228 16.1077
endloop
endfacet

facet normal 0.82172 -0.327656 -0.466282
outer loop
vertex 33.5111 -4.95812 -11.5722
vertex 33.1465 -7.20672 -10.6347
vertex 32.8204 -4.90592 -12.8262
endloop
endfacet

facet normal -0.839464 -0.422063 -0.342291
outer loop
vertex -17.6899 -11.2733 7.06264
vertex -19.6738 -10.3969 10.8474
vertex -20.5352 -7.88952 9.86824
endloop
endfacet

facet normal 0.89826 -0.432911 0.0756129
outer loop
vertex 14.0204 -12.2369 10.1062
vertex 12.9469 -14.184 11.7096
vertex 12.9876 -14.2824 10.6632
endloop
endfacet

facet normal -0.183052 0.677057 -0.712801
outer loop
vertex 12.3464 -14.1767 -17.8477
vertex 15.9879 -11.1572 -15.9147
vertex 16.4601 -11.4833 -16.3457
endloop
endfacet

facet normal -0.270787 -0.319483 -0.908078
outer loop
vertex 1.71111 -23.7402 22.7975
vertex -1.84459 -21.9791 23.2382
vertex 1.25161 -22.2136 22.3974
endloop
endfacet

facet normal -0.0151734 0.635655 -0.771824
outer loop
vertex -12.7646 22.6074 -8.46366
vertex -8.87339 25.4593 -6.19146
vertex -8.15659 24.3349 -7.13156
endloop
endfacet

facet normal 0.379787 0.0936688 0.920319
outer loop
vertex 23.4734 -10.5333 -46.9763
vertex 23.6339 -9.60042 -47.1375
vertex 21.7069 -9.99892 -46.3017
endloop
endfacet

facet normal 0.662204 0.459713 0.591735
outer loop
vertex 3.26801 15.5015 28.875
vertex 2.56661 16.1797 29.1332
vertex 3.72711 13.9439 29.5714
endloop
endfacet

facet normal -0.285871 0.856279 -0.43019
outer loop
vertex -30.0181 13.244 7.75434
vertex -27.9108 14.0509 7.96024
vertex -27.2056 12.9459 5.29204
endloop
endfacet

facet normal 0.166411 -0.968174 0.186939
outer loop
vertex -38.3777 -5.15162 -14.5276
vertex -40.1467 -5.56602 -15.0993
vertex -37.4253 -5.18412 -15.5439
endloop
endfacet

facet normal -0.246621 0.943205 -0.222581
outer loop
vertex -13.2933 -13.2758 19.8583
vertex -12.4257 -12.2529 23.2316
vertex -11.473 -13.0479 18.8069
endloop
endfacet

facet normal -0.369539 0.685931 -0.626849
outer loop
vertex -0.442093 16.6565 -23.1025
vertex 3.03541 20.3721 -21.0867
vertex 2.81221 16.2813 -25.4315
endloop
endfacet

facet normal 0.919851 0.241178 0.309365
outer loop
vertex 23.0152 3.73098 -35.8016
vertex 23.2535 3.79388 -36.5592
vertex 20.6288 10.9331 -34.3206
endloop
endfacet

facet normal 0.592692 0.0960455 0.799682
outer loop
vertex 32.7452 1.18168 8.32144
vertex 33.0302 1.98588 8.01364
vertex 31.7106 0.995681 9.11054
endloop
endfacet

facet normal -0.417566 0.39461 0.818487
outer loop
vertex 1.20951 -22.9541 6.52764
vertex -2.52409 -24.4949 5.36574
vertex 2.83691 -22.7105 7.24044
endloop
endfacet

facet normal 0.952945 -0.287497 -0.0961342
outer loop
vertex 5.75571 -14.4585 29.0219
vertex 5.90521 -13.498 27.6308
vertex 6.03381 -13.7307 29.6025
endloop
endfacet

facet normal -0.912781 -0.391615 0.116055
outer loop
vertex -26.5466 -3.53072 -34.557
vertex -26.1826 -3.36002 -31.1186
vertex -28.3773 1.32478 -32.5714
endloop
endfacet

facet normal -0.313471 -0.899507 0.304342
outer loop
vertex -20.1945 -8.19872 -33.3622
vertex -21.4672 -8.83422 -36.5513
vertex -20.1147 -9.07782 -35.8784
endloop
endfacet

facet normal -0.814569 0.0756873 0.575108
outer loop
vertex -40.8305 5.61208 8.40344
vertex -43.7014 2.54308 4.74104
vertex -41.2437 2.36878 8.24494
endloop
endfacet

facet normal 0.289488 0.705746 0.646622
outer loop
vertex 8.96581 21.153 17.4154
vertex 6.09811 20.1377 19.8073
vertex 9.00821 20.3915 18.2276
endloop
endfacet

facet normal -0.880054 -0.0843951 -0.467315
outer loop
vertex -42.8336 10.8401 7.16314
vertex -42.548 2.21478 8.18294
vertex -43.9475 9.95268 9.42104
endloop
endfacet

facet normal 0.798422 0.397921 -0.451865
outer loop
vertex 6.91641 -14.0669 22.2206
vertex 7.37271 -12.9661 23.996
vertex 7.80751 -13.5409 24.2582
endloop
endfacet

facet normal -0.465804 -0.535566 -0.704412
outer loop
vertex 34.1032 -5.14182 -2.10386
vertex 34.9555 -5.67142 -2.26476
vertex 33.8182 -5.49462 -1.64716
endloop
endfacet

facet normal 0.127194 0.989804 -0.0641043
outer loop
vertex 15.002 12.5432 -48.2217
vertex 13.2271 12.8589 -46.8677
vertex 16.5781 12.4141 -47.0867
endloop
endfacet

facet normal 0.802204 -0.361215 0.475386
outer loop
vertex 24.8902 1.84528 -38.3923
vertex 22.1347 -3.51842 -37.818
vertex 23.3818 -1.90342 -38.6953
endloop
endfacet

facet normal 0.273039 -0.869603 -0.411388
outer loop
vertex 1.64811 -27.2886 -16.7315
vertex 8.36621 -24.925 -17.269
vertex 7.23821 -26.9229 -13.7945
endloop
endfacet

facet normal 0.161782 -0.523429 -0.836569
outer loop
vertex -9.45979 17.736 25.826
vertex -11.4853 19.4941 24.3344
vertex -8.79639 19.1035 25.0987
endloop
endfacet

facet normal -0.801064 -0.568454 0.1875
outer loop
vertex -20.5301 -10.8572 -17.0457
vertex -21.7243 -8.89812 -16.2082
vertex -23.7594 -6.38242 -17.2757
endloop
endfacet

facet normal -0.819252 0.572261 0.0366602
outer loop
vertex 34.8914 5.67398 -14.979
vertex 36.089 7.20028 -12.0412
vertex 35.01 5.96628 -16.8894
endloop
endfacet

facet normal -0.743519 -0.648307 0.163941
outer loop
vertex -24.126 -1.96952 21.0451
vertex -21.1748 -3.83462 27.0538
vertex -23.5216 -1.46252 25.7907
endloop
endfacet

facet normal 0.97836 0.163102 -0.127318
outer loop
vertex 37.1814 2.76928 -18.1536
vertex 37.5238 1.82428 -16.7327
vertex 37.2828 1.93858 -18.4386
endloop
endfacet

facet normal 0.451521 -0.626652 -0.635166
outer loop
vertex 1.49321 -20.1643 14.2851
vertex 1.26861 -22.7359 16.6626
vertex -2.11549 -25.6632 17.145
endloop
endfacet

facet normal -0.888998 0.0904275 0.448893
outer loop
vertex -23.1497 1.57228 28.3121
vertex -24.6325 4.76748 24.7318
vertex -25.7637 2.58138 22.9321
endloop
endfacet

facet normal 0.568674 -0.727119 0.384588
outer loop
vertex 25.676 -1.95742 10.969
vertex 27.7442 0.480781 12.5207
vertex 23.8855 -1.68552 14.1306
endloop
endfacet

facet normal 0.0186366 -0.462493 -0.886427
outer loop
vertex -2.73639 -25.5768 -18.8179
vertex -10.9377 -22.0257 -20.8431
vertex 7.61041 -21.3638 -20.7985
endloop
endfacet

facet normal -0.115219 -0.0107715 -0.993282
outer loop
vertex 29.2714 2.09608 -6.86516
vertex 30.1052 3.15698 -6.97336
vertex 29.6493 -1.33522 -6.87176
endloop
endfacet

facet normal 0.357549 -0.910524 0.207618
outer loop
vertex -23.0147 -12.7135 -47.9398
vertex -23.1706 -12.5592 -46.9942
vertex -24.9817 -13.3634 -47.4024
endloop
endfacet

facet normal -0.642878 0.350126 -0.681263
outer loop
vertex -29.6338 9.26038 2.79194
vertex -28.9993 10.759 2.96334
vertex -28.1469 8.36118 0.926635
endloop
endfacet

facet normal -0.970436 -0.15548 0.184607
outer loop
vertex -4.13999 -24.0266 25.8298
vertex -4.25229 -22.9806 26.1206
vertex -4.32589 -23.1214 25.6148
endloop
endfacet

facet normal -0.175693 0.883756 0.433713
outer loop
vertex 4.86901 17.8081 23.7083
vertex 2.41181 16.214 25.961
vertex 6.45701 17.6298 24.7148
endloop
endfacet

facet normal -0.32816 0.182363 0.926852
outer loop
vertex -16.9728 4.68218 34.2928
vertex -16.8823 1.04578 35.0403
vertex -13.7162 1.00038 36.1702
endloop
endfacet

facet normal 0.674738 0.184446 0.714639
outer loop
vertex 13.0558 12.6731 25.0566
vertex 12.8492 13.9432 24.9238
vertex 10.539 12.9667 27.357
endloop
endfacet

facet normal -0.731497 0.55564 -0.395192
outer loop
vertex -24.7139 16.4177 -6.55256
vertex -21.4661 20.8866 -6.28096
vertex -22.6197 18.2507 -7.85176
endloop
endfacet

facet normal 0.501828 -0.130579 0.855054
outer loop
vertex 21.8471 -5.39932 -44.678
vertex 23.9619 -7.79122 -46.2844
vertex 22.8635 -4.42742 -45.1261
endloop
endfacet

facet normal 0.563811 -0.0132103 0.825798
outer loop
vertex -36.3869 0.968781 -16.1538
vertex -37.5415 1.63688 -15.3548
vertex -37.6989 0.262381 -15.2693
endloop
endfacet

facet normal 0.357758 0.843368 -0.400923
outer loop
vertex 16.5781 12.4141 -47.0867
vertex 17.3066 11.7253 -47.8855
vertex 15.002 12.5432 -48.2217
endloop
endfacet

facet normal 0.201584 0.756799 0.621788
outer loop
vertex 2.41181 16.214 25.961
vertex 0.819307 16.7041 25.8809
vertex 1.73241 14.8716 27.8152
endloop
endfacet

facet normal -0.0215857 0.941136 -0.337339
outer loop
vertex 21.2079 11.4144 5.11454
vertex 16.4232 13.1051 10.1377
vertex 21.8368 12.5856 8.34194
endloop
endfacet

facet normal 0.429303 0.895755 -0.11542
outer loop
vertex -17.8576 13.9081 -46.4837
vertex -15.9035 13.1902 -44.7872
vertex -14.3302 12.2348 -46.3502
endloop
endfacet

facet normal -0.945122 -0.211143 0.249326
outer loop
vertex -6.58249 -14.7925 34.4774
vertex -6.75139 -13.7246 34.7417
vertex -6.84379 -14.3981 33.821
endloop
endfacet

facet normal -0.0980936 -0.55138 0.828467
outer loop
vertex -14.1362 -3.23472 34.5674
vertex -6.06719 -4.23752 34.8554
vertex -10.4476 -1.67762 36.0405
endloop
endfacet

facet normal -0.56306 -0.132749 -0.815685
outer loop
vertex 18.6154 7.85558 3.08794
vertex 19.457 6.65138 2.70294
vertex 18.3541 6.66528 3.46204
endloop
endfacet

facet normal 0.271725 -0.681067 0.679936
outer loop
vertex -11.2647 -22.9753 2.80464
vertex -12.711 -20.4724 5.88964
vertex -12.8823 -21.345 5.08404
endloop
endfacet

facet normal -0.581676 0.621201 0.525131
outer loop
vertex 2.56661 16.1797 29.1332
vertex 3.32551 17.9674 27.8591
vertex 2.29851 17.6584 27.0869
endloop
endfacet

facet normal 0.839997 -0.334791 -0.426991
outer loop
vertex -38.4086 -3.44482 11.3138
vertex -37.1659 -2.63812 13.126
vertex -37.4679 -3.73472 13.3918
endloop
endfacet

facet normal 0.946596 0.223048 -0.23282
outer loop
vertex 23.9782 3.35298 -32.2485
vertex 23.0152 3.73098 -35.8016
vertex 23.4387 6.21858 -31.6965
endloop
endfacet

facet normal -0.921072 0.0500982 -0.386156
outer loop
vertex -19.4262 18.3472 19.3142
vertex -18.3872 20.4447 17.108
vertex -19.1175 18.0926 18.5447
endloop
endfacet

facet normal 0.041164 0.525567 -0.849756
outer loop
vertex -39.5156 -4.64372 -11.3975
vertex -37.7608 -4.30542 -11.1033
vertex -38.9559 -5.20142 -11.7153
endloop
endfacet

facet normal 0.142379 -0.989714 -0.0139217
outer loop
vertex -19.579 -14.4984 -47.6648
vertex -21.1171 -14.7356 -46.5265
vertex -20.7789 -14.6628 -48.2428
endloop
endfacet

facet normal 0.693497 0.588512 0.41559
outer loop
vertex -18.6791 19.5072 19.6996
vertex -18.5002 17.7615 21.8732
vertex -17.0407 16.8251 20.7637
endloop
endfacet

facet normal 0.500878 -0.840678 0.205868
outer loop
vertex -31.0377 -4.40622 -0.183365
vertex -31.2591 -4.02502 1.91154
vertex -33.7066 -5.06562 3.61704
endloop
endfacet

facet normal -0.650613 0.700044 -0.294348
outer loop
vertex 25.8709 12.1475 6.98144
vertex 26.3602 10.7856 2.66084
vertex 24.9666 10.6866 5.50584
endloop
endfacet

facet normal -0.731339 0.622338 -0.278996
outer loop
vertex 25.8709 12.1475 6.98144
vertex 26.7421 14.083 9.01494
vertex 26.3602 10.7856 2.66084
endloop
endfacet

facet normal 0.491932 -0.863456 -0.111567
outer loop
vertex 6.60211 -27.868 -9.28446
vertex 7.23821 -26.9229 -13.7945
vertex 13.5118 -23.6765 -11.2571
endloop
endfacet

facet normal 0.469048 -0.719697 0.511889
outer loop
vertex -1.59679 -25.38 24.1926
vertex 0.597707 -24.4798 23.4474
vertex 0.446507 -23.1351 25.4766
endloop
endfacet

facet normal 0.0255329 -0.721227 -0.692228
outer loop
vertex 33.6109 -5.57832 -16.7244
vertex 31.4851 -5.94402 -16.4218
vertex 32.5386 -4.96802 -17.3999
endloop
endfacet

facet normal 0.378079 0.786576 -0.488216
outer loop
vertex -27.2056 12.9459 5.29204
vertex -23.8415 12.0181 6.40244
vertex -25.2168 11.6293 4.71114
endloop
endfacet

facet normal -0.635094 -0.229789 -0.737464
outer loop
vertex 15.9265 -7.65962 29.2229
vertex 15.0343 -7.04312 29.7991
vertex 16.1225 -5.35872 28.3372
endloop
endfacet

facet normal -0.00358952 -0.744026 -0.668141
outer loop
vertex 0.398007 -14.8382 -24.5329
vertex -4.20629 -15.3776 -23.9075
vertex -2.91279 -11.9639 -27.7159
endloop
endfacet

facet normal 0.758533 -0.45381 -0.467637
outer loop
vertex -8.60309 19.3456 21.2127
vertex -8.59429 21.3479 19.2838
vertex -8.25069 19.9297 21.2174
endloop
endfacet

facet normal -0.469727 -0.85519 -0.219105
outer loop
vertex 7.44311 -3.56582 -41.4271
vertex 6.87251 -2.89382 -42.8268
vertex 10.7898 -5.73782 -40.1244
endloop
endfacet

facet normal -0.440917 0.803095 0.400788
outer loop
vertex -18.2772 10.8361 26.616
vertex -15.7783 11.2995 28.4368
vertex -17.727 11.9648 24.9597
endloop
endfacet

facet normal 0.217217 0.973378 0.0731513
outer loop
vertex -12.107 18.5664 24.5012
vertex -11.0102 18.299 24.8033
vertex -10.8089 18.4019 22.8363
endloop
endfacet

facet normal 0.0526026 -0.134568 -0.989507
outer loop
vertex -41.2673 -4.59562 -17.4894
vertex -39.5927 -3.40432 -17.5624
vertex -39.3495 -4.74852 -17.3667
endloop
endfacet

facet normal 0.963336 -0.2568 0.0776972
outer loop
vertex 37.8585 -1.50292 -0.321865
vertex 37.474 -3.05862 -0.695565
vertex 38.2821 0.0729806 -0.364665
endloop
endfacet

facet normal -0.507312 -0.711066 -0.486847
outer loop
vertex -46.5088 0.808781 -10.0192
vertex -47.7855 1.72998 -10.0343
vertex -46.6655 1.31958 -10.6019
endloop
endfacet

facet normal -0.455095 -0.862422 -0.221622
outer loop
vertex -23.6243 -5.61292 11.3594
vertex -24.733 -5.43772 12.9541
vertex -26.8031 -3.39212 9.24484
endloop
endfacet

facet normal -0.965175 -0.232405 -0.120105
outer loop
vertex -21.2796 -5.84612 11.8965
vertex -21.4225 -4.13012 9.72454
vertex -20.5352 -7.88952 9.86824
endloop
endfacet

facet normal -0.411217 -0.418097 0.809997
outer loop
vertex -22.7106 -8.38182 -44.3558
vertex -23.9965 -7.14532 -44.3703
vertex -22.9943 -10.0835 -45.3781
endloop
endfacet

facet normal 0.890134 -0.227746 -0.394706
outer loop
vertex 16.5262 -7.12702 30.268
vertex 15.9265 -7.65962 29.2229
vertex 16.1225 -5.35872 28.3372
endloop
endfacet

facet normal -0.190858 -0.921917 0.337108
outer loop
vertex -11.7629 -16.0675 14.9193
vertex -5.74659 -17.8167 13.5417
vertex -8.67029 -16.552 15.345
endloop
endfacet

facet normal -0.387194 0.916631 0.099337
outer loop
vertex 13.9506 13.6682 23.8912
vertex 16.3084 14.8272 22.3869
vertex 15.0422 14.4365 21.0566
endloop
endfacet

facet normal -0.129813 0.481707 0.866664
outer loop
vertex -6.23859 7.70248 34.277
vertex -10.4955 10.0825 32.3166
vertex -6.05319 4.49388 36.0882
endloop
endfacet

facet normal 0.346143 -0.87745 -0.332063
outer loop
vertex -35.7962 -4.16682 -5.83386
vertex -35.7821 -5.40372 -2.55086
vertex -37.4926 -5.52912 -4.00256
endloop
endfacet

facet normal 0.28288 -0.104905 -0.953401
outer loop
vertex -17.9352 8.17328 -48.954
vertex -16.7497 0.0947806 -47.7133
vertex -20.3672 3.14898 -49.1227
endloop
endfacet

facet normal -0.557858 -0.740043 -0.375673
outer loop
vertex -14.4166 -15.8341 9.89144
vertex -17.3661 -13.8707 10.4036
vertex -13.2692 -15.8446 8.20824
endloop
endfacet

facet normal -0.80322 -0.539832 0.251831
outer loop
vertex 35.6016 -5.17092 -13.1538
vertex 34.7412 -4.69102 -14.8694
vertex 35.0839 -5.37022 -15.2321
endloop
endfacet

facet normal 0.691566 0.714046 0.108971
outer loop
vertex 17.2802 13.0155 -46.2413
vertex 16.3932 13.0303 -40.7085
vertex 20.8571 8.69138 -40.6071
endloop
endfacet

facet normal -0.958198 -0.141998 -0.248381
outer loop
vertex -28.6652 -0.0722194 -42.1162
vertex -29.6081 2.47968 -39.9377
vertex -28.7805 1.09168 -42.337
endloop
endfacet

facet normal -0.516238 0.0450241 0.855261
outer loop
vertex 36.0885 10.8449 3.40074
vertex 35.1314 5.05348 3.12794
vertex 36.2502 7.07158 3.69694
endloop
endfacet

facet normal 0.543395 0.756863 -0.363153
outer loop
vertex -41.7272 5.82628 -19.7254
vertex -42.1665 6.72538 -18.5088
vertex -40.4215 4.89978 -19.7025
endloop
endfacet

facet normal -0.943207 0.115623 0.311436
outer loop
vertex -29.4378 6.05318 -8.33966
vertex -28.8718 2.82288 -5.42606
vertex -28.5883 4.32828 -5.12636
endloop
endfacet

facet normal -0.522475 0.413025 -0.745942
outer loop
vertex -43.3682 -1.74572 -18.1975
vertex -42.255 0.207181 -17.8959
vertex -42.0793 -0.649719 -18.4934
endloop
endfacet

facet normal 0.312671 0.838156 -0.446913
outer loop
vertex -8.65359 19.525 25.9892
vertex -8.79639 19.1035 25.0987
vertex -11.342 19.9893 24.9791
endloop
endfacet

facet normal 0.438453 -0.820201 0.367464
outer loop
vertex 10.6614 -17.1193 10.448
vertex 7.15731 -15.8906 17.3715
vertex 7.52021 -19.4669 8.95614
endloop
endfacet

facet normal 0.425694 0.594983 -0.681748
outer loop
vertex -10.6294 22.9189 17.697
vertex -10.3777 22.2614 17.2803
vertex -12.8977 22.9081 16.2712
endloop
endfacet

facet normal 0.114352 -0.0189369 0.99326
outer loop
vertex -15.0505 21.7211 17.3402
vertex -14.1761 23.0561 17.265
vertex -16.6852 22.0188 17.5341
endloop
endfacet

facet normal -0.876694 -0.27123 0.397294
outer loop
vertex -9.71039 -16.0822 28.96
vertex -9.03489 -15.7248 30.6948
vertex -10.1599 -14.5009 29.0477
endloop
endfacet

facet normal 0.177075 0.954664 -0.239293
outer loop
vertex 7.43731 26.134 -2.62336
vertex 9.54061 24.9958 -5.60776
vertex 4.91461 26.1291 -4.50976
endloop
endfacet

facet normal 0.862814 -0.160398 0.479401
outer loop
vertex 36.2502 7.07158 3.69694
vertex 37.6419 5.57658 0.691935
vertex 36.8468 10.6678 3.82634
endloop
endfacet

facet normal -0.0808847 0.699316 0.710222
outer loop
vertex -22.3886 -14.4788 -12.1698
vertex -22.5329 -13.1526 -13.4921
vertex -23.6989 -14.7935 -12.0092
endloop
endfacet

facet normal 0.488075 -0.37008 0.790458
outer loop
vertex 4.99511 -16.6023 28.4879
vertex 5.52521 -17.3863 27.7935
vertex 5.75571 -14.4585 29.0219
endloop
endfacet

facet normal -0.505505 -0.675647 0.536625
outer loop
vertex 9.06041 -6.03712 31.0607
vertex 9.65381 -6.13472 31.4967
vertex 9.57021 -5.32032 32.4434
endloop
endfacet

facet normal -0.0915009 0.0516164 0.994466
outer loop
vertex 38.2821 0.0729806 -0.364665
vertex 37.091 -1.74872 -0.379665
vertex 37.8585 -1.50292 -0.321865
endloop
endfacet

facet normal 0.271558 -0.890759 0.364424
outer loop
vertex 5.96851 -12.5218 26.9992
vertex 6.56591 -12.784 25.913
vertex 6.03951 -12.0559 28.0849
endloop
endfacet

facet normal 0.473873 0.513877 -0.715105
outer loop
vertex -3.37859 16.2685 -25.3272
vertex -0.442093 16.6565 -23.1025
vertex -0.718093 14.8061 -24.6151
endloop
endfacet

facet normal -0.486776 0.120017 -0.865243
outer loop
vertex 4.48751 19.3791 25.5642
vertex 6.58651 19.3858 24.3842
vertex 2.59581 17.5104 26.3692
endloop
endfacet

facet normal -0.981193 0.124056 0.147889
outer loop
vertex -10.1744 -14.4858 30.0804
vertex -9.87799 -11.593 29.6201
vertex -10.3808 -12.3553 26.9235
endloop
endfacet

facet normal -0.937045 -0.324731 -0.128435
outer loop
vertex -3.96089 -24.0416 25.2787
vertex -4.32589 -23.1214 25.6148
vertex -3.54849 -24.9792 24.6404
endloop
endfacet

facet normal 0.527994 -0.435433 0.729123
outer loop
vertex -10.0279 -23.7788 3.76534
vertex -9.68969 -23.3613 3.76974
vertex -11.9072 -20.1652 7.28424
endloop
endfacet

facet normal -0.787861 0.594351 -0.161315
outer loop
vertex 34.1007 4.48358 7.35594
vertex 33.3275 3.84248 8.77024
vertex 33.4106 4.18308 9.61944
endloop
endfacet

facet normal -0.102692 -0.504022 0.857564
outer loop
vertex -5.76569 -22.8939 21.0005
vertex -2.41629 -23.0289 21.3223
vertex -5.70839 -21.8809 21.6028
endloop
endfacet

facet normal -0.824083 -0.554985 0.113488
outer loop
vertex 30.6259 -7.28032 -12.6835
vertex 30.2946 -6.19802 -9.79686
vertex 29.8596 -6.12612 -12.6038
endloop
endfacet

facet normal 0.422256 0.905274 -0.0466714
outer loop
vertex -19.9136 13.0925 18.6146
vertex -19.8277 13.2316 22.0903
vertex -19.2132 12.9168 21.5438
endloop
endfacet

facet normal 0.613743 0.788123 -0.046714
outer loop
vertex -20.6702 13.6323 17.7823
vertex -19.8277 13.2316 22.0903
vertex -19.9136 13.0925 18.6146
endloop
endfacet

facet normal 0.67172 -0.566413 0.47746
outer loop
vertex 33.7389 -5.22082 3.76444
vertex 38.7524 -2.12632 0.382135
vertex 35.5436 -1.55652 5.57254
endloop
endfacet

facet normal 0.26277 -0.773371 0.57693
outer loop
vertex -12.7368 -19.579 8.44794
vertex -11.9072 -20.1652 7.28424
vertex -12.392 -18.6189 9.57784
endloop
endfacet

facet normal 0.93072 -0.144814 -0.335841
outer loop
vertex -33.057 -0.835719 -5.66006
vertex -32.9167 2.00708 -6.49696
vertex -32.6214 2.10508 -5.72106
endloop
endfacet

facet normal -0.0937808 0.783184 -0.614677
outer loop
vertex -5.51039 17.5623 -24.9748
vertex -12.0995 16.1194 -25.8079
vertex -12.3706 20.2783 -20.4675
endloop
endfacet

facet normal 0.353351 -0.589064 -0.726737
outer loop
vertex -15.2295 14.3341 26.7621
vertex -16.5357 12.7225 27.4333
vertex -15.2559 15.7812 25.5762
endloop
endfacet

facet normal 0.45335 0.82591 0.335181
outer loop
vertex 3.24231 -9.18522 31.284
vertex 1.74221 -8.87332 32.5445
vertex 1.80311 -9.20992 33.2913
endloop
endfacet

facet normal 0.887016 -0.460725 0.0305638
outer loop
vertex -18.8399 -12.9978 -46.4964
vertex -19.579 -14.4984 -47.6648
vertex -18.4415 -12.3105 -47.6979
endloop
endfacet

facet normal 0.66854 -0.480166 -0.567886
outer loop
vertex -35.3914 -6.53662 2.87734
vertex -33.7066 -5.06562 3.61704
vertex -33.1525 -6.30762 5.31954
endloop
endfacet

facet normal 0.537163 0.166091 0.826964
outer loop
vertex 1.04781 3.85108 36.4862
vertex -1.44119 6.94268 37.4821
vertex -1.66909 4.36908 38.147
endloop
endfacet

facet normal 0.555407 0.814082 -0.169684
outer loop
vertex 20.7283 11.2023 -29.3515
vertex 17.011 13.4662 -30.6573
vertex 14.9442 17.4291 -18.4097
endloop
endfacet

facet normal 0.836045 -0.526774 -0.153421
outer loop
vertex 37.5238 1.82428 -16.7327
vertex 36.4644 0.571581 -18.2047
vertex 37.2828 1.93858 -18.4386
endloop
endfacet

facet normal -0.142213 0.0984122 0.984932
outer loop
vertex -15.5283 20.3586 17.2175
vertex -13.1246 20.9428 17.5062
vertex -13.2356 21.6824 17.4162
endloop
endfacet

facet normal 0.589919 -0.22381 0.775825
outer loop
vertex 22.1347 -3.51842 -37.818
vertex 23.2535 3.79388 -36.5592
vertex 20.886 -2.30512 -36.5184
endloop
endfacet

facet normal -0.538525 0.606701 0.584726
outer loop
vertex -15.7783 11.2995 28.4368
vertex -18.2772 10.8361 26.616
vertex -15.0599 10.7512 29.6672
endloop
endfacet

facet normal -0.134229 -0.255791 -0.957368
outer loop
vertex -5.52479 -20.2924 14.1721
vertex -5.74659 -17.8167 13.5417
vertex -2.54079 -18.4833 13.2703
endloop
endfacet

facet normal -0.953015 0.212909 0.21548
outer loop
vertex -15.5984 -15.9655 11.8429
vertex -16.4509 -17.0862 9.18024
vertex -15.1603 -15.6087 13.428
endloop
endfacet

facet normal -0.202312 -0.385719 0.900162
outer loop
vertex -10.4414 -17.3496 23.5668
vertex -10.008 -15.1745 24.5963
vertex -11.1882 -15.3601 24.2515
endloop
endfacet

facet normal -0.234689 -0.952386 -0.19463
outer loop
vertex 16.4451 -6.79042 -40.1499
vertex 12.5571 -5.43772 -42.0809
vertex 16.3013 -6.63442 -40.7397
endloop
endfacet

facet normal -0.124786 -0.619287 -0.775185
outer loop
vertex -37.6041 -4.49322 -14.4466
vertex -37.3705 -6.89642 -12.5644
vertex -38.7025 -6.37212 -12.7687
endloop
endfacet

facet normal -0.182378 -0.799088 -0.572885
outer loop
vertex 14.3526 -4.79812 35.0387
vertex 12.8142 -4.71042 35.4061
vertex 12.8962 -4.08352 34.5056
endloop
endfacet

facet normal -0.530554 0.763503 -0.368207
outer loop
vertex -43.3315 7.01428 -17.5108
vertex -43.1488 6.52378 -18.7913
vertex -44.7327 6.03748 -17.5173
endloop
endfacet

facet normal -0.489677 0.812491 0.316347
outer loop
vertex -4.68519 17.471 24.4365
vertex -5.94879 15.8626 26.6116
vertex -2.18439 17.6464 27.8569
endloop
endfacet

facet normal 0.943801 0.220177 0.246497
outer loop
vertex 5.49341 -11.2849 29.4872
vertex 6.03381 -13.7307 29.6025
vertex 6.03951 -12.0559 28.0849
endloop
endfacet

facet normal 0.671437 -0.715316 -0.193638
outer loop
vertex -0.750093 -27.4231 19.057
vertex 2.23001 -24.9592 20.2886
vertex -0.632693 -27.7601 20.7087
endloop
endfacet

facet normal -0.695217 0.0678803 -0.715587
outer loop
vertex 30.2379 -4.82292 -9.38946
vertex 32.6404 0.347381 -11.2332
vertex 31.9928 -4.12902 -11.0286
endloop
endfacet

facet normal -0.189998 -0.0413721 -0.980912
outer loop
vertex -43.3682 -1.74572 -18.1975
vertex -42.0793 -0.649719 -18.4934
vertex -40.1946 -2.44112 -18.7829
endloop
endfacet

facet normal 0.125183 -0.936279 0.328192
outer loop
vertex 14.5725 -5.83892 31.9599
vertex 11.4915 -6.97132 29.9045
vertex 13.2464 -6.65022 30.1512
endloop
endfacet

facet normal 0.00556979 0.0283516 0.999583
outer loop
vertex 35.2744 2.11168 3.79484
vertex 35.3189 1.58468 3.80954
vertex 36.1322 3.09498 3.76224
endloop
endfacet

facet normal 0.544641 -0.83021 0.118816
outer loop
vertex 0.345007 -16.494 33.6167
vertex 1.78151 -15.6652 32.8238
vertex 2.24511 -15.2677 33.4757
endloop
endfacet

facet normal 0.0290383 -0.8609 0.507944
outer loop
vertex -2.53999 -26.3075 22.6976
vertex -0.462993 -26.3337 22.5344
vertex -1.70939 -26.2307 22.7804
endloop
endfacet

facet normal -0.941822 0.121342 0.313446
outer loop
vertex -7.46929 15.4911 28.9168
vertex -7.42589 17.9681 28.0882
vertex -7.93459 16.5566 27.106
endloop
endfacet

facet normal 0.962763 -0.118687 -0.242902
outer loop
vertex 25.0638 -7.01392 -47.6576
vertex 24.7839 -9.28622 -47.6567
vertex 24.974 -6.04832 -48.4853
endloop
endfacet

facet normal -0.852796 0.443082 0.276435
outer loop
vertex 10.9195 13.2152 28.6469
vertex 11.5532 15.0469 27.666
vertex 10.3902 12.7134 27.8182
endloop
endfacet

facet normal -0.65193 -0.684364 0.326547
outer loop
vertex 1.17661 -23.5061 26.1567
vertex 0.379007 -22.5956 26.4724
vertex 0.446507 -23.1351 25.4766
endloop
endfacet

facet normal 0.96007 -0.156267 0.232047
outer loop
vertex 30.0506 -0.300219 14.4811
vertex 31.5255 2.08808 9.98734
vertex 30.8248 3.56108 13.8784
endloop
endfacet

facet normal -0.229986 -0.614788 0.754415
outer loop
vertex -2.39709 -24.9268 25.0341
vertex -3.96089 -24.0416 25.2787
vertex -3.54849 -24.9792 24.6404
endloop
endfacet

facet normal 0.721695 -0.622939 0.301833
outer loop
vertex 11.3338 -22.65 -0.430465
vertex 14.0862 -22.7727 -7.26496
vertex 17.2125 -18.496 -5.91346
endloop
endfacet

facet normal 0.571281 -0.814371 0.102165
outer loop
vertex 8.54101 -26.4932 -5.91386
vertex 13.5118 -23.6765 -11.2571
vertex 14.0862 -22.7727 -7.26496
endloop
endfacet

facet normal -0.852755 -0.197739 -0.483433
outer loop
vertex -29.1278 -9.52062 -47.7543
vertex -29.6686 -4.97652 -48.6591
vertex -28.5884 -9.58792 -48.6783
endloop
endfacet

facet normal 0.256572 -0.883443 0.392046
outer loop
vertex 29.5579 -4.51542 4.69894
vertex 29.5718 -4.09682 5.63304
vertex 26.7784 -4.80862 5.85714
endloop
endfacet

facet normal -0.683269 0.729334 0.034863
outer loop
vertex -18.3872 20.4447 17.108
vertex -17.8406 20.8977 18.3422
vertex -16.6852 22.0188 17.5341
endloop
endfacet

facet normal -0.665961 0 -0.745986
outer loop
vertex 34.0089 5.34568 4.53074
vertex 33.9529 5.47168 4.58074
vertex 33.9529 5.47368 4.58074
endloop
endfacet

facet normal 0.522629 0.401741 -0.751973
outer loop
vertex 17.8884 17.7902 -8.33976
vertex 22.4586 12.0064 -8.25336
vertex 19.7892 12.9932 -9.58146
endloop
endfacet

facet normal -0.325994 -0.79901 0.505283
outer loop
vertex 30.3364 -2.87382 -16.6022
vertex 31.4403 -3.25532 -16.4933
vertex 30.3527 -2.42792 -15.8866
endloop
endfacet

facet normal 0.725266 0.587314 -0.359236
outer loop
vertex -13.6914 9.29178 -41.9284
vertex -14.5657 11.6557 -39.8288
vertex -12.3854 8.74788 -40.1809
endloop
endfacet

facet normal -0.434504 -0.889743 -0.139868
outer loop
vertex 14.4967 -7.61512 -43.5738
vertex 16.2965 -8.38692 -44.255
vertex 17.3813 -9.03192 -43.5219
endloop
endfacet

facet normal 0.753592 0.502443 0.423853
outer loop
vertex 14.6809 19.9924 12.9811
vertex 14.4061 17.9303 15.9141
vertex 16.2372 18.418 12.0805
endloop
endfacet

facet normal 0.876449 -0.476065 0.0721078
outer loop
vertex 11.4877 11.2164 28.9981
vertex 11.7831 11.6235 28.0951
vertex 12.1965 12.4931 28.8111
endloop
endfacet

facet normal -0.20042 -0.395432 0.896362
outer loop
vertex 7.13211 -19.1765 8.99744
vertex 6.95521 -20.0081 8.59104
vertex 7.52021 -19.4669 8.95614
endloop
endfacet

facet normal -0.731676 0.676319 -0.0851096
outer loop
vertex -15.7157 17.7393 24.8366
vertex -15.6998 17.3908 21.9318
vertex -16.4178 16.7012 22.6235
endloop
endfacet

facet normal -0.666518 0.123165 -0.735244
outer loop
vertex -15.5283 20.3586 17.2175
vertex -14.6545 20.9804 16.5295
vertex -15.2946 20.1438 16.9696
endloop
endfacet

facet normal -0.136697 0.271194 -0.952768
outer loop
vertex -26.8177 9.09788 0.945635
vertex -25.0571 8.00748 0.382635
vertex -28.1469 8.36118 0.926635
endloop
endfacet

facet normal 0.811133 -0.579786 0.0768863
outer loop
vertex 5.00991 -16.9765 18.9126
vertex 6.40571 -15.0085 19.0273
vertex 5.43691 -16.0806 21.1632
endloop
endfacet

facet normal 0.215141 0.660374 -0.719459
outer loop
vertex -42.3162 2.82788 -18.0716
vertex -37.5564 2.03418 -17.3768
vertex -39.326 0.911081 -18.9368
endloop
endfacet

facet normal 0.994886 -0.0696438 -0.0731574
outer loop
vertex 6.03381 -13.7307 29.6025
vertex 5.90521 -13.498 27.6308
vertex 6.03951 -12.0559 28.0849
endloop
endfacet

facet normal 0.974327 0.143151 -0.173765
outer loop
vertex 30.6608 10.2043 13.2571
vertex 30.0638 12.3056 11.641
vertex 30.3838 14.0367 14.8608
endloop
endfacet

facet normal -0.520413 0.417286 -0.745012
outer loop
vertex -25.9829 12.4053 -8.77656
vertex -22.6197 18.2507 -7.85176
vertex -24.773 12.2217 -9.72446
endloop
endfacet

facet normal -0.709664 0.693093 0.126489
outer loop
vertex -23.3965 11.4932 -46.3775
vertex -24.9787 8.80548 -40.527
vertex -21.7706 12.1137 -40.6555
endloop
endfacet

facet normal -0.67682 0.521621 -0.519448
outer loop
vertex 31.7857 -7.25752 -2.23636
vertex 32.6838 -6.75712 -2.90406
vertex 32.8106 -7.10372 -3.41726
endloop
endfacet

facet normal -0.586448 -0.563071 -0.582263
outer loop
vertex 32.8106 -7.10372 -3.41726
vertex 33.3212 -8.18592 -2.88506
vertex 31.7857 -7.25752 -2.23636
endloop
endfacet

facet normal 0.0401559 0.078857 0.996077
outer loop
vertex 34.7412 -4.69102 -14.8694
vertex 31.5075 -3.91902 -14.8002
vertex 32.8208 -5.72462 -14.7102
endloop
endfacet

facet normal -0.882946 -0.273856 0.381326
outer loop
vertex -11.1542 -12.8128 25.7736
vertex -10.7201 -10.782 28.2373
vertex -12.4257 -12.2529 23.2316
endloop
endfacet

facet normal -0.529247 0.716552 0.454368
outer loop
vertex -19.5994 19.7942 12.5474
vertex -15.8601 19.2585 17.7477
vertex -16.3979 21.4906 13.6014
endloop
endfacet

facet normal -0.806553 -0.413932 -0.422058
outer loop
vertex -24.4637 -6.46242 -35.6621
vertex -26.5466 -3.53072 -34.557
vertex -24.5482 -5.02452 -36.9108
endloop
endfacet

facet normal -0.0732876 -0.977183 0.199353
outer loop
vertex 14.6145 0.564781 36.4023
vertex 14.8037 0.788481 37.5682
vertex 12.8153 0.508181 35.463
endloop
endfacet

facet normal 0.986505 -0.0629781 -0.151136
outer loop
vertex 17.8311 -0.728719 33.7282
vertex 17.67 -1.78092 33.1149
vertex 17.3685 -2.33512 31.3778
endloop
endfacet

facet normal -0.167479 0.115103 0.979133
outer loop
vertex -4.00999 -10.3031 34.7818
vertex -5.45999 -11.7048 34.6985
vertex -1.01479 -15.273 35.8783
endloop
endfacet

facet normal 0.0897665 0.992077 -0.0878884
outer loop
vertex 8.42871 21.9229 14.6984
vertex 12.2564 21.4473 13.2393
vertex 11.8774 21.0649 8.53514
endloop
endfacet

facet normal -0.580205 -0.75586 0.303376
outer loop
vertex -6.64879 -23.5407 22.6494
vertex -6.17929 -23.6417 23.2957
vertex -7.92729 -22.3649 23.1335
endloop
endfacet

facet normal -0.657192 0.725988 -0.202582
outer loop
vertex 26.2423 -7.05602 5.82934
vertex 27.4102 -5.60942 7.22474
vertex 29.5718 -4.09682 5.63304
endloop
endfacet

facet normal -0.678447 -0.0108048 -0.73457
outer loop
vertex 21.2778 2.97688 0.851135
vertex 24.3003 4.25918 -1.95926
vertex 21.7906 1.08318 0.405335
endloop
endfacet

facet normal -0.0402156 0.160783 -0.98617
outer loop
vertex -9.17799 -15.1457 -19.3275
vertex -7.42889 -16.068 -19.5492
vertex -9.88409 -17.1704 -19.6289
endloop
endfacet

facet normal -0.232996 0.101481 -0.967168
outer loop
vertex 18.3446 -8.11532 -15.9946
vertex 19.2557 -5.27812 -15.9164
vertex 19.6537 -6.39772 -16.1298
endloop
endfacet

facet normal -0.0288785 0.629187 0.776717
outer loop
vertex -8.22829 13.4591 28.785
vertex -11.0463 16.3442 26.3431
vertex -10.1111 13.4275 28.7406
endloop
endfacet

facet normal -0.5608 0.789967 -0.247902
outer loop
vertex 33.7878 13.899 9.45184
vertex 34.9666 14.5842 8.96834
vertex 34.735 14.1129 7.99054
endloop
endfacet

facet normal 0.0779481 0.776791 -0.624916
outer loop
vertex 3.03541 20.3721 -21.0867
vertex 9.06461 16.5999 -25.0237
vertex 7.29621 15.6148 -26.4688
endloop
endfacet

facet normal -0.758929 0.646628 0.0768076
outer loop
vertex -28.8701 13.4215 13.6832
vertex -31.3556 11.3738 6.36394
vertex -33.4419 8.39448 10.8317
endloop
endfacet

facet normal 0.0843403 0.717831 -0.69109
outer loop
vertex 9.54061 24.9958 -5.60776
vertex 11.2137 22.7288 -7.75826
vertex 6.49581 22.8088 -8.25096
endloop
endfacet

facet normal 0.60399 0.683679 -0.409609
outer loop
vertex 34.7449 4.64608 7.05464
vertex 35.5903 4.52628 8.10134
vertex 36.5211 2.64668 6.33664
endloop
endfacet

facet normal -0.253037 0.244046 0.93617
outer loop
vertex -38.4143 -0.208019 -15.7727
vertex -39.7493 2.25678 -16.7761
vertex -39.0093 -2.43072 -15.3541
endloop
endfacet

facet normal 0.138855 0.821051 0.55371
outer loop
vertex -8.78999 17.8725 23.444
vertex -5.24659 20.212 19.0863
vertex -8.60309 19.3456 21.2127
endloop
endfacet

facet normal 0.532846 0.351437 0.769784
outer loop
vertex 13.5606 17.3599 22.5125
vertex 12.0683 16.8001 23.801
vertex 12.123 15.6124 24.3054
endloop
endfacet

facet normal 0.905164 -0.164867 0.391786
outer loop
vertex 19.7399 -2.22942 27.1629
vertex 22.6296 0.466981 21.6213
vertex 22.394 3.58968 23.4796
endloop
endfacet

facet normal -0.755718 -0.63706 -0.151806
outer loop
vertex -44.0515 4.50488 -18.6029
vertex -43.543 3.82258 -18.2709
vertex -45.0613 5.22908 -16.615
endloop
endfacet

facet normal 0.205783 -0.856595 0.473179
outer loop
vertex 5.38221 -25.8953 0.368035
vertex 2.83691 -22.7105 7.24044
vertex -0.391893 -26.89 1.07834
endloop
endfacet

facet normal -0.444504 -0.786145 0.429408
outer loop
vertex -11.2647 -22.9753 2.80464
vertex -12.4202 -20.4459 6.23924
vertex -12.711 -20.4724 5.88964
endloop
endfacet

facet normal 0.0408136 -0.169348 -0.984711
outer loop
vertex 9.05511 22.1534 16.0723
vertex 11.8875 21.8707 16.2383
vertex 12.9904 20.5144 16.5172
endloop
endfacet

facet normal -0.411352 -0.821661 -0.394541
outer loop
vertex 12.2236 -7.31412 22.5075
vertex 11.5427 -4.93932 18.2716
vertex 12.7705 -3.65012 14.3067
endloop
endfacet

facet normal -0.498316 -0.778698 0.381197
outer loop
vertex -27.9958 -2.81292 12.3255
vertex -28.8041 -0.265419 16.4729
vertex -31.8459 0.354481 13.7628
endloop
endfacet

facet normal 0.101591 -0.653744 -0.749865
outer loop
vertex 1.64811 -27.2886 -16.7315
vertex -2.73639 -25.5768 -18.8179
vertex 7.65521 -22.1078 -20.4344
endloop
endfacet

facet normal 0.30773 -0.474295 0.824831
outer loop
vertex 17.4176 -4.17292 35.5854
vertex 14.6981 -4.35762 36.4939
vertex 15.1955 -5.41782 35.6987
endloop
endfacet

facet normal 0.69193 0.690252 0.211627
outer loop
vertex -37.9353 -3.22022 -16.2906
vertex -39.0093 -2.43072 -15.3541
vertex -38.0636 -3.49272 -14.9824
endloop
endfacet

facet normal 0.94227 0.162422 -0.292824
outer loop
vertex 37.0446 5.64008 -16.0014
vertex 37.3855 4.42578 -15.5779
vertex 36.7113 4.45588 -17.7306
endloop
endfacet

facet normal 0.931252 0.247999 0.266956
outer loop
vertex 24.363 8.62468 -8.32916
vertex 20.2768 15.4633 -0.427765
vertex 24.4068 5.99018 -6.03436
endloop
endfacet

facet normal 0.470841 -0.680339 0.561647
outer loop
vertex 6.30431 -19.3351 23.854
vertex 5.96581 -16.9137 27.0708
vertex 5.03771 -17.7128 26.8809
endloop
endfacet

facet normal 0.396268 -0.455847 -0.796979
outer loop
vertex -28.8718 2.82288 -5.42606
vertex -28.6951 -0.456819 -3.46226
vertex -30.5073 2.27028 -5.92316
endloop
endfacet

facet normal 0.548962 -0.712846 -0.436453
outer loop
vertex 9.18361 -15.7098 8.21004
vertex 12.0844 -13.1797 7.72614
vertex 12.9876 -14.2824 10.6632
endloop
endfacet

facet normal -0.655469 -0.508583 0.558304
outer loop
vertex -31.8459 0.354481 13.7628
vertex -25.7637 2.58138 22.9321
vertex -32.94 1.90498 13.8907
endloop
endfacet

facet normal -0.602244 -0.586249 0.541862
outer loop
vertex -31.8459 0.354481 13.7628
vertex -28.8041 -0.265419 16.4729
vertex -25.7637 2.58138 22.9321
endloop
endfacet

facet normal 0.233241 -0.58223 0.77885
outer loop
vertex 2.83691 -22.7105 7.24044
vertex 4.88041 -21.805 7.30534
vertex 4.75461 -21.064 7.89694
endloop
endfacet

facet normal -0.632969 0.763367 -0.128921
outer loop
vertex -25.1558 10.9847 -28.79
vertex -22.9446 14.7106 -17.5846
vertex -20.996 15.9974 -19.5327
endloop
endfacet

facet normal -0.794874 0.156166 0.586334
outer loop
vertex 28.2452 15.4177 12.2918
vertex 27.39 14.5213 11.3712
vertex 29.5332 12.5905 14.791
endloop
endfacet

facet normal -0.432902 0.236635 0.869827
outer loop
vertex 37.8338 13.0329 3.67404
vertex 36.0885 10.8449 3.40074
vertex 36.8468 10.6678 3.82634
endloop
endfacet

facet normal -0.345296 -0.71536 -0.607478
outer loop
vertex 30.772 -0.270019 -16.1039
vertex 30.4651 0.711081 -17.0848
vertex 31.9029 1.03278 -18.2809
endloop
endfacet

facet normal -0.959472 0.0256301 0.280636
outer loop
vertex -1.38899 -25.9253 23.8476
vertex -1.70319 -25.3719 22.7229
vertex -1.70939 -26.2307 22.7804
endloop
endfacet

facet normal 0.900651 0.141801 -0.410755
outer loop
vertex -9.00789 3.06778 -35.5465
vertex -8.47189 1.08928 -35.0544
vertex -10.0754 0.727681 -38.6951
endloop
endfacet

facet normal -0.358062 0.116219 -0.926437
outer loop
vertex 38.9859 -4.19492 -9.53956
vertex 39.6035 -3.24102 -9.65866
vertex 39.2129 -4.82912 -9.70686
endloop
endfacet

facet normal 0.049692 0.0181301 -0.9986
outer loop
vertex 39.2129 -4.82912 -9.70686
vertex 39.6035 -3.24102 -9.65866
vertex 40.1227 -4.10712 -9.64856
endloop
endfacet

facet normal -0.0327344 -0.994523 0.0992556
outer loop
vertex 0.710707 -29.3261 -9.11796
vertex -4.71899 -28.8048 -5.68506
vertex -3.77919 -29.3136 -10.4731
endloop
endfacet

facet normal -0.249508 0.949445 -0.190527
outer loop
vertex 14.9162 12.9489 11.3327
vertex 17.7052 14.4642 15.2312
vertex 16.4232 13.1051 10.1377
endloop
endfacet

facet normal 0.169602 0.747077 0.642737
outer loop
vertex -1.61339 11.6479 32.5709
vertex -2.51779 8.71138 36.2228
vertex -0.894893 8.43748 36.113
endloop
endfacet

facet normal -0.95732 0.287359 0.0310401
outer loop
vertex -10.2839 -17.1458 26.5384
vertex -10.0814 -16.3824 25.7151
vertex -10.4414 -17.3496 23.5668
endloop
endfacet

facet normal -0.655899 0.584053 -0.478204
outer loop
vertex 25.0575 9.00388 1.30714
vertex 25.6612 7.19138 -1.73446
vertex 23.1958 6.59978 0.924435
endloop
endfacet

facet normal -0.689154 -0.702797 0.176474
outer loop
vertex -24.4395 -10.4607 -7.16756
vertex -27.6496 -7.47972 -7.83136
vertex -28.0879 -8.05332 -11.8274
endloop
endfacet

facet normal -0.752868 -0.634834 0.173709
outer loop
vertex -28.0879 -8.05332 -11.8274
vertex -27.6496 -7.47972 -7.83136
vertex -29.0312 -6.57922 -10.5284
endloop
endfacet

facet normal -0.882284 0.457245 -0.111811
outer loop
vertex 29.6789 -4.03122 -6.21026
vertex 29.5332 -4.74502 -7.97986
vertex 29.106 -5.39012 -7.24666
endloop
endfacet

facet normal -0.721338 -0.606741 0.333972
outer loop
vertex -10.0814 -16.3824 25.7151
vertex -10.3415 -15.306 27.1089
vertex -11.3689 -14.4686 26.4111
endloop
endfacet

facet normal -0.653473 0.289499 0.699402
outer loop
vertex -15.2559 15.7812 25.5762
vertex -16.1413 15.5271 24.8542
vertex -14.9106 14.6621 26.3621
endloop
endfacet

facet normal 0.227609 -0.592828 0.772496
outer loop
vertex 29.2435 -5.85532 8.91904
vertex 32.2236 -2.23052 10.8227
vertex 31.3369 -2.24182 11.0753
endloop
endfacet

facet normal -0.754562 0.121454 -0.644892
outer loop
vertex -44.7327 6.03748 -17.5173
vertex -43.1013 4.98958 -19.6234
vertex -44.0515 4.50488 -18.6029
endloop
endfacet

facet normal 0.56013 0.180154 0.808579
outer loop
vertex 32.8086 -2.17502 -15.3746
vertex 32.6155 -0.204319 -15.6799
vertex 31.54 -0.856819 -14.7896
endloop
endfacet

facet normal -0.143482 0.968888 0.201666
outer loop
vertex 4.37471 19.0679 26.9789
vertex 6.65311 19.5648 26.2128
vertex 4.48751 19.3791 25.5642
endloop
endfacet

facet normal -0.341693 -0.883653 -0.320004
outer loop
vertex -21.4574 -9.15662 -43.5545
vertex -23.462 -8.32612 -43.7073
vertex -22.7106 -8.38182 -44.3558
endloop
endfacet

facet normal -0.301264 0.208047 0.930568
outer loop
vertex -16.9728 4.68218 34.2928
vertex -13.7162 1.00038 36.1702
vertex -13.7645 4.74938 35.3164
endloop
endfacet

facet normal -0.0121642 -0.813514 -0.581418
outer loop
vertex -1.13039 -24.6357 27.3786
vertex -2.61729 -24.3574 27.0203
vertex -1.36539 -24.3477 26.9805
endloop
endfacet

facet normal -0.757996 -0.614872 0.217657
outer loop
vertex 24.2168 -5.73312 7.41554
vertex 23.2649 -4.29812 8.15384
vertex 22.4308 -4.28812 5.27744
endloop
endfacet

facet normal -0.842507 0.269224 -0.466585
outer loop
vertex 8.94551 8.14428 -42.0204
vertex 6.54591 0.186281 -42.2792
vertex 7.94191 8.06038 -40.2565
endloop
endfacet

facet normal -0.0863708 -0.963401 0.253768
outer loop
vertex -29.8354 -2.81152 7.00304
vertex -31.2591 -4.02502 1.91154
vertex -27.4738 -3.11422 6.65774
endloop
endfacet

facet normal -0.873199 -0.252721 0.416719
outer loop
vertex -47.5529 -0.460119 -9.84956
vertex -43.4525 -3.66632 -3.20186
vertex -44.9874 0.755081 -3.73676
endloop
endfacet

facet normal 0.384485 0.167858 0.907742
outer loop
vertex 1.15581 -1.07172 36.0938
vertex -1.89129 0.418081 37.109
vertex 0.00260745 -2.30002 36.8094
endloop
endfacet

facet normal -0.746881 -0.372156 0.551062
outer loop
vertex -28.2039 -3.06062 -43.5092
vertex -25.5397 -3.35562 -40.0974
vertex -28.6652 -0.0722194 -42.1162
endloop
endfacet

facet normal -0.238923 -0.954552 -0.178175
outer loop
vertex -3.77919 -29.3136 -10.4731
vertex -9.30189 -26.7941 -16.5655
vertex -3.47969 -28.5429 -15.0037
endloop
endfacet

facet normal 0.68075 -0.731093 -0.045628
outer loop
vertex -40.8681 -4.58802 -12.6471
vertex -41.6628 -5.32242 -12.7369
vertex -41.0628 -4.65272 -14.5147
endloop
endfacet

facet normal -0.144351 -0.917242 0.371255
outer loop
vertex -7.31269 -16.4803 -20.4717
vertex -3.86999 -17.0149 -20.454
vertex -4.05159 -16.6728 -19.6795
endloop
endfacet

facet normal 0.763075 0.488696 0.422958
outer loop
vertex 12.123 15.6124 24.3054
vertex 12.8492 13.9432 24.9238
vertex 13.3743 15.4271 22.2619
endloop
endfacet

facet normal -0.966616 -0.00521985 0.256176
outer loop
vertex -43.4726 -1.57792 10.9781
vertex -43.6405 4.65988 10.4717
vertex -43.9475 9.95268 9.42104
endloop
endfacet

facet normal 0.737499 -0.542283 0.402523
outer loop
vertex 17.3439 -8.53712 -16.0554
vertex 16.921 -9.95952 -17.1969
vertex 18.9391 -7.09172 -17.0308
endloop
endfacet

facet normal -0.293011 0.949115 -0.115437
outer loop
vertex -15.6998 17.3908 21.9318
vertex -15.7157 17.7393 24.8366
vertex -13.8529 18.2378 24.2071
endloop
endfacet

facet normal 0.478012 0.853375 0.207979
outer loop
vertex 35.4915 9.34718 -6.33906
vertex 38.6629 7.34398 -5.40836
vertex 40.4135 7.30898 -9.28846
endloop
endfacet

facet normal 0.566093 0.0246489 -0.823973
outer loop
vertex 17.5278 -12.9167 -17.237
vertex 18.0263 -13.663 -16.9169
vertex 14.6249 -17.7749 -19.3768
endloop
endfacet

facet normal 0.640902 0.0983349 -0.761298
outer loop
vertex 25.0185 2.27368 -14.3059
vertex 26.3399 -0.593619 -13.5639
vertex 24.0264 -0.611219 -15.5138
endloop
endfacet

facet normal 0.882122 -0.228664 -0.411793
outer loop
vertex 25.6802 -4.44842 -12.8366
vertex 25.2191 -3.39802 -14.4076
vertex 26.3399 -0.593619 -13.5639
endloop
endfacet

facet normal -0.94642 -0.0171357 -0.322483
outer loop
vertex -45.7807 -2.47632 -10.2882
vertex -45.8704 0.0572806 -10.1596
vertex -43.7284 -2.36902 -16.3168
endloop
endfacet

facet normal -0.768866 0.500853 0.397482
outer loop
vertex 27.8377 -2.68262 15.3672
vertex 26.1627 -1.94832 11.202
vertex 25.8785 -4.67652 14.0899
endloop
endfacet

facet normal 0.393544 -0.615503 0.682846
outer loop
vertex -37.9353 -3.22022 -16.2906
vertex -36.6428 -2.51672 -16.4013
vertex -38.09 -1.95632 -15.0621
endloop
endfacet

facet normal -0.365144 0.745166 0.55803
outer loop
vertex 33.0672 4.56598 -16.2908
vertex 34.2098 4.93718 -16.0388
vertex 35.01 5.96628 -16.8894
endloop
endfacet

facet normal 0.324414 -0.425467 0.844828
outer loop
vertex 20.5002 -10.8987 -46.3367
vertex 18.7606 -9.60732 -45.0183
vertex 19.2461 -12.2909 -46.5563
endloop
endfacet

facet normal 0.198017 -0.912269 -0.358544
outer loop
vertex 1.66121 -23.0094 25.1607
vertex 2.18931 -23.4153 26.4849
vertex 1.17661 -23.5061 26.1567
endloop
endfacet

facet normal -0.946779 -0.204031 -0.248958
outer loop
vertex -45.8704 0.0572806 -10.1596
vertex -43.3682 -1.74572 -18.1975
vertex -43.7284 -2.36902 -16.3168
endloop
endfacet

facet normal 0.775835 0.491958 -0.39504
outer loop
vertex 21.5689 9.96218 -38.6867
vertex 23.012 7.98538 -38.3141
vertex 24.8666 4.65988 -38.8133
endloop
endfacet

facet normal 0.186946 0.392631 -0.900496
outer loop
vertex -36.8116 6.54228 -6.42776
vertex -35.4325 7.35938 -5.78516
vertex -35.9505 4.76478 -7.02406
endloop
endfacet

facet normal 0.671977 0.0363652 0.739679
outer loop
vertex 0.0274074 -26.1855 23.3757
vertex 0.129307 -25.26 23.2377
vertex -0.368693 -25.8169 23.7175
endloop
endfacet

facet normal -0.0471218 0.434827 0.89928
outer loop
vertex 15.4413 2.01088 36.3005
vertex 14.5573 6.11038 34.272
vertex 14.3631 2.18088 36.1618
endloop
endfacet

facet normal 0.754218 -0.111359 -0.647112
outer loop
vertex 31.4911 -5.94052 -14.1974
vertex 32.8204 -4.90592 -12.8262
vertex 32.2599 -6.87172 -13.1411
endloop
endfacet

facet normal 0.0135436 -0.254789 0.966902
outer loop
vertex -1.89129 0.418081 37.109
vertex -1.66909 4.36908 38.147
vertex -2.68929 4.34538 38.1551
endloop
endfacet

facet normal 0.925708 -0.375891 0.0420747
outer loop
vertex 24.8902 1.84528 -38.3923
vertex 23.3818 -1.90342 -38.6953
vertex 24.7765 1.43778 -39.5303
endloop
endfacet

facet normal 0.697884 -0.24269 0.673839
outer loop
vertex 15.5204 -8.80542 30.7052
vertex 16.5262 -7.12702 30.268
vertex 14.4419 -8.82572 31.8149
endloop
endfacet

facet normal 0.698072 0.568218 0.435688
outer loop
vertex -16.3254 13.5877 -39.3796
vertex -16.6983 12.6984 -37.6224
vertex -15.4852 11.6826 -38.2411
endloop
endfacet

facet normal -0.93342 -0.308568 0.183066
outer loop
vertex 9.65381 -6.13472 31.4967
vertex 10.145 -7.20662 32.1949
vertex 9.57021 -5.32032 32.4434
endloop
endfacet

facet normal 0.359694 -0.932666 -0.0274523
outer loop
vertex -18.5211 -7.88412 -38.541
vertex -18.8888 -8.06172 -37.3263
vertex -21.2885 -8.97762 -37.6533
endloop
endfacet

facet normal 0.396331 -0.844833 0.359414
outer loop
vertex -19.579 -14.4984 -47.6648
vertex -20.3536 -14.1736 -46.0472
vertex -21.1171 -14.7356 -46.5265
endloop
endfacet

facet normal 0.713059 0.685176 0.148595
outer loop
vertex 14.9254 22.395 0.988235
vertex 18.7531 18.7388 -0.520665
vertex 18.5657 19.8606 -4.79446
endloop
endfacet

facet normal 0.447086 -0.847684 0.285563
outer loop
vertex 30.0458 -7.66842 2.28074
vertex 33.7389 -5.22082 3.76444
vertex 29.2435 -5.85532 8.91904
endloop
endfacet

facet normal -0.233917 -0.963456 0.130522
outer loop
vertex -2.04229 -28.0399 19.9994
vertex -2.32089 -27.7687 21.502
vertex -4.03579 -27.5862 19.7758
endloop
endfacet

facet normal 0.332911 0.59183 -0.734103
outer loop
vertex 36.4903 3.35188 -17.9972
vertex 37.1814 2.76928 -18.1536
vertex 36.406 2.05958 -19.0773
endloop
endfacet

facet normal -0.660714 0.737528 0.13968
outer loop
vertex -22.3158 19.8319 0.119135
vertex -19.1951 22.4313 1.15564
vertex -22.3272 20.5914 -3.94516
endloop
endfacet

facet normal 0.675817 -0.562839 0.475904
outer loop
vertex 25.3124 0.426681 15.91
vertex 27.7442 0.480781 12.5207
vertex 28.5487 1.86338 13.0135
endloop
endfacet

facet normal -0.803158 0.579589 -0.137887
outer loop
vertex -26.9977 8.24738 -31.26
vertex -25.9086 9.90188 -30.6494
vertex -24.361 11.2955 -33.8061
endloop
endfacet

facet normal -0.162114 -0.212872 -0.963538
outer loop
vertex -2.54079 -18.4833 13.2703
vertex -2.00559 -21.3469 13.813
vertex -5.52479 -20.2924 14.1721
endloop
endfacet

facet normal 0.658921 0.733479 -0.166828
outer loop
vertex 9.03371 -14.8598 14.5116
vertex 9.29451 -14.6462 16.4807
vertex 9.99541 -16.0803 12.944
endloop
endfacet

facet normal -0.125303 0.482242 0.86703
outer loop
vertex -2.41629 -23.0289 21.3223
vertex -4.73389 -25.2727 22.2353
vertex -2.59579 -25.6368 22.7468
endloop
endfacet

facet normal -0.173616 -0.812913 -0.555904
outer loop
vertex -39.5927 -3.40432 -17.5624
vertex -42.3776 -2.82342 -17.5421
vertex -40.1946 -2.44112 -18.7829
endloop
endfacet

facet normal -0.25324 -0.966546 -0.0407098
outer loop
vertex 14.6637 -8.10622 -37.8856
vertex 16.4642 -8.55292 -38.4814
vertex 17.215 -8.77972 -37.7654
endloop
endfacet

facet normal -0.312467 0.946012 -0.0861669
outer loop
vertex 11.5622 13.1693 -46.4191
vertex 13.1008 13.834 -44.7013
vertex 13.8715 13.9076 -46.6881
endloop
endfacet

facet normal 0.623138 -0.779657 -0.0619204
outer loop
vertex -40.2952 -6.19042 -3.18876
vertex -40.8254 -6.51162 -4.48026
vertex -39.2462 -5.37922 -2.84616
endloop
endfacet

facet normal 0.151142 0.13113 -0.979776
outer loop
vertex -44.9541 -4.87872 -10.0726
vertex -43.003 -5.91092 -9.90976
vertex -42.6273 -7.25182 -10.0313
endloop
endfacet

facet normal -0.506294 -0.839478 0.197341
outer loop
vertex -15.1804 -23.1676 -1.45126
vertex -16.8642 -23.1158 -5.55096
vertex -12.8518 -26.0982 -7.94386
endloop
endfacet

facet normal -0.738787 0.20695 0.641378
outer loop
vertex -17.0903 15.3968 23.8031
vertex -16.1413 15.5271 24.8542
vertex -16.5307 16.7078 24.0247
endloop
endfacet

facet normal -0.48567 -0.782832 0.38897
outer loop
vertex -14.0176 -22.023 2.30434
vertex -15.1804 -23.1676 -1.45126
vertex -12.4572 -22.8748 2.53834
endloop
endfacet

facet normal -0.552284 0.664574 0.503313
outer loop
vertex -22.4932 7.42998 26.4873
vertex -16.7986 7.45018 32.7092
vertex -18.2772 10.8361 26.616
endloop
endfacet

facet normal 0.875777 -0.457667 -0.153477
outer loop
vertex -19.579 -14.4984 -47.6648
vertex -19.1755 -13.4938 -48.3581
vertex -18.4415 -12.3105 -47.6979
endloop
endfacet

facet normal 0.0306277 0.636638 0.770554
outer loop
vertex -0.368693 -25.8169 23.7175
vertex 0.129307 -25.26 23.2377
vertex -1.38899 -25.9253 23.8476
endloop
endfacet

facet normal 0.23623 0.951295 0.198073
outer loop
vertex 12.1662 24.6617 -1.19196
vertex 7.43731 26.134 -2.62336
vertex 10.129 24.2881 3.03174
endloop
endfacet

facet normal 0.767069 0.317698 -0.557381
outer loop
vertex -35.3723 10.2848 1.36224
vertex -36.6516 9.96448 -0.580965
vertex -39.2664 10.3831 -3.94086
endloop
endfacet

facet normal 0.399924 -0.740312 0.54037
outer loop
vertex -21.4574 -9.15662 -43.5545
vertex -16.7753 -5.45702 -41.9511
vertex -20.4854 -6.65292 -40.8436
endloop
endfacet

facet normal 0.339161 0.906573 -0.251186
outer loop
vertex -35.4325 7.35938 -5.78516
vertex -36.0188 8.15988 -3.68786
vertex -34.4643 7.20938 -5.01926
endloop
endfacet

facet normal -0.646936 0.111071 -0.754412
outer loop
vertex -43.2905 -4.12972 -16.9516
vertex -43.7284 -2.36902 -16.3168
vertex -42.3776 -2.82342 -17.5421
endloop
endfacet

facet normal 0.026767 0.63442 0.772525
outer loop
vertex 1.83481 8.04848 34.0376
vertex 5.28161 10.5312 31.8793
vertex 0.876807 11.9192 30.892
endloop
endfacet

facet normal 0.0514986 0.987471 0.149162
outer loop
vertex 4.44941 25.6223 1.79584
vertex 7.43731 26.134 -2.62336
vertex 4.36221 26.337 -2.90546
endloop
endfacet

facet normal 0.275792 0.960577 0.0350734
outer loop
vertex 14.2415 14.2688 -30.8615
vertex 17.011 13.4662 -30.6573
vertex 17.596 13.5274 -36.9332
endloop
endfacet

facet normal -0.988038 0.0840719 0.129274
outer loop
vertex -29.5561 -6.09532 -46.7964
vertex -29.3542 -3.49732 -46.9432
vertex -29.6094 -3.97392 -48.5835
endloop
endfacet

facet normal 0.530392 -0.525372 -0.665334
outer loop
vertex 14.3337 6.95748 33.621
vertex 15.3774 7.34658 34.1459
vertex 14.7957 6.65268 34.23
endloop
endfacet

facet normal -0.353615 0.771705 0.52861
outer loop
vertex -14.2828 22.6288 -9.51046
vertex -14.1263 22.1329 -8.68186
vertex -12.7646 22.6074 -8.46366
endloop
endfacet

facet normal -0.873475 -0.483503 -0.0571527
outer loop
vertex -24.8356 -5.11832 -30.8103
vertex -24.6665 -6.27512 -23.6079
vertex -26.5662 -2.79042 -24.0551
endloop
endfacet

facet normal -0.277936 -0.739862 0.612662
outer loop
vertex -32.6481 -2.56572 8.17334
vertex -33.2985 -1.32292 9.37904
vertex -34.7315 -1.20112 8.87604
endloop
endfacet

facet normal 0.906428 -0.270966 0.323983
outer loop
vertex 38.2821 0.0729806 -0.364665
vertex 38.617 -3.50672 -4.29546
vertex 39.9364 0.779581 -4.40206
endloop
endfacet

facet normal -0.73592 -0.677068 -0.000420859
outer loop
vertex -9.03489 -15.7248 30.6948
vertex -10.1744 -14.4858 30.0804
vertex -10.1599 -14.5009 29.0477
endloop
endfacet

facet normal -0.95084 -0.00719181 0.309599
outer loop
vertex -21.8899 12.4981 9.71554
vertex -21.0713 13.0318 12.2421
vertex -20.477 15.6101 14.1271
endloop
endfacet

facet normal 0.233142 -0.323607 -0.917019
outer loop
vertex 1.49321 -20.1643 14.2851
vertex -2.00559 -21.3469 13.813
vertex 0.861807 -18.0782 13.3884
endloop
endfacet

facet normal 0.39346 -0.613876 0.684358
outer loop
vertex 1.01231 -22.453 29.5245
vertex 2.45211 -22.296 28.8375
vertex 2.27101 -19.7125 31.2591
endloop
endfacet

facet normal -0.853892 -0.388305 -0.346538
outer loop
vertex -10.7205 -14.8437 21.6784
vertex -11.5307 -13.8625 22.5754
vertex -11.0487 -13.9737 21.512
endloop
endfacet

facet normal -0.903377 -0.227136 -0.363758
outer loop
vertex -20.5352 -7.88952 9.86824
vertex -21.4225 -4.13012 9.72454
vertex -20.4028 -4.89472 7.66944
endloop
endfacet

facet normal -0.843972 0.302549 -0.442916
outer loop
vertex -25.2168 11.6293 4.71114
vertex -23.3433 14.8673 3.35314
vertex -24.5483 9.17178 1.75864
endloop
endfacet

facet normal 0.760295 -0.47084 0.447506
outer loop
vertex 17.7686 12.6936 6.58574
vertex 18.8815 13.626 5.67604
vertex 17.364 14.9644 9.66224
endloop
endfacet

facet normal 0.0584877 -0.103096 -0.99295
outer loop
vertex 19.2822 -7.80422 -49.1527
vertex 21.8064 -11.788 -48.5904
vertex 18.3137 -10.6661 -48.9126
endloop
endfacet

facet normal -0.697683 0.588365 -0.408737
outer loop
vertex 7.52231 11.3234 -32.4521
vertex 9.11411 9.06528 -38.4196
vertex 6.77821 8.57758 -35.1344
endloop
endfacet

facet normal -0.352352 -0.92644 -0.132501
outer loop
vertex -41.3181 -5.64752 -16.5239
vertex -43.3791 -5.35012 -13.1229
vertex -43.9171 -4.77712 -15.6984
endloop
endfacet

facet normal -0.32096 -0.607944 -0.726215
outer loop
vertex 22.4326 -2.85162 2.24424
vertex 21.3961 -1.25702 1.36744
vertex 22.538 -1.50692 1.07194
endloop
endfacet

facet normal -0.352112 0.867762 0.350722
outer loop
vertex 4.88881 12.6778 29.7129
vertex 5.12251 12.1295 31.304
vertex 5.90631 13.506 28.6852
endloop
endfacet

facet normal 0.363953 0.905586 0.217838
outer loop
vertex 2.41181 16.214 25.961
vertex -2.31189 19.3296 20.9015
vertex -0.430993 17.8487 23.9153
endloop
endfacet

facet normal -0.306429 0.915465 -0.260814
outer loop
vertex 0.619807 22.963 -11.513
vertex 2.65931 24.0353 -10.1452
vertex 1.90721 21.7238 -17.3751
endloop
endfacet

facet normal -0.706696 -0.702903 0.0806742
outer loop
vertex 29.9476 -5.04872 3.46554
vertex 29.5579 -4.51542 4.69894
vertex 29.7662 -4.89902 3.18144
endloop
endfacet

facet normal -0.877433 -0.469022 0.100648
outer loop
vertex -19.7017 14.8234 17.2201
vertex -18.9016 14.1752 21.1751
vertex -20.477 15.6101 14.1271
endloop
endfacet

facet normal -0.641222 0.689057 -0.33769
outer loop
vertex -22.7274 10.7787 -46.7882
vertex -20.7156 11.7412 -48.6445
vertex -23.1661 9.56968 -48.4221
endloop
endfacet

facet normal 0.521477 -0.344709 -0.780537
outer loop
vertex -39.7822 -6.88742 -2.53826
vertex -40.2952 -6.19042 -3.18876
vertex -39.2462 -5.37922 -2.84616
endloop
endfacet

facet normal -0.510184 -0.804007 -0.305425
outer loop
vertex 25.6017 -4.80122 3.68314
vertex 27.3772 -4.76892 0.632235
vertex 30.9325 -5.54822 -3.25526
endloop
endfacet

facet normal 0.0803758 0.151397 0.9852
outer loop
vertex 33.2655 -6.37792 -3.00976
vertex 32.8685 -5.61362 -3.09486
vertex 32.6838 -6.75712 -2.90406
endloop
endfacet

facet normal -0.595321 -0.106212 0.796437
outer loop
vertex 30.3527 -2.42792 -15.8866
vertex 31.4821 -1.87522 -14.9687
vertex 31.54 -0.856819 -14.7896
endloop
endfacet

facet normal -0.067212 0.236744 0.969244
outer loop
vertex -1.01479 -15.273 35.8783
vertex -5.45999 -11.7048 34.6985
vertex -4.29329 -15.3718 35.6751
endloop
endfacet

facet normal 0.0528629 -0.991269 0.120791
outer loop
vertex -38.1175 -3.37692 16.6125
vertex -39.4272 -4.13902 10.9315
vertex -37.4679 -3.73472 13.3918
endloop
endfacet

facet normal -0.989622 0.137094 0.0430593
outer loop
vertex -10.2839 -17.1458 26.5384
vertex -10.4414 -17.3496 23.5668
vertex -10.6543 -18.8847 23.5628
endloop
endfacet

facet normal 0.732681 -0.394688 -0.554437
outer loop
vertex 1.49321 -20.1643 14.2851
vertex 3.46691 -17.1937 14.7787
vertex 4.09411 -18.0877 16.2438
endloop
endfacet

facet normal -0.769611 -0.17364 -0.61445
outer loop
vertex 32.1736 -5.30752 0.359935
vertex 34.1032 -5.14182 -2.10386
vertex 33.8182 -5.49462 -1.64716
endloop
endfacet

facet normal -0.732319 -0.673692 -0.0992349
outer loop
vertex -43.543 3.82258 -18.2709
vertex -44.4542 4.34248 -15.0766
vertex -45.0613 5.22908 -16.615
endloop
endfacet

facet normal -0.190093 -0.925569 0.327395
outer loop
vertex -8.67029 -16.552 15.345
vertex -10.4921 -15.2526 17.9607
vertex -11.7629 -16.0675 14.9193
endloop
endfacet

facet normal 0.346179 -0.193575 -0.917981
outer loop
vertex -14.2152 7.66928 -46.5484
vertex -12.2373 10.5039 -46.4003
vertex -12.5386 8.18208 -46.0243
endloop
endfacet

facet normal 0.659118 -0.314193 -0.683262
outer loop
vertex 40.1227 -4.10712 -9.64856
vertex 41.9191 -0.251719 -9.68846
vertex 40.5922 -4.23682 -9.13596
endloop
endfacet

facet normal 0.260692 -0.573553 0.77658
outer loop
vertex 4.75461 -21.064 7.89694
vertex 5.97791 -19.9997 8.27234
vertex 0.955207 -20.1701 9.83254
endloop
endfacet

facet normal 0.13147 0.000113756 -0.99132
outer loop
vertex 24.0264 -0.611219 -15.5138
vertex 21.8931 -4.32202 -15.7971
vertex 22.0225 -0.622219 -15.7795
endloop
endfacet

facet normal 0.804834 -0.572152 -0.157748
outer loop
vertex 3.44241 -23.2862 20.4059
vertex 2.23001 -24.9592 20.2886
vertex 3.39821 -23.0111 19.1824
endloop
endfacet

facet normal -0.867906 0.448448 0.213622
outer loop
vertex -16.4509 -17.0862 9.18024
vertex -17.4501 -17.5702 6.13634
vertex -18.0266 -18.168 5.04944
endloop
endfacet

facet normal -0.791267 -0.602181 0.106178
outer loop
vertex -24.4637 -6.46242 -35.6621
vertex -24.8356 -5.11832 -30.8103
vertex -26.5466 -3.53072 -34.557
endloop
endfacet

facet normal -0.265639 0.590896 -0.76176
outer loop
vertex -24.773 12.2217 -9.72446
vertex -23.2657 11.8582 -10.5321
vertex -24.9039 9.29508 -11.9491
endloop
endfacet

facet normal 0.647588 -0.064661 -0.759242
outer loop
vertex -39.3495 -4.74852 -17.3667
vertex -37.9353 -3.22022 -16.2906
vertex -37.2816 -3.88392 -15.6765
endloop
endfacet

facet normal -0.461647 0.741024 -0.487612
outer loop
vertex 31.7857 -7.25752 -2.23636
vertex 32.1736 -5.30752 0.359935
vertex 33.5431 -6.56072 -2.84126
endloop
endfacet

facet normal -0.166313 0.925364 -0.340649
outer loop
vertex 12.7177 7.34208 34.5759
vertex 14.6591 7.87568 35.0775
vertex 14.3037 7.47028 34.1499
endloop
endfacet

facet normal 0.935208 -0.347628 -0.0673874
outer loop
vertex 21.9413 -11.7032 -47.1548
vertex 21.4865 -12.8025 -47.7961
vertex 21.8064 -11.788 -48.5904
endloop
endfacet

facet normal 0.793423 -0.40113 -0.457793
outer loop
vertex 6.43181 -15.4021 26.2483
vertex 5.68421 -15.1163 24.7022
vertex 6.26941 -14.883 25.512
endloop
endfacet

facet normal -0.870361 -0.164133 -0.464254
outer loop
vertex -25.5039 -2.86382 -36.7474
vertex -26.5466 -3.53072 -34.557
vertex -27.1008 3.48288 -35.9975
endloop
endfacet

facet normal 0.108988 -0.980169 -0.165498
outer loop
vertex -38.4372 -7.19232 -11.514
vertex -37.3705 -6.89642 -12.5644
vertex -36.64 -7.06992 -11.0557
endloop
endfacet

facet normal 0.924951 -0.265347 0.272133
outer loop
vertex 16.2347 15.1658 13.6971
vertex 17.364 14.9644 9.66224
vertex 18.3275 16.2556 7.64644
endloop
endfacet

facet normal 0.886055 -0.0525821 0.460588
outer loop
vertex 33.3275 3.84248 8.77024
vertex 34.1007 4.48358 7.35594
vertex 34.35 7.89488 7.26584
endloop
endfacet

facet normal -0.902338 -0.0106368 -0.430897
outer loop
vertex 17.7108 7.03498 33.5489
vertex 19.0143 5.65168 30.8534
vertex 18.1445 5.57728 32.6766
endloop
endfacet

facet normal -0.0490212 0.942103 0.331722
outer loop
vertex -9.34929 25.9774 0.336335
vertex -11.5129 24.6996 3.64584
vertex -10.3115 22.0297 11.4058
endloop
endfacet

facet normal 0.926266 -0.376388 0.019053
outer loop
vertex 23.3363 -0.494519 -25.8532
vertex 22.1903 -3.08102 -21.2366
vertex 23.3846 -0.769019 -33.6242
endloop
endfacet

facet normal -0.103409 -0.176901 -0.978781
outer loop
vertex -28.5884 -9.58792 -48.6783
vertex -23.1163 -10.388 -49.1118
vertex -24.577 -13.3028 -48.4307
endloop
endfacet

facet normal 0.060237 0.937815 0.341869
outer loop
vertex -0.425593 23.1064 9.55634
vertex 5.92101 22.0124 11.4393
vertex 4.44941 25.6223 1.79584
endloop
endfacet

facet normal -0.666479 -0.739302 -0.0961122
outer loop
vertex -21.5988 -9.00572 -23.8765
vertex -20.5301 -10.8572 -17.0457
vertex -24.6665 -6.27512 -23.6079
endloop
endfacet

facet normal -0.62339 0.431226 0.652249
outer loop
vertex -21.7083 4.20928 30.0795
vertex -16.9728 4.68218 34.2928
vertex -20.5139 6.85798 29.4698
endloop
endfacet

facet normal 0.168739 0.985233 -0.0290216
outer loop
vertex 15.1288 13.8933 -38.858
vertex 17.596 13.5274 -36.9332
vertex 17.9545 13.4218 -38.4343
endloop
endfacet

facet normal -0.579122 0.235385 -0.78052
outer loop
vertex -11.7543 -15.2646 22.3185
vertex -11.5307 -13.8625 22.5754
vertex -10.7205 -14.8437 21.6784
endloop
endfacet

facet normal 0.043613 -0.443231 -0.895346
outer loop
vertex -5.31739 -22.0181 23.0884
vertex -1.84459 -21.9791 23.2382
vertex -3.54849 -24.9792 24.6404
endloop
endfacet

facet normal 0.733634 0.504637 -0.455108
outer loop
vertex -12.6581 8.09928 -38.4913
vertex -10.0934 11.017 -31.1217
vertex -8.31249 7.86398 -31.7471
endloop
endfacet

facet normal -0.722676 -0.294946 -0.625097
outer loop
vertex 9.12481 1.45248 -46.7305
vertex 10.4141 -3.07752 -46.0836
vertex 8.87921 0.769181 -46.1241
endloop
endfacet

facet normal -0.711109 -0.473656 0.519591
outer loop
vertex -8.38869 -21.9737 26.8171
vertex -6.07529 -21.3736 30.5302
vertex -6.89849 -19.0011 31.5665
endloop
endfacet

facet normal -0.411151 -0.0590503 -0.909653
outer loop
vertex -10.2936 -17.7324 23.325
vertex -9.51239 -20.0924 23.1251
vertex -10.6543 -18.8847 23.5628
endloop
endfacet

facet normal 0.262119 -0.440272 -0.858752
outer loop
vertex -39.1979 -0.421419 -18.2146
vertex -39.326 0.911081 -18.9368
vertex -38.2878 0.558481 -18.4392
endloop
endfacet

facet normal -0.804982 0.362345 -0.469798
outer loop
vertex 31.011 4.09388 -8.40576
vertex 31.1583 6.66508 -6.67506
vertex 33.1513 4.63538 -11.6554
endloop
endfacet

facet normal -0.22083 -0.0559949 -0.973704
outer loop
vertex 12.7705 11.434 -48.7822
vertex 19.2822 -7.80422 -49.1527
vertex 13.5695 0.465581 -48.3327
endloop
endfacet

facet normal -0.775393 -0.437865 -0.455017
outer loop
vertex 6.38681 -3.40522 -35.2647
vertex 4.57051 -3.64532 -31.9385
vertex 3.14171 -1.10352 -31.9497
endloop
endfacet

facet normal -0.124512 0.810535 0.572303
outer loop
vertex -22.3886 -14.4788 -12.1698
vertex -23.6989 -14.7935 -12.0092
vertex -21.0663 -16.8389 -8.53956
endloop
endfacet

facet normal -0.682842 -0.715972 0.145296
outer loop
vertex -2.61729 -24.3574 27.0203
vertex -4.32619 -22.7701 26.8107
vertex -4.25229 -22.9806 26.1206
endloop
endfacet

facet normal -0.130017 -0.51732 0.845858
outer loop
vertex 33.8729 -5.48932 -15.4911
vertex 35.0839 -5.37022 -15.2321
vertex 34.7412 -4.69102 -14.8694
endloop
endfacet

facet normal 0.247238 0.752748 0.610119
outer loop
vertex 13.3862 -3.00132 35.2237
vertex 11.8964 -2.28662 34.9456
vertex 13.2247 -3.83932 36.3229
endloop
endfacet

facet normal 0.91513 -0.367438 -0.165908
outer loop
vertex -8.78999 17.8725 23.444
vertex -8.60309 19.3456 21.2127
vertex -8.24799 19.8354 22.0867
endloop
endfacet

facet normal 0.978099 -0.142002 0.152174
outer loop
vertex 23.4734 -10.5333 -46.9763
vertex 23.7475 -10.1235 -48.3553
vertex 23.6339 -9.60042 -47.1375
endloop
endfacet

facet normal 0.567834 -0.669326 -0.479131
outer loop
vertex -36.1165 -6.50702 -11.6222
vertex -37.3705 -6.89642 -12.5644
vertex -36.1227 -5.20792 -13.4442
endloop
endfacet

facet normal 0.690832 -0.692278 0.208571
outer loop
vertex 0.544507 -26.1871 21.796
vertex 2.23001 -24.9592 20.2886
vertex 1.82381 -24.7238 22.4158
endloop
endfacet

facet normal 0.730948 -0.676628 0.0888194
outer loop
vertex 0.816807 -25.6877 23.3591
vertex 0.544507 -26.1871 21.796
vertex 1.82381 -24.7238 22.4158
endloop
endfacet

facet normal 0.829343 0.016586 0.558493
outer loop
vertex 18.7662 -12.5965 -46.8309
vertex 17.6484 -10.2018 -45.2422
vertex 18.4538 -13.0198 -46.3545
endloop
endfacet

facet normal 0.630574 -0.763027 0.14201
outer loop
vertex 18.9582 -3.87942 20.9879
vertex 25.3124 0.426681 15.91
vertex 20.7243 -2.39482 21.1226
endloop
endfacet

facet normal 0.0308726 -0.178514 0.983453
outer loop
vertex -9.66679 1.54438 36.6008
vertex -10.4476 -1.67762 36.0405
vertex -5.80259 -2.89512 35.6737
endloop
endfacet

facet normal -0.643353 -0.60252 -0.472299
outer loop
vertex 10.145 -7.20662 32.1949
vertex 9.65381 -6.13472 31.4967
vertex 11.1861 -7.98482 31.7695
endloop
endfacet

facet normal 0.748281 -0.560125 0.355438
outer loop
vertex 20.7243 -2.39482 21.1226
vertex 25.3124 0.426681 15.91
vertex 22.6296 0.466981 21.6213
endloop
endfacet

facet normal -0.999031 -0.042978 0.00951941
outer loop
vertex -30.5316 -0.130319 -9.79096
vertex -30.6472 2.10568 -11.8241
vertex -30.4879 -1.89022 -13.1427
endloop
endfacet

facet normal -0.962152 -0.134443 0.23704
outer loop
vertex 21.3961 -1.25702 1.36744
vertex 22.3295 -3.13702 4.08974
vertex 21.2186 1.11438 1.99214
endloop
endfacet

facet normal -0.124292 0.0583287 -0.99053
outer loop
vertex 7.82741 9.72308 -46.0807
vertex 10.0294 7.27338 -46.5013
vertex 9.12481 1.45248 -46.7305
endloop
endfacet

facet normal -0.796806 -0.585673 0.148616
outer loop
vertex -7.92729 -22.3649 23.1335
vertex -9.57799 -19.7715 24.5041
vertex -9.40859 -20.3022 23.3203
endloop
endfacet

facet normal 0.432268 0.887889 0.157475
outer loop
vertex 11.1201 21.7671 -10.1202
vertex 8.32191 23.1292 -10.1185
vertex 9.31641 22.4714 -9.13986
endloop
endfacet

facet normal 0.053664 -0.170672 -0.983865
outer loop
vertex -19.1755 -13.4938 -48.3581
vertex -20.7789 -14.6628 -48.2428
vertex -23.1163 -10.388 -49.1118
endloop
endfacet

facet normal -0.239535 0.968783 0.0638893
outer loop
vertex -21.3698 13.5871 -32.4099
vertex -16.7962 14.5865 -30.4171
vertex -19.5569 14.1674 -34.4125
endloop
endfacet

facet normal 0.366577 0.832852 -0.414704
outer loop
vertex -27.2056 12.9459 5.29204
vertex -22.6401 14.0452 11.5356
vertex -23.8415 12.0181 6.40244
endloop
endfacet

facet normal 0.848908 0.288406 0.442918
outer loop
vertex 33.139 4.43478 6.73844
vertex 31.1627 8.22178 8.06044
vertex 32.6089 4.50248 7.71034
endloop
endfacet

facet normal -0.386232 0.271027 0.881685
outer loop
vertex -3.27329 -24.0862 4.91194
vertex -2.52409 -24.4949 5.36574
vertex 1.20951 -22.9541 6.52764
endloop
endfacet

facet normal -0.936546 -0.217164 0.275174
outer loop
vertex -10.2839 -17.1458 26.5384
vertex -9.99039 -17.0821 27.5875
vertex -10.1599 -14.5009 29.0477
endloop
endfacet

facet normal 0.980406 0.11707 -0.158427
outer loop
vertex 37.4261 3.42988 -16.1512
vertex 37.5238 1.82428 -16.7327
vertex 37.1814 2.76928 -18.1536
endloop
endfacet

facet normal -0.714245 0.0898444 0.694105
outer loop
vertex 27.1371 10.5587 9.82464
vertex 28.1798 8.77888 11.128
vertex 28.2134 10.4585 10.9451
endloop
endfacet

facet normal -0.651031 -0.389858 0.651282
outer loop
vertex -27.763 -1.49342 -4.36136
vertex -27.6496 -7.47972 -7.83136
vertex -24.9516 -0.0638194 -0.695265
endloop
endfacet

facet normal -0.936383 -0.211348 0.280214
outer loop
vertex -8.38869 -21.9737 26.8171
vertex -9.25209 -17.8188 27.066
vertex -9.57799 -19.7715 24.5041
endloop
endfacet

facet normal -0.948599 0.30316 0.0908515
outer loop
vertex 15.0343 -7.04312 29.7991
vertex 15.0207 -7.38792 30.807
vertex 15.4296 -5.96002 30.3121
endloop
endfacet

facet normal -0.943655 0.233151 0.234854
outer loop
vertex 15.0343 -7.04312 29.7991
vertex 15.4296 -5.96002 30.3121
vertex 15.0801 -5.96742 28.915
endloop
endfacet

facet normal -0.49937 -0.776902 0.383475
outer loop
vertex -12.8823 -21.345 5.08404
vertex -12.4572 -22.8748 2.53834
vertex -11.4887 -23.4416 2.65114
endloop
endfacet

facet normal -0.798201 -0.591533 0.113857
outer loop
vertex -26.5466 -3.53072 -34.557
vertex -24.8356 -5.11832 -30.8103
vertex -26.1826 -3.36002 -31.1186
endloop
endfacet

facet normal 0.532926 0.666726 0.521024
outer loop
vertex 18.0048 5.63628 32.6014
vertex 15.3509 7.60968 32.7906
vertex 16.7567 5.29008 34.321
endloop
endfacet

facet normal -0.439509 -0.686119 0.579717
outer loop
vertex -22.512 -13.736 -46.401
vertex -22.3784 -14.3861 -47.069
vertex -21.1171 -14.7356 -46.5265
endloop
endfacet

facet normal 0.682619 0.256403 0.684316
outer loop
vertex -17.4414 18.2533 18.9348
vertex -17.8406 20.8977 18.3422
vertex -18.6791 19.5072 19.6996
endloop
endfacet

facet normal -0.199845 0.283415 -0.937944
outer loop
vertex 11.5622 13.1693 -46.4191
vertex 13.8715 13.9076 -46.6881
vertex 13.2271 12.8589 -46.8677
endloop
endfacet

facet normal -0.397853 0.155937 0.9041
outer loop
vertex -5.36479 -9.19492 33.9945
vertex -6.08579 -10.3809 33.8817
vertex -4.00999 -10.3031 34.7818
endloop
endfacet

facet normal 0.753795 -0.640855 -0.145248
outer loop
vertex -16.7649 -6.54372 -44.2011
vertex -14.6096 -3.68932 -45.6098
vertex -14.8229 -4.46042 -43.3146
endloop
endfacet

facet normal 0.882572 0.460627 -0.094285
outer loop
vertex 18.3319 15.9177 6.03654
vertex 17.5929 17.8164 8.39464
vertex 18.3275 16.2556 7.64644
endloop
endfacet

facet normal 0.067703 0.965563 0.251205
outer loop
vertex -11.9663 21.3501 17.2491
vertex -11.0714 21.0853 18.0259
vertex -11.9445 21.9137 15.0769
endloop
endfacet

facet normal -0.864238 0.136924 -0.484092
outer loop
vertex 32.6404 0.347381 -11.2332
vertex 34.2029 2.58138 -13.3908
vertex 34.2648 -1.15522 -14.5582
endloop
endfacet

facet normal -0.334988 -0.860289 0.384299
outer loop
vertex -8.52549 -26.0003 0.102135
vertex -10.0279 -23.7788 3.76534
vertex -10.5406 -24.1996 2.37654
endloop
endfacet

facet normal -0.73614 0.029879 0.676169
outer loop
vertex -26.9991 7.02228 -14.6405
vertex -26.8377 4.96638 -14.3739
vertex -26.0848 6.62548 -13.6275
endloop
endfacet

facet normal 0.417049 -0.871357 0.258472
outer loop
vertex 27.0998 -7.81802 6.52984
vertex 28.5323 -8.14912 3.10254
vertex 30.0458 -7.66842 2.28074
endloop
endfacet

facet normal -0.312552 0.935326 0.165759
outer loop
vertex -43.8028 6.26718 -14.1836
vertex -42.9723 6.58638 -14.4187
vertex -43.3315 7.01428 -17.5108
endloop
endfacet

facet normal -0.561834 -0.319177 -0.763196
outer loop
vertex 4.57051 -3.64532 -31.9385
vertex 1.73491 -3.44392 -29.9353
vertex 3.14171 -1.10352 -31.9497
endloop
endfacet

facet normal 0.722497 0.683005 -0.107245
outer loop
vertex -16.3254 13.5877 -39.3796
vertex -14.5657 11.6557 -39.8288
vertex -16.8424 13.669 -42.3442
endloop
endfacet

facet normal -0.168793 0.90132 -0.398913
outer loop
vertex 15.6134 11.6295 7.14644
vertex 15.0045 12.4713 9.30604
vertex 16.4232 13.1051 10.1377
endloop
endfacet

facet normal 0.57673 0.739255 0.347685
outer loop
vertex 14.4061 17.9303 15.9141
vertex 12.3431 18.3305 18.4852
vertex 13.1679 16.7417 20.4952
endloop
endfacet

facet normal 0.43462 -0.274029 -0.857912
outer loop
vertex -35.1609 0.357381 -7.10696
vertex -32.9167 2.00708 -6.49696
vertex -33.057 -0.835719 -5.66006
endloop
endfacet

facet normal 0.857395 -0.419575 0.298043
outer loop
vertex 12.7333 -16.9245 0.903135
vertex 19.903 -1.16002 2.47014
vertex 13.7383 -11.2105 6.05584
endloop
endfacet

facet normal 0.185997 0.105278 -0.976894
outer loop
vertex 19.6537 -6.39772 -16.1298
vertex 21.3848 -8.18802 -15.9931
vertex 17.5278 -12.9167 -17.237
endloop
endfacet

facet normal -0.479824 -0.803483 0.352396
outer loop
vertex -9.03489 -15.7248 30.6948
vertex -9.71039 -16.0822 28.96
vertex -8.56529 -16.6384 29.2511
endloop
endfacet

facet normal 0.1285 0.991547 0.0179609
outer loop
vertex 16.3676 13.0958 -44.1433
vertex 16.3932 13.0303 -40.7085
vertex 17.2802 13.0155 -46.2413
endloop
endfacet

facet normal 0.54071 0.310761 0.781704
outer loop
vertex -14.5657 11.6557 -39.8288
vertex -16.3254 13.5877 -39.3796
vertex -12.3854 8.74788 -40.1809
endloop
endfacet

facet normal 0.367713 0.85851 0.357419
outer loop
vertex -10.1536 12.4212 31.2013
vertex -9.19519 12.5955 29.7966
vertex -10.1111 13.4275 28.7406
endloop
endfacet

facet normal -0.893359 0.350754 0.280857
outer loop
vertex -18.0266 -18.168 5.04944
vertex -17.4501 -17.5702 6.13634
vertex -19.4373 -18.7621 1.30404
endloop
endfacet

facet normal 0.973666 -0.0900617 0.209434
outer loop
vertex 31.1333 5.61578 13.3279
vertex 30.8248 3.56108 13.8784
vertex 31.5255 2.08808 9.98734
endloop
endfacet

facet normal -0.38056 0.423247 -0.822214
outer loop
vertex -22.6197 18.2507 -7.85176
vertex -19.7928 18.3935 -9.08666
vertex -21.9383 15.264 -9.70456
endloop
endfacet

facet normal -0.00937122 -0.734911 -0.678099
outer loop
vertex 15.1955 -5.41782 35.6987
vertex 14.3526 -4.79812 35.0387
vertex 15.9759 -4.55432 34.752
endloop
endfacet

facet normal 0.334491 0.766697 -0.547988
outer loop
vertex 11.2137 22.7288 -7.75826
vertex 9.54061 24.9958 -5.60776
vertex 15.774 21.9605 -6.04966
endloop
endfacet

facet normal 0.222904 -0.334829 -0.915534
outer loop
vertex 8.16801 -9.82212 -27.0024
vertex 10.7116 -11.199 -25.8796
vertex 3.34861 -11.435 -27.586
endloop
endfacet

facet normal -0.0466664 0.745847 -0.664481
outer loop
vertex -28.9993 10.759 2.96334
vertex -27.2056 12.9459 5.29204
vertex -26.8177 9.09788 0.945635
endloop
endfacet

facet normal -0.70144 -0.292456 0.649962
outer loop
vertex -6.06719 -4.23752 34.8554
vertex -2.93789 -5.64222 37.6005
vertex -3.09489 -4.44432 37.9701
endloop
endfacet

facet normal -0.103991 0.445731 -0.889106
outer loop
vertex -20.2193 -11.6488 -16.2095
vertex -17.6054 -12.8805 -17.1327
vertex -14.952 -14.9099 -18.4605
endloop
endfacet

facet normal -0.847243 -0.525878 0.0750452
outer loop
vertex -22.3886 -14.4788 -12.1698
vertex -21.922 -14.2718 -5.45146
vertex -24.4395 -10.4607 -7.16756
endloop
endfacet

facet normal 0.516233 0.849786 -0.10662
outer loop
vertex -22.6401 14.0452 11.5356
vertex -20.6702 13.6323 17.7823
vertex -20.5923 13.1277 14.1374
endloop
endfacet

facet normal 0.116485 -0.916204 0.383407
outer loop
vertex 5.10771 -16.2462 16.4642
vertex 6.85691 -16.7808 14.6553
vertex 6.40571 -15.0085 19.0273
endloop
endfacet

facet normal 0.371087 -0.29941 -0.879004
outer loop
vertex 37.9202 -7.32772 -9.40156
vertex 37.1859 -6.99812 -9.82386
vertex 39.2129 -4.82912 -9.70686
endloop
endfacet

facet normal 0.247181 -0.967473 -0.053831
outer loop
vertex 19.278 0.911581 34.7913
vertex 17.8485 0.594381 33.9272
vertex 18.827 0.908281 32.7792
endloop
endfacet

facet normal -0.148043 0.910904 -0.385146
outer loop
vertex 26.7421 14.083 9.01494
vertex 28.4345 15.211 11.0323
vertex 27.2131 12.6231 5.38124
endloop
endfacet

facet normal -0.472167 0.372588 -0.798897
outer loop
vertex 37.7065 2.60538 1.94624
vertex 37.0082 1.14208 1.67654
vertex 36.7616 2.27278 2.34954
endloop
endfacet

facet normal 0.846554 0.396249 -0.355435
outer loop
vertex 36.8406 1.48858 1.66354
vertex 36.7616 2.27278 2.34954
vertex 37.0082 1.14208 1.67654
endloop
endfacet

facet normal 0.836673 -0.537935 -0.10297
outer loop
vertex -14.8229 -4.46042 -43.3146
vertex -14.6096 -3.68932 -45.6098
vertex -14.1749 -3.39212 -43.6301
endloop
endfacet

facet normal 0.0756719 -0.627225 -0.775153
outer loop
vertex -21.4225 -4.13012 9.72454
vertex -23.6207 -4.82742 10.0741
vertex -25.4951 -2.95152 8.37324
endloop
endfacet

facet normal -0.225746 0.612091 -0.757881
outer loop
vertex 14.3526 -4.79812 35.0387
vertex 16.4526 -3.71432 35.2884
vertex 15.9759 -4.55432 34.752
endloop
endfacet

facet normal -0.142047 -0.988435 -0.053089
outer loop
vertex -18.1465 -6.65052 17.9125
vertex -24.733 -5.43772 12.9541
vertex -20.2436 -6.21962 15.5014
endloop
endfacet

facet normal 0.5493 0.506251 0.664815
outer loop
vertex -4.04089 -16.2914 36.1668
vertex -4.29329 -15.3718 35.6751
vertex -5.34819 -14.8455 36.1459
endloop
endfacet

facet normal -0.0709865 -0.320415 -0.944614
outer loop
vertex 35.5776 -2.85092 -17.8744
vertex 37.0758 -4.29712 -17.4964
vertex 34.3652 -3.13412 -17.6872
endloop
endfacet

facet normal -0.324957 0.182279 -0.927996
outer loop
vertex -17.6054 -12.8805 -17.1327
vertex -15.0548 -13.5044 -18.1484
vertex -14.952 -14.9099 -18.4605
endloop
endfacet

facet normal -0.809788 0.133377 0.571361
outer loop
vertex -7.92349 -9.63112 31.9322
vertex -10.7201 -10.782 28.2373
vertex -9.87799 -11.593 29.6201
endloop
endfacet

facet normal -0.0840436 -0.392434 -0.915932
outer loop
vertex -6.46549 -4.87772 -30.426
vertex -2.91279 -11.9639 -27.7159
vertex -10.9602 -10.3195 -27.682
endloop
endfacet

facet normal -0.987681 0.00161721 -0.156473
outer loop
vertex -28.453 -2.72222 -44.4433
vertex -28.7805 1.09168 -42.337
vertex -28.2738 1.50158 -45.5312
endloop
endfacet

facet normal 0.875636 -0.0409926 0.481228
outer loop
vertex 19.4109 6.20558 1.50004
vertex 18.6154 7.85558 3.08794
vertex 18.3541 6.66528 3.46204
endloop
endfacet

facet normal 0.515823 -0.855027 -0.0534302
outer loop
vertex -40.8254 -6.51162 -4.48026
vertex -43.3516 -7.71452 -9.61816
vertex -42.6273 -7.25182 -10.0313
endloop
endfacet

facet normal 0.732152 -0.281646 -0.620184
outer loop
vertex -35.3914 -6.53662 2.87734
vertex -37.5163 -4.75562 -0.439865
vertex -35.3357 -4.70002 2.10904
endloop
endfacet

facet normal 0.150769 -0.443826 0.883338
outer loop
vertex 23.9619 -7.79122 -46.2844
vertex 22.8397 -8.16662 -46.2815
vertex 23.6339 -9.60042 -47.1375
endloop
endfacet

facet normal 0.420365 -0.105809 -0.901164
outer loop
vertex 17.5278 -12.9167 -17.237
vertex 21.3848 -8.18802 -15.9931
vertex 18.0263 -13.663 -16.9169
endloop
endfacet

facet normal 0.278724 0.607387 0.743904
outer loop
vertex 4.78171 24.1063 -9.13826
vertex 0.475507 23.7625 -7.24416
vertex 4.24211 22.8765 -7.93196
endloop
endfacet

facet normal 0.719822 -0.427994 -0.546513
outer loop
vertex -33.1525 -6.30762 5.31954
vertex -33.7066 -5.06562 3.61704
vertex -32.1501 -3.86802 4.72924
endloop
endfacet

facet normal -0.00818777 -0.997304 0.0729279
outer loop
vertex 14.9137 -5.36122 30.2472
vertex 15.6109 -5.34292 30.5757
vertex 15.8461 -5.27252 31.5649
endloop
endfacet

facet normal 0.284875 0.951389 0.117066
outer loop
vertex 16.3084 14.8272 22.3869
vertex 20.3729 13.8299 20.6005
vertex 17.4318 14.9783 18.4251
endloop
endfacet

facet normal 0.681319 0.435857 0.588076
outer loop
vertex -1.93319 -16.2192 37.3054
vertex -2.54529 -16.7299 38.3932
vertex -1.35039 -17.3221 37.4477
endloop
endfacet

facet normal -0.916345 0.387731 -0.0998811
outer loop
vertex -25.0471 7.25908 -46.1049
vertex -24.6754 7.74098 -47.6443
vertex -26.6422 3.46068 -46.2158
endloop
endfacet

facet normal 0.0739129 -0.700693 -0.709624
outer loop
vertex 0.398007 -14.8382 -24.5329
vertex -2.91279 -11.9639 -27.7159
vertex 3.34861 -11.435 -27.586
endloop
endfacet

facet normal 0.264017 0.798597 -0.540868
outer loop
vertex -37.8934 11.7875 -1.19696
vertex -39.2664 10.3831 -3.94086
vertex -40.8918 9.75648 -5.65946
endloop
endfacet

facet normal 0.920013 -0.0916933 0.38101
outer loop
vertex 18.3275 16.2556 7.64644
vertex 17.364 14.9644 9.66224
vertex 18.8815 13.626 5.67604
endloop
endfacet

facet normal -0.190374 0.868066 -0.458496
outer loop
vertex -2.42239 24.1573 -5.19646
vertex 4.91461 26.1291 -4.50976
vertex 3.71701 24.5945 -6.91776
endloop
endfacet

facet normal 0.732963 -0.239124 0.636855
outer loop
vertex 5.38201 -14.8049 30.5421
vertex 3.73071 -13.4531 32.9502
vertex 4.06611 -15.4172 31.8267
endloop
endfacet

facet normal -0.00138864 0.900804 0.434224
outer loop
vertex 14.9844 12.5811 27.0421
vertex 17.4855 14.0344 24.0352
vertex 16.3084 14.8272 22.3869
endloop
endfacet

facet normal -0.0410372 0.397082 0.916865
outer loop
vertex -9.18209 23.7125 -8.48766
vertex -11.2844 22.9094 -8.23396
vertex -9.27269 22.8002 -8.09656
endloop
endfacet

facet normal -0.296195 -0.571656 -0.765166
outer loop
vertex 10.4141 -3.07752 -46.0836
vertex 13.603 -6.48462 -44.7725
vertex 12.5273 -6.50922 -44.3378
endloop
endfacet

facet normal 0.184654 0.442337 0.877634
outer loop
vertex -15.0505 21.7211 17.3402
vertex -16.6852 22.0188 17.5341
vertex -17.8406 20.8977 18.3422
endloop
endfacet

facet normal -0.463295 -0.271606 -0.843557
outer loop
vertex 7.82741 9.72308 -46.0807
vertex 7.96921 10.464 -46.3971
vertex 10.0294 7.27338 -46.5013
endloop
endfacet

facet normal 0.481933 -0.820038 -0.308672
outer loop
vertex -41.7693 8.66998 -10.5358
vertex -40.5828 8.58688 -8.46256
vertex -41.9025 8.09558 -9.21776
endloop
endfacet

facet normal -0.896987 -0.371682 0.239304
outer loop
vertex -19.6738 -10.3969 10.8474
vertex -18.7747 -9.14582 16.1607
vertex -21.2796 -5.84612 11.8965
endloop
endfacet

facet normal 0.541372 -0.768672 0.340676
outer loop
vertex 34.3742 13.498 9.71684
vertex 35.2436 13.332 7.96054
vertex 35.3454 13.9397 9.17014
endloop
endfacet

facet normal 0.610769 -0.297509 -0.733791
outer loop
vertex -7.66209 15.0374 27.8462
vertex -8.46419 16.0236 26.7787
vertex -8.19769 16.3394 26.8725
endloop
endfacet

facet normal -0.837312 0.50066 0.219656
outer loop
vertex -44.5866 4.98818 -14.2563
vertex -43.8028 6.26718 -14.1836
vertex -45.0613 5.22908 -16.615
endloop
endfacet

facet normal -0.103711 0.248098 -0.963167
outer loop
vertex 36.8993 8.90068 -9.71756
vertex 39.3683 8.04518 -10.2039
vertex 37.3403 7.16698 -10.2117
endloop
endfacet

facet normal -0.565099 0.172543 0.806779
outer loop
vertex -2.78799 6.36688 37.6536
vertex -5.23229 3.61928 36.5291
vertex -2.68929 4.34538 38.1551
endloop
endfacet

facet normal 0.879438 -0.260811 0.398204
outer loop
vertex 40.5922 -4.23682 -9.13596
vertex 39.9364 0.779581 -4.40206
vertex 38.617 -3.50672 -4.29546
endloop
endfacet

facet normal 0.33451 0.583872 0.739728
outer loop
vertex 7.93391 22.3939 -8.45356
vertex 9.31641 22.4714 -9.13986
vertex 6.33171 23.4753 -8.58256
endloop
endfacet

facet normal -0.233709 0.358908 -0.90364
outer loop
vertex 19.457 6.65138 2.70294
vertex 19.4043 10.4718 4.23394
vertex 24.039 8.27988 2.16474
endloop
endfacet

facet normal 0.983103 0.011626 0.182682
outer loop
vertex 18.7207 4.13618 31.8705
vertex 18.8834 3.17568 31.0561
vertex 19.0208 4.49378 30.2326
endloop
endfacet

facet normal -0.872927 -0.486834 -0.031497
outer loop
vertex -15.7783 11.2995 28.4368
vertex -16.7785 13.1215 27.9957
vertex -16.5357 12.7225 27.4333
endloop
endfacet

facet normal -0.464243 -0.674155 -0.57445
outer loop
vertex 8.56281 21.1844 17.1824
vertex 6.95621 22.3899 17.0661
vertex 8.98371 21.3846 16.6073
endloop
endfacet

facet normal -0.832494 0.129576 0.538669
outer loop
vertex -26.9991 7.02228 -14.6405
vertex -24.9039 9.29508 -11.9491
vertex -24.0178 13.1201 -11.4997
endloop
endfacet

facet normal -0.509677 0.72825 0.458128
outer loop
vertex -16.3979 21.4906 13.6014
vertex -15.8601 19.2585 17.7477
vertex -15.2946 20.1438 16.9696
endloop
endfacet

facet normal -0.758535 -0.563839 -0.326664
outer loop
vertex 30.772 -0.270019 -16.1039
vertex 30.3758 -0.0758194 -15.519
vertex 30.4651 0.711081 -17.0848
endloop
endfacet

facet normal 0.363969 -0.876567 -0.314893
outer loop
vertex -35.7962 -4.16682 -5.83386
vertex -37.4926 -5.52912 -4.00256
vertex -37.5062 -5.31582 -4.61206
endloop
endfacet

facet normal 0.220216 -0.857451 -0.465061
outer loop
vertex -28.6605 -4.06342 1.22404
vertex -30.1598 -3.67992 -0.192865
vertex -26.9602 -3.19362 0.425535
endloop
endfacet

facet normal 0.201239 0.94141 -0.270647
outer loop
vertex 14.9442 17.4291 -18.4097
vertex 17.011 13.4662 -30.6573
vertex 14.7604 14.752 -27.8582
endloop
endfacet

facet normal -0.146528 0.0746196 0.986388
outer loop
vertex -20.2081 -13.0765 -46.1086
vertex -22.512 -13.736 -46.401
vertex -20.3536 -14.1736 -46.0472
endloop
endfacet

facet normal -0.317004 0.0527153 0.946958
outer loop
vertex 33.1936 10.6607 10.0141
vertex 31.6998 4.32208 9.86694
vertex 32.2938 4.17228 10.0741
endloop
endfacet

facet normal 0.505674 -0.338292 -0.793632
outer loop
vertex -33.2981 -2.57332 -4.51506
vertex -31.523 2.22688 -5.43026
vertex -31.7007 -1.89422 -3.78676
endloop
endfacet

facet normal 0.113939 0.0136015 0.993395
outer loop
vertex 17.4602 2.05778 37.4067
vertex 15.5583 2.13288 37.6238
vertex 17.354 0.801781 37.436
endloop
endfacet

facet normal -0.504501 0.4914 0.709933
outer loop
vertex -2.78799 6.36688 37.6536
vertex -2.51779 8.71138 36.2228
vertex -6.23859 7.70248 34.277
endloop
endfacet

facet normal -0.82163 0.076375 0.564882
outer loop
vertex 30.0644 9.39098 13.5463
vertex 28.9581 4.56738 12.5894
vertex 29.5987 2.54488 13.7946
endloop
endfacet

facet normal -0.141053 0.97444 -0.174846
outer loop
vertex -2.17249 25.4292 -2.69286
vertex 4.36221 26.337 -2.90546
vertex 4.91461 26.1291 -4.50976
endloop
endfacet

facet normal -0.100655 0.823038 0.558996
outer loop
vertex 2.41181 16.214 25.961
vertex 1.73241 14.8716 27.8152
vertex 3.79831 15.726 26.9293
endloop
endfacet

facet normal -0.0432498 -0.274695 0.960558
outer loop
vertex -20.2081 -13.0765 -46.1086
vertex -22.9943 -10.0835 -45.3781
vertex -22.512 -13.736 -46.401
endloop
endfacet

facet normal 0.0020741 0.240888 0.970551
outer loop
vertex -1.66909 4.36908 38.147
vertex -2.78799 6.36688 37.6536
vertex -2.68929 4.34538 38.1551
endloop
endfacet

facet normal 0.614338 0.04436 0.787795
outer loop
vertex 3.69211 16.9076 27.6328
vertex 4.37471 19.0679 26.9789
vertex 3.32551 17.9674 27.8591
endloop
endfacet

facet normal 0.557369 -0.218963 -0.800872
outer loop
vertex 6.05721 -17.3008 21.9285
vertex 5.43691 -16.0806 21.1632
vertex 7.35321 -15.3557 22.2986
endloop
endfacet

facet normal -0.10956 -0.851676 0.512489
outer loop
vertex -6.98589 -20.0073 9.31074
vertex -1.23499 -21.2262 8.51464
vertex -3.67029 -18.0582 13.2587
endloop
endfacet

facet normal 0.0265248 -0.385397 0.922369
outer loop
vertex -27.9023 -10.251 -47.266
vertex -27.1253 -8.27032 -46.4607
vertex -28.4675 -9.67522 -47.0091
endloop
endfacet

facet normal 0.571548 -0.623468 0.533498
outer loop
vertex 38.7639 12.0377 1.51454
vertex 38.916 13.5274 3.09244
vertex 37.8338 13.0329 3.67404
endloop
endfacet

facet normal -0.841475 -0.348259 -0.413081
outer loop
vertex -8.67029 -16.552 15.345
vertex -7.92629 -18.4297 15.4126
vertex -10.4921 -15.2526 17.9607
endloop
endfacet

facet normal 0.376145 0.151419 0.914105
outer loop
vertex 0.860707 -14.0138 34.983
vertex 1.52761 -11.6533 34.3176
vertex 0.129407 -10.4223 34.689
endloop
endfacet

facet normal -0.0174412 -0.407632 -0.91298
outer loop
vertex -16.4228 -5.82912 -44.9185
vertex -16.8869 -4.15152 -45.6586
vertex -15.0866 -3.48172 -45.9921
endloop
endfacet

facet normal 0.7556 -0.377796 -0.535106
outer loop
vertex -39.2462 -5.37922 -2.84616
vertex -37.8141 -5.38782 -0.817865
vertex -39.7822 -6.88742 -2.53826
endloop
endfacet

facet normal 0.580244 -0.697703 0.420152
outer loop
vertex 32.2236 -2.23052 10.8227
vertex 29.2435 -5.85532 8.91904
vertex 33.7389 -5.22082 3.76444
endloop
endfacet

facet normal 0.754629 0.489535 0.436911
outer loop
vertex 23.5464 12.3082 17.77
vertex 19.7743 11.5638 25.1192
vertex 24.3568 10.2032 18.7287
endloop
endfacet

facet normal -0.423453 -0.817295 0.39079
outer loop
vertex -0.462993 -26.3337 22.5344
vertex 0.0274074 -26.1855 23.3757
vertex -0.368693 -25.8169 23.7175
endloop
endfacet

facet normal -0.991053 -0.131694 0.0216794
outer loop
vertex -16.7785 13.1215 27.9957
vertex -17.0887 15.2723 26.8819
vertex -17.0171 14.6569 26.4131
endloop
endfacet

facet normal 0.680154 -0.719951 0.138063
outer loop
vertex 17.369 -3.81952 30.2225
vertex 16.1225 -5.35872 28.3372
vertex 20.7243 -2.39482 21.1226
endloop
endfacet

facet normal -0.600134 -0.397456 0.694167
outer loop
vertex -6.62919 -15.2558 33.5154
vertex -6.84379 -14.3981 33.821
vertex -8.02249 -13.8551 33.1128
endloop
endfacet

facet normal 0.210347 -0.940558 0.266653
outer loop
vertex 29.7662 -4.89902 3.18144
vertex 29.5579 -4.51542 4.69894
vertex 26.7784 -4.80862 5.85714
endloop
endfacet

facet normal -0.784162 0.618465 -0.0509042
outer loop
vertex -25.1558 10.9847 -28.79
vertex -26.2714 9.95898 -24.0658
vertex -22.9446 14.7106 -17.5846
endloop
endfacet

facet normal -0.926332 0.0193463 -0.37621
outer loop
vertex -43.7531 0.695681 -16.6085
vertex -44.3122 3.47388 -15.0891
vertex -43.0494 1.38098 -18.306
endloop
endfacet

facet normal -0.539621 0.604664 0.585825
outer loop
vertex -18.2772 10.8361 26.616
vertex -13.9661 9.82758 31.628
vertex -15.0599 10.7512 29.6672
endloop
endfacet

facet normal -0.623346 -0.235085 -0.745771
outer loop
vertex 25.3856 -1.92432 -1.65146
vertex 21.7906 1.08318 0.405335
vertex 28.8776 2.45568 -5.95086
endloop
endfacet

facet normal -0.353923 0.93315 -0.062997
outer loop
vertex -17.4501 -17.5702 6.13634
vertex -13.2692 -15.8446 8.20824
vertex -15.7012 -17.0703 3.71544
endloop
endfacet

facet normal 0.548661 -0.562066 -0.618912
outer loop
vertex -40.8889 -5.84082 -11.5278
vertex -40.8681 -4.58802 -12.6471
vertex -39.5156 -4.64372 -11.3975
endloop
endfacet

facet normal -0.800872 0.525613 0.28694
outer loop
vertex -42.9399 8.61658 3.19124
vertex -39.6846 10.5396 8.75454
vertex -46.0733 7.57578 -3.64786
endloop
endfacet

facet normal 0.374572 0.890145 -0.259495
outer loop
vertex 11.9317 17.5034 -22.5033
vertex 14.9442 17.4291 -18.4097
vertex 14.7604 14.752 -27.8582
endloop
endfacet

facet normal -0.425562 0.887009 -0.179199
outer loop
vertex 15.5122 13.4955 15.6444
vertex 17.4318 14.9783 18.4251
vertex 17.7052 14.4642 15.2312
endloop
endfacet

facet normal -0.412521 0.909085 -0.0582214
outer loop
vertex 14.9162 12.9489 11.3327
vertex 15.5122 13.4955 15.6444
vertex 17.7052 14.4642 15.2312
endloop
endfacet

facet normal 0.811221 0.380867 -0.44369
outer loop
vertex 20.4212 7.80698 -47.7401
vertex 24.323 -1.40032 -48.51
vertex 19.9832 7.78578 -48.5591
endloop
endfacet

facet normal -0.611005 0.338434 -0.715636
outer loop
vertex 24.3003 4.25918 -1.95926
vertex 25.6612 7.19138 -1.73446
vertex 29.7361 5.96498 -5.79366
endloop
endfacet

facet normal 0.766311 -0.303986 0.566003
outer loop
vertex -16.7171 -6.83732 -46.6581
vertex -17.9417 -6.50492 -44.8216
vertex -19.1023 -10.647 -45.4749
endloop
endfacet

facet normal -0.993027 -0.0391168 0.111204
outer loop
vertex -45.8739 0.751281 -1.35486
vertex -46.3895 6.61718 -3.89526
vertex -45.7112 -4.83012 -1.86506
endloop
endfacet

facet normal 0.358208 0.862515 -0.357426
outer loop
vertex 16.4453 11.7438 -48.7041
vertex 15.002 12.5432 -48.2217
vertex 17.3066 11.7253 -47.8855
endloop
endfacet

facet normal 0.0904434 -0.986496 0.136546
outer loop
vertex 9.14321 -15.1322 -20.3735
vertex 7.81511 -15.0821 -19.1314
vertex 6.26371 -15.2452 -19.2824
endloop
endfacet

facet normal -0.150471 -0.937418 0.314015
outer loop
vertex -11.0487 -13.9737 21.512
vertex -11.7629 -16.0675 14.9193
vertex -10.4921 -15.2526 17.9607
endloop
endfacet

facet normal 0.63101 0.753976 0.182609
outer loop
vertex 11.1201 21.7671 -10.1202
vertex 12.4099 20.5259 -9.45196
vertex 15.3034 18.5019 -11.0938
endloop
endfacet

facet normal -0.0884737 -0.802687 0.589802
outer loop
vertex -7.27459 -24.0887 3.71294
vertex -1.23499 -21.2262 8.51464
vertex -6.98589 -20.0073 9.31074
endloop
endfacet

facet normal 0.432221 -0.474161 0.767044
outer loop
vertex 16.7812 -3.26852 33.7705
vertex 17.0634 -0.476219 35.3375
vertex 14.8196 -1.77402 35.7996
endloop
endfacet

facet normal 0.773163 0.109587 -0.624668
outer loop
vertex -38.4682 0.0624806 -11.2523
vertex -35.1609 0.357381 -7.10696
vertex -36.253 -4.84932 -9.37216
endloop
endfacet

facet normal 0.846306 0.19139 -0.497127
outer loop
vertex -36.8381 -4.40142 -10.1959
vertex -38.4682 0.0624806 -11.2523
vertex -36.253 -4.84932 -9.37216
endloop
endfacet

facet normal 0.341066 -0.913742 0.220792
outer loop
vertex 2.65691 -23.1623 23.7279
vertex 1.71111 -23.7402 22.7975
vertex 2.60211 -23.4317 22.6978
endloop
endfacet

facet normal -0.0399694 0.0822812 0.995807
outer loop
vertex -15.0505 21.7211 17.3402
vertex -13.2356 21.6824 17.4162
vertex -14.1761 23.0561 17.265
endloop
endfacet

facet normal -0.837765 0.0462363 -0.54407
outer loop
vertex 31.011 4.09388 -8.40576
vertex 33.1513 4.63538 -11.6554
vertex 32.6404 0.347381 -11.2332
endloop
endfacet

facet normal 0.487734 -0.862468 -0.135146
outer loop
vertex 37.8109 -4.87732 -13.882
vertex 35.9963 -5.43242 -16.8881
vertex 37.901 -4.36572 -16.822
endloop
endfacet

facet normal 0.254854 0.199451 -0.946186
outer loop
vertex 9.64001 -14.7852 -18.7049
vertex 11.8002 -13.8538 -17.9267
vertex 12.3464 -14.1767 -17.8477
endloop
endfacet

facet normal 0.580095 -0.70833 0.402191
outer loop
vertex 9.99541 -16.0803 12.944
vertex 9.29451 -14.6462 16.4807
vertex 7.15731 -15.8906 17.3715
endloop
endfacet

facet normal 0.852629 0.356342 0.382158
outer loop
vertex 14.2348 18.9995 20.2672
vertex 14.4299 17.3165 21.4013
vertex 14.8857 18.4024 19.3717
endloop
endfacet

facet normal 0.974804 -0.219042 -0.0421739
outer loop
vertex 17.8311 -0.728719 33.7282
vertex 17.3685 -2.33512 31.3778
vertex 18.0426 0.599381 31.7176
endloop
endfacet

facet normal -0.107235 0.894832 -0.433331
outer loop
vertex -5.34839 -14.641 35.0824
vertex -5.95859 -14.807 34.8906
vertex -5.94399 -14.3746 35.78
endloop
endfacet

facet normal 0.372147 -0.757581 0.536263
outer loop
vertex -33.5054 -6.13202 7.06684
vertex -32.3398 -5.82962 6.68514
vertex -33.1974 -5.40522 7.87984
endloop
endfacet

facet normal 0.631345 -0.775424 0.0110309
outer loop
vertex 15.8954 13.7382 10.7707
vertex 15.5122 13.4955 15.6444
vertex 14.9162 12.9489 11.3327
endloop
endfacet

facet normal 0.871634 -0.345555 -0.347628
outer loop
vertex -40.3974 -1.23152 -14.8034
vertex -38.4682 0.0624806 -11.2523
vertex -40.8681 -4.58802 -12.6471
endloop
endfacet

facet normal 0.956873 -0.216988 0.193157
outer loop
vertex -18.8399 -12.9978 -46.4964
vertex -18.4415 -12.3105 -47.6979
vertex -18.1474 -10.1054 -46.6775
endloop
endfacet

facet normal 0.908863 -0.414017 0.0505725
outer loop
vertex 28.6231 -3.27732 15.7636
vertex 29.6653 -1.52312 11.3944
vertex 30.0506 -0.300219 14.4811
endloop
endfacet

facet normal 0.279531 0.827021 0.487749
outer loop
vertex 9.00821 20.3915 18.2276
vertex 6.74781 18.3678 22.9543
vertex 10.8722 17.6357 21.832
endloop
endfacet

facet normal 0.478904 -0.811131 -0.335734
outer loop
vertex -36.5923 -6.98982 2.25924
vertex -39.7822 -6.88742 -2.53826
vertex -35.3914 -6.53662 2.87734
endloop
endfacet

facet normal 0.526206 0.380287 -0.760585
outer loop
vertex -29.1281 5.97488 -3.88366
vertex -27.2726 4.97638 -3.09916
vertex -28.2215 3.86718 -4.31016
endloop
endfacet

facet normal -0.903068 0.393138 0.172947
outer loop
vertex -12.0234 -13.5335 24.1741
vertex -11.7103 -13.495 25.7216
vertex -11.7479 -12.9599 24.3092
endloop
endfacet

facet normal -0.543759 0.702441 -0.459241
outer loop
vertex -6.26339 -13.6154 34.331
vertex -6.84379 -14.3981 33.821
vertex -6.75139 -13.7246 34.7417
endloop
endfacet

facet normal 0.0161483 -0.846624 -0.531947
outer loop
vertex -2.04229 -28.0399 19.9994
vertex -3.18519 -27.2859 18.7647
vertex -0.750093 -27.4231 19.057
endloop
endfacet

facet normal -0.882495 -0.0509463 -0.467554
outer loop
vertex -43.9171 -4.77712 -15.6984
vertex -43.7284 -2.36902 -16.3168
vertex -43.2905 -4.12972 -16.9516
endloop
endfacet

facet normal 0.0551164 0.201604 -0.977915
outer loop
vertex 21.9787 2.57618 -15.1226
vertex 22.0225 -0.622219 -15.7795
vertex 21.1223 -0.0452194 -15.7113
endloop
endfacet

facet normal 0.886271 -0.459831 0.0554901
outer loop
vertex 23.4108 -8.51982 -10.3299
vertex 25.6802 -4.44842 -12.8366
vertex 25.8968 -3.67622 -9.89716
endloop
endfacet

facet normal 0.630279 0.757171 0.171582
outer loop
vertex -14.3302 12.2348 -46.3502
vertex -15.9035 13.1902 -44.7872
vertex -12.2373 10.5039 -46.4003
endloop
endfacet

facet normal -0.750072 -0.618342 0.234617
outer loop
vertex 24.2168 -5.73312 7.41554
vertex 23.7012 -4.77202 8.30004
vertex 23.2649 -4.29812 8.15384
endloop
endfacet

facet normal -0.922362 -0.0311528 -0.385069
outer loop
vertex 28.8776 2.45568 -5.95086
vertex 29.2714 2.09608 -6.86516
vertex 29.1306 -2.94712 -6.11986
endloop
endfacet

facet normal 0.818396 -0.0911296 0.567383
outer loop
vertex 12.123 15.6124 24.3054
vertex 14.358 16.4262 21.2124
vertex 13.5606 17.3599 22.5125
endloop
endfacet

facet normal 0.376983 -0.726615 -0.574382
outer loop
vertex 35.5776 -2.85092 -17.8744
vertex 37.1199 -1.16832 -18.9908
vertex 37.4154 -2.49252 -17.1216
endloop
endfacet

facet normal 0.811664 -0.252288 0.526832
outer loop
vertex 22.6296 0.466981 21.6213
vertex 25.9288 3.81058 18.1395
vertex 22.394 3.58968 23.4796
endloop
endfacet

facet normal 0.024464 0.999578 0.0156786
outer loop
vertex 15.5583 2.13288 37.6238
vertex 18.6766 2.07668 36.3401
vertex 17.4268 2.11208 36.0301
endloop
endfacet

facet normal 0.321428 -0.903001 -0.285085
outer loop
vertex -26.5656 -2.76622 6.57954
vertex -25.4951 -2.95152 8.37324
vertex -27.4738 -3.11422 6.65774
endloop
endfacet

facet normal 0.821189 -0.495568 -0.28295
outer loop
vertex -40.3662 7.32438 -5.62286
vertex -40.5828 8.58688 -8.46256
vertex -38.7583 9.35668 -4.51566
endloop
endfacet

facet normal 0.706929 -0.704995 -0.0568617
outer loop
vertex 16.921 -9.95952 -17.1969
vertex 15.0668 -11.5524 -20.4997
vertex 20.2725 -6.20602 -22.0672
endloop
endfacet

facet normal 0.717773 0.644659 0.263091
outer loop
vertex 19.4181 12.9033 -35.8451
vertex 17.011 13.4662 -30.6573
vertex 20.6288 10.9331 -34.3206
endloop
endfacet

facet normal 0.372827 0.924038 0.0845827
outer loop
vertex -42.9723 6.58638 -14.4187
vertex -42.3392 6.52808 -16.5726
vertex -43.3315 7.01428 -17.5108
endloop
endfacet

facet normal -0.156554 -0.205689 0.966014
outer loop
vertex 32.8208 -5.72462 -14.7102
vertex 31.0659 -6.06882 -15.0679
vertex 31.6298 -6.35802 -15.0381
endloop
endfacet

facet normal 0.644763 -0.0829159 0.759872
outer loop
vertex 9.86481 10.6939 30.5933
vertex 12.1965 12.4931 28.8111
vertex 11.3734 12.9149 29.5556
endloop
endfacet

facet normal -0.478454 -0.282757 0.831342
outer loop
vertex -16.8823 1.04578 35.0403
vertex -17.6964 -1.87832 33.5772
vertex -14.5736 -0.659219 35.789
endloop
endfacet

facet normal 0.243186 0.179201 -0.953283
outer loop
vertex -14.2152 7.66928 -46.5484
vertex -12.5386 8.18208 -46.0243
vertex -12.6213 4.82928 -46.6757
endloop
endfacet

facet normal -0.47959 -0.367263 -0.796939
outer loop
vertex 6.97851 18.2187 24.6862
vertex 5.74761 17.1399 25.9241
vertex 6.58651 19.3858 24.3842
endloop
endfacet

facet normal 0.243896 0.377775 -0.893197
outer loop
vertex -35.4325 7.35938 -5.78516
vertex -34.3842 6.33178 -5.93356
vertex -35.9505 4.76478 -7.02406
endloop
endfacet

facet normal -0.508459 -0.172568 -0.843617
outer loop
vertex -45.7391 3.67388 -10.2407
vertex -45.0738 6.05958 -11.1298
vertex -45.471 3.25898 -10.3175
endloop
endfacet

facet normal 0.0592011 -0.983462 0.171166
outer loop
vertex 33.1465 -7.20672 -10.6347
vertex 31.9831 -6.86482 -8.26786
vertex 31.1857 -7.17122 -9.75266
endloop
endfacet

facet normal -0.156973 -0.512274 0.844354
outer loop
vertex 18.7606 -9.60732 -45.0183
vertex 18.7662 -12.5965 -46.8309
vertex 19.2461 -12.2909 -46.5563
endloop
endfacet

facet normal 0.104407 -0.515515 0.850496
outer loop
vertex 17.6484 -10.2018 -45.2422
vertex 18.7662 -12.5965 -46.8309
vertex 18.7606 -9.60732 -45.0183
endloop
endfacet

facet normal 0.320691 0.922537 0.214667
outer loop
vertex 16.3084 14.8272 22.3869
vertex 17.4855 14.0344 24.0352
vertex 20.3729 13.8299 20.6005
endloop
endfacet

facet normal 0.0559493 -0.530625 -0.845758
outer loop
vertex -6.77399 14.6307 28.0387
vertex -8.19769 16.3394 26.8725
vertex -8.79639 19.1035 25.0987
endloop
endfacet

facet normal 0.150755 0.187876 -0.970554
outer loop
vertex -34.4643 7.20938 -5.01926
vertex -33.2842 7.40398 -4.79836
vertex -32.6214 2.10508 -5.72106
endloop
endfacet

facet normal 0.933356 -0.323061 -0.156457
outer loop
vertex -12.9117 0.253181 -43.6215
vertex -14.1749 -3.39212 -43.6301
vertex -14.6096 -3.68932 -45.6098
endloop
endfacet

facet normal -0.608951 -0.718116 -0.336879
outer loop
vertex 29.1306 -2.94712 -6.11986
vertex 29.3594 -4.02722 -4.23086
vertex 27.7095 -2.72892 -4.01596
endloop
endfacet

facet normal 0.0999164 0.798258 0.59397
outer loop
vertex 17.1 7.87338 34.6699
vertex 14.6591 7.87568 35.0775
vertex 16.6201 7.09958 35.7906
endloop
endfacet

facet normal -0.175722 -0.936825 -0.302457
outer loop
vertex 16.4451 -6.79042 -40.1499
vertex 10.7898 -5.73782 -40.1244
vertex 12.5571 -5.43772 -42.0809
endloop
endfacet

facet normal 0.811266 0.0302899 0.583892
outer loop
vertex -14.5565 16.427 25.571
vertex -15.3077 17.0744 26.5812
vertex -15.8155 15.162 27.3859
endloop
endfacet

facet normal -0.394412 -0.170642 0.902951
outer loop
vertex -14.1761 23.0561 17.265
vertex -13.2356 21.6824 17.4162
vertex -11.2344 23.0903 18.5564
endloop
endfacet

facet normal -0.903795 -0.350623 -0.245394
outer loop
vertex 32.1736 -5.30752 0.359935
vertex 31.8646 -4.96442 1.00774
vertex 32.1277 -4.99052 0.0759352
endloop
endfacet

facet normal -0.795955 0.568804 -0.207165
outer loop
vertex -22.7274 10.7787 -46.7882
vertex -23.1661 9.56968 -48.4221
vertex -24.6754 7.74098 -47.6443
endloop
endfacet

facet normal 0.636151 -0.754074 0.163356
outer loop
vertex 2.60211 -23.4317 22.6978
vertex 3.61931 -22.4453 23.29
vertex 2.65691 -23.1623 23.7279
endloop
endfacet

facet normal -0.224872 -0.601928 -0.766234
outer loop
vertex 30.0458 -7.66842 2.28074
vertex 28.5323 -8.14912 3.10254
vertex 28.4392 -7.24992 2.42344
endloop
endfacet

facet normal -0.965714 0.228124 -0.123922
outer loop
vertex -28.7805 1.09168 -42.337
vertex -27.7358 3.50708 -46.0312
vertex -28.2738 1.50158 -45.5312
endloop
endfacet

facet normal 0.456385 0.473346 0.75343
outer loop
vertex 0.876807 11.9192 30.892
vertex -1.17229 15.8699 29.6512
vertex -1.61339 11.6479 32.5709
endloop
endfacet

facet normal 0.413936 -0.703282 -0.577972
outer loop
vertex 37.0758 -4.29712 -17.4964
vertex 37.901 -4.36572 -16.822
vertex 35.9963 -5.43242 -16.8881
endloop
endfacet

facet normal -0.808901 -0.578295 0.106086
outer loop
vertex -20.5301 -10.8572 -17.0457
vertex -23.7594 -6.38242 -17.2757
vertex -24.6665 -6.27512 -23.6079
endloop
endfacet

facet normal 0.898394 0.0326336 0.437976
outer loop
vertex 21.6212 9.39738 -13.6166
vertex 21.5913 8.61688 -13.4972
vertex 22.8966 3.56998 -15.7987
endloop
endfacet

facet normal 0.207291 -0.978279 0.000946505
outer loop
vertex 11.2328 -7.51972 27.0143
vertex 12.2236 -7.31412 22.5075
vertex 13.5591 -7.02642 27.4363
endloop
endfacet

facet normal 0.644357 -0.728187 -0.233554
outer loop
vertex 0.120607 -23.5737 27.6864
vertex -0.110093 -23.5643 27.0206
vertex 0.744207 -22.8375 27.1114
endloop
endfacet

facet normal 0.612251 -0.784704 -0.0968938
outer loop
vertex 14.5725 -5.83892 31.9599
vertex 13.2464 -6.65022 30.1512
vertex 14.9137 -5.36122 30.2472
endloop
endfacet

facet normal -0.584485 -0.165202 -0.794409
outer loop
vertex 30.4878 -4.66482 -15.9541
vertex 32.5386 -4.96802 -17.3999
vertex 31.4851 -5.94402 -16.4218
endloop
endfacet

facet normal 0.431344 -0.467086 0.771864
outer loop
vertex 21.7069 -9.99892 -46.3017
vertex 23.6339 -9.60042 -47.1375
vertex 22.6693 -8.81702 -46.1244
endloop
endfacet

facet normal 0.717894 0.153796 0.678951
outer loop
vertex -6.83819 15.7924 29.5157
vertex -6.53219 12.7208 29.8879
vertex -6.03369 15.5585 28.718
endloop
endfacet

facet normal 0.0766333 0.316008 -0.945656
outer loop
vertex -18.7811 12.4867 -48.2386
vertex -16.4355 11.2898 -48.4485
vertex -20.7156 11.7412 -48.6445
endloop
endfacet

facet normal 0.36241 0.729584 -0.579971
outer loop
vertex -28.1469 8.36118 0.926635
vertex -25.3006 6.09978 -0.139665
vertex -26.1441 5.54748 -1.36146
endloop
endfacet

facet normal 0.249146 0.588394 0.769233
outer loop
vertex 9.48081 9.69468 32.0195
vertex 12.8605 6.87758 33.0797
vertex 12.4943 8.25468 32.1449
endloop
endfacet

facet normal 0.282314 0.615589 0.735764
outer loop
vertex 12.8605 6.87758 33.0797
vertex 9.48081 9.69468 32.0195
vertex 11.5215 6.77208 33.6817
endloop
endfacet

facet normal 0.990479 0.13533 0.0252312
outer loop
vertex 23.0121 6.13798 -16.4598
vertex 23.8664 1.84468 -26.97
vertex 23.0063 8.08598 -26.6823
endloop
endfacet

facet normal -0.183095 -0.0843615 0.979469
outer loop
vertex 31.5075 -3.91902 -14.8002
vertex 31.0659 -6.06882 -15.0679
vertex 32.8208 -5.72462 -14.7102
endloop
endfacet

facet normal -0.831348 0.545869 0.104344
outer loop
vertex -23.9615 17.3993 -0.266565
vertex -22.3158 19.8319 0.119135
vertex -22.3272 20.5914 -3.94516
endloop
endfacet

facet normal 0.409981 -0.633019 0.65666
outer loop
vertex 17.8127 -6.21582 -40.6571
vertex 19.7028 -8.03172 -43.5877
vertex 21.4676 -3.09882 -39.9342
endloop
endfacet

facet normal 0.714694 0.440149 0.543582
outer loop
vertex 11.9613 -3.00992 14.7615
vertex 11.5235 -3.78772 15.9669
vertex 12.5045 -5.35042 15.9425
endloop
endfacet

facet normal -0.864566 0.0765162 -0.496661
outer loop
vertex 29.6493 -1.33522 -6.87176
vertex 30.1052 3.15698 -6.97336
vertex 31.011 4.09388 -8.40576
endloop
endfacet

facet normal 0.351352 0.86399 0.360658
outer loop
vertex 1.80311 -9.20992 33.2913
vertex 1.74221 -8.87332 32.5445
vertex -0.605893 -8.62962 34.2481
endloop
endfacet

facet normal -0.814823 0.323872 -0.480802
outer loop
vertex 33.7878 13.899 9.45184
vertex 34.735 14.1129 7.99054
vertex 34.3257 11.7561 7.09674
endloop
endfacet

facet normal -0.0433275 -0.0745536 0.996275
outer loop
vertex -15.5283 20.3586 17.2175
vertex -13.2356 21.6824 17.4162
vertex -15.0505 21.7211 17.3402
endloop
endfacet

facet normal 0.223665 -0.974588 -0.0123163
outer loop
vertex 19.278 0.911581 34.7913
vertex 18.2222 0.654381 35.9715
vertex 17.8485 0.594381 33.9272
endloop
endfacet

facet normal 0.156977 -0.975636 0.153269
outer loop
vertex 13.5591 -7.02642 27.4363
vertex 13.2464 -6.65022 30.1512
vertex 11.4915 -6.97132 29.9045
endloop
endfacet

facet normal 0.862116 0.133641 0.48877
outer loop
vertex 23.4178 8.28218 21.3459
vertex 25.9288 3.81058 18.1395
vertex 28.9581 4.56738 12.5894
endloop
endfacet

facet normal -0.975334 -0.14473 0.166665
outer loop
vertex 24.2772 -5.92492 10.6693
vertex 24.5626 -5.65882 12.5704
vertex 23.7012 -4.77202 8.30004
endloop
endfacet

facet normal -0.864117 -0.380336 -0.329616
outer loop
vertex 5.89811 0.715081 -38.7379
vertex 6.38681 -3.40522 -35.2647
vertex 4.75431 0.347881 -35.3157
endloop
endfacet

facet normal -0.817453 0.517739 -0.252423
outer loop
vertex 31.8833 1.36608 11.4906
vertex 32.7452 1.18168 8.32144
vertex 31.6198 -0.453119 8.61264
endloop
endfacet

facet normal 0.306734 0.424709 0.851785
outer loop
vertex -40.3974 -1.23152 -14.8034
vertex -39.7493 2.25678 -16.7761
vertex -40.8994 3.08718 -16.776
endloop
endfacet

facet normal -0.0388219 -0.882671 0.468385
outer loop
vertex -3.67029 -18.0582 13.2587
vertex -5.74659 -17.8167 13.5417
vertex -6.98589 -20.0073 9.31074
endloop
endfacet

facet normal 0.00664747 0.96576 -0.259351
outer loop
vertex 21.8368 12.5856 8.34194
vertex 16.4232 13.1051 10.1377
vertex 17.7052 14.4642 15.2312
endloop
endfacet

facet normal -0.265299 -0.919989 -0.288507
outer loop
vertex 30.0458 -7.66842 2.28074
vertex 28.4392 -7.24992 2.42344
vertex 29.6374 -7.12452 0.921835
endloop
endfacet

facet normal -0.320555 0.0293653 -0.946775
outer loop
vertex -18.984 -11.5744 -16.6255
vertex -17.6054 -12.8805 -17.1327
vertex -20.2193 -11.6488 -16.2095
endloop
endfacet

facet normal -0.245301 0.730224 -0.637653
outer loop
vertex 11.2583 -15.7531 -19.2342
vertex 12.3464 -14.1767 -17.8477
vertex 16.4601 -11.4833 -16.3457
endloop
endfacet

facet normal -0.269995 -0.962355 -0.0312509
outer loop
vertex -17.1639 -6.98742 19.7988
vertex -18.1465 -6.65052 17.9125
vertex -17.3718 -6.87162 18.028
endloop
endfacet

facet normal 0.190213 0.338718 0.92146
outer loop
vertex 33.7263 2.55788 -16.9246
vertex 32.6111 2.10188 -16.5268
vertex 32.6155 -0.204319 -15.6799
endloop
endfacet

facet normal -0.575959 0.399594 -0.713159
outer loop
vertex 10.1354 8.85158 -48.1011
vertex 12.3799 12.2073 -48.0335
vertex 12.7705 11.434 -48.7822
endloop
endfacet

facet normal 0.279192 0.344298 0.896388
outer loop
vertex -24.0986 -9.79762 -15.1556
vertex -24.0796 -12.0136 -14.3103
vertex -21.7218 -11.6466 -15.1857
endloop
endfacet

facet normal 0.22583 -0.724234 -0.651526
outer loop
vertex -15.5283 20.3586 17.2175
vertex -16.7811 19.374 17.8777
vertex -16.8169 20.9582 16.1043
endloop
endfacet

facet normal 0.424968 -0.637305 -0.642841
outer loop
vertex 20.2232 -13.1161 -48.3203
vertex 21.8064 -11.788 -48.5904
vertex 21.4865 -12.8025 -47.7961
endloop
endfacet

facet normal -0.00439999 0.189464 -0.981878
outer loop
vertex -2.73189 -18.952 -20.2868
vertex 7.61041 -21.3638 -20.7985
vertex -10.9377 -22.0257 -20.8431
endloop
endfacet

facet normal -0.314396 -0.376741 0.871333
outer loop
vertex 13.3631 -1.32292 35.8916
vertex 11.9113 -1.14602 35.4442
vertex 11.8964 -2.28662 34.9456
endloop
endfacet

facet normal -0.98744 0.157556 0.0117813
outer loop
vertex 29.2541 -4.66092 -4.58346
vertex 29.3594 -4.02722 -4.23086
vertex 29.106 -5.39012 -7.24666
endloop
endfacet

facet normal 0.300055 -0.587695 -0.751387
outer loop
vertex 1.49321 -20.1643 14.2851
vertex -2.11549 -25.6632 17.145
vertex -2.00559 -21.3469 13.813
endloop
endfacet

facet normal -0.252104 -0.672906 0.695443
outer loop
vertex -12.1641 -14.5869 -19.8693
vertex -9.17799 -15.1457 -19.3275
vertex -10.7777 -14.0848 -18.8809
endloop
endfacet

facet normal -0.802711 0.55587 0.216015
outer loop
vertex 17.2165 -2.67712 33.8663
vertex 16.7812 -3.26852 33.7705
vertex 16.6833 -3.69702 34.5095
endloop
endfacet

facet normal -0.728137 -0.669634 -0.146311
outer loop
vertex -43.9171 -4.77712 -15.6984
vertex -44.9541 -4.87872 -10.0726
vertex -45.5484 -4.23972 -10.0391
endloop
endfacet

facet normal 0.395461 -0.866315 -0.305139
outer loop
vertex -14.8229 -4.46042 -43.3146
vertex -11.3559 -3.20852 -42.3752
vertex -15.4601 -5.90622 -40.0354
endloop
endfacet

facet normal 0.503701 -0.259061 -0.82412
outer loop
vertex -6.55569 17.5706 26.9501
vertex -6.11319 15.8711 27.7548
vertex -8.79639 19.1035 25.0987
endloop
endfacet

facet normal 0.760116 0.594473 -0.262346
outer loop
vertex 17.3066 11.7253 -47.8855
vertex 18.7249 10.4514 -46.6629
vertex 20.4212 7.80698 -47.7401
endloop
endfacet

facet normal 0.84207 0.529616 0.102106
outer loop
vertex 18.5657 19.8606 -4.79446
vertex 18.7531 18.7388 -0.520665
vertex 20.5336 16.6799 -4.52506
endloop
endfacet

facet normal 0.845096 0.483681 -0.227738
outer loop
vertex 30.5988 9.29158 7.22484
vertex 28.7268 13.3215 8.83694
vertex 30.0638 12.3056 11.641
endloop
endfacet

facet normal 0.553059 -0.70518 0.443674
outer loop
vertex 19.3035 -7.13722 -38.6163
vertex 20.6766 -5.89332 -38.3508
vertex 19.5365 -5.99192 -37.0865
endloop
endfacet

facet normal 0.425318 -0.823115 -0.37628
outer loop
vertex -1.86959 -17.6964 33.7437
vertex 0.345007 -16.494 33.6167
vertex -2.03569 -18.4458 35.1952
endloop
endfacet

facet normal 0.655444 -0.736706 -0.166306
outer loop
vertex 13.5118 -23.6765 -11.2571
vertex 13.1244 -22.8699 -16.3567
vertex 15.5839 -20.7555 -16.0303
endloop
endfacet

facet normal 0.872572 -0.42647 -0.238206
outer loop
vertex -39.2462 -5.37922 -2.84616
vertex -40.4557 -5.92732 -6.29536
vertex -39.1421 -4.82792 -3.45176
endloop
endfacet

facet normal 0.291407 -0.933031 -0.211034
outer loop
vertex -0.632693 -27.7601 20.7087
vertex -2.04229 -28.0399 19.9994
vertex -0.750093 -27.4231 19.057
endloop
endfacet

facet normal 0.527931 -0.831352 0.173617
outer loop
vertex 0.816807 -25.6877 23.3591
vertex 0.0274074 -26.1855 23.3757
vertex 0.544507 -26.1871 21.796
endloop
endfacet

facet normal 0.284337 -0.069985 0.956167
outer loop
vertex 1.15581 -1.07172 36.0938
vertex 1.04781 3.85108 36.4862
vertex -1.89129 0.418081 37.109
endloop
endfacet

facet normal 0.00296279 0.240797 -0.970571
outer loop
vertex 13.3445 17.2423 -9.38196
vertex 13.2202 17.9097 -9.21676
vertex 14.2527 16.959 -9.44946
endloop
endfacet

facet normal -0.757834 0.649288 -0.0641322
outer loop
vertex -16.4178 16.7012 22.6235
vertex -16.5307 16.7078 24.0247
vertex -15.7157 17.7393 24.8366
endloop
endfacet

facet normal -0.590002 0.529331 0.609678
outer loop
vertex -5.94879 15.8626 26.6116
vertex -5.04869 11.4742 31.2927
vertex -2.46589 16.0214 29.8442
endloop
endfacet

facet normal 0.916386 -0.0313803 -0.399065
outer loop
vertex -8.47189 1.08928 -35.0544
vertex -6.63339 4.68118 -31.1149
vertex -6.71919 1.55498 -31.0661
endloop
endfacet

facet normal -0.866899 0.456119 -0.201102
outer loop
vertex -33.4419 8.39448 10.8317
vertex -32.2996 8.55218 6.26544
vertex -33.946 6.82828 9.45274
endloop
endfacet

facet normal -0.291242 -0.866052 -0.406365
outer loop
vertex 12.2236 -7.31412 22.5075
vertex 12.7705 -3.65012 14.3067
vertex 15.1941 -5.10012 15.66
endloop
endfacet

facet normal -0.438391 -0.87503 0.205271
outer loop
vertex 11.4915 -6.97132 29.9045
vertex 10.7689 -6.26352 31.3786
vertex 11.2328 -7.51972 27.0143
endloop
endfacet

facet normal -0.349673 -0.909543 0.224635
outer loop
vertex 10.7689 -6.26352 31.3786
vertex 10.2805 -7.13002 27.1098
vertex 11.2328 -7.51972 27.0143
endloop
endfacet

facet normal -0.82868 -0.268238 -0.491262
outer loop
vertex -40.9036 0.0738806 8.92424
vertex -41.2987 1.74318 8.67934
vertex -41.2437 2.36878 8.24494
endloop
endfacet

facet normal -0.637241 -0.744276 0.199944
outer loop
vertex -24.733 -5.43772 12.9541
vertex -24.5369 -4.73502 16.1945
vertex -27.9958 -2.81292 12.3255
endloop
endfacet

facet normal -0.892852 -0.420103 0.162262
outer loop
vertex 7.44311 -3.56582 -41.4271
vertex 5.81021 0.671181 -39.4422
vertex 6.87251 -2.89382 -42.8268
endloop
endfacet

facet normal 0.749938 -0.550764 0.366405
outer loop
vertex 6.56591 -12.784 25.913
vertex 7.71501 -11.5283 25.4487
vertex 6.03951 -12.0559 28.0849
endloop
endfacet

facet normal 0.926482 -0.375518 0.0248624
outer loop
vertex 16.0448 -5.37742 8.20994
vertex 14.1546 -10.0779 7.64804
vertex 13.7383 -11.2105 6.05584
endloop
endfacet

facet normal -0.740751 -0.670229 -0.0456214
outer loop
vertex 30.0458 -7.66842 2.28074
vertex 29.6374 -7.12452 0.921835
vertex 30.5989 -8.12902 0.0676352
endloop
endfacet

facet normal -0.425036 0.896835 -0.122604
outer loop
vertex -46.0733 7.57578 -3.64786
vertex -37.8934 11.7875 -1.19696
vertex -40.8918 9.75648 -5.65946
endloop
endfacet

facet normal 0.70306 -0.333339 0.628166
outer loop
vertex 20.3709 -4.25922 -16.9918
vertex 20.4938 -2.25002 -16.0632
vertex 19.455 -4.55192 -16.1221
endloop
endfacet

facet normal -0.875543 0.482239 0.0294927
outer loop
vertex -24.7139 16.4177 -6.55256
vertex -23.9615 17.3993 -0.266565
vertex -22.3272 20.5914 -3.94516
endloop
endfacet

facet normal -0.204154 0.942594 -0.264269
outer loop
vertex -20.2384 13.3009 -40.431
vertex -22.4224 13.5404 -37.8896
vertex -17.7502 14.1675 -39.2623
endloop
endfacet

facet normal -0.517045 -0.855945 0.00471671
outer loop
vertex -14.9113 -8.33312 22.5307
vertex -17.1639 -6.98742 19.7988
vertex -17.3718 -6.87162 18.028
endloop
endfacet

facet normal -0.486872 0.631274 0.603696
outer loop
vertex -6.23859 7.70248 34.277
vertex -2.51779 8.71138 36.2228
vertex -5.04869 11.4742 31.2927
endloop
endfacet

facet normal -0.50418 0.301034 0.809433
outer loop
vertex 37.3778 13.4949 3.21834
vertex 36.0885 10.8449 3.40074
vertex 37.8338 13.0329 3.67404
endloop
endfacet

facet normal 0.546186 0.835505 0.0601051
outer loop
vertex 35.0352 9.42928 -3.33386
vertex 37.9252 7.38928 -1.23796
vertex 35.4915 9.34718 -6.33906
endloop
endfacet

facet normal 0.991469 0.119537 -0.0519539
outer loop
vertex 10.8842 -9.82412 20.4269
vertex 10.81 -8.56782 21.9004
vertex 10.7892 -7.40712 24.1756
endloop
endfacet

facet normal -0.0115771 -0.155242 -0.987809
outer loop
vertex 9.65381 -6.13472 31.4967
vertex 11.5821 -7.42582 31.677
vertex 11.1861 -7.98482 31.7695
endloop
endfacet

facet normal -0.494819 -0.767163 0.408184
outer loop
vertex -10.9394 -23.0872 3.96034
vertex -10.0279 -23.7788 3.76534
vertex -12.7865 -20.287 6.98394
endloop
endfacet

facet normal -0.591551 -0.625042 0.509303
outer loop
vertex -17.1924 -3.60192 32.9177
vertex -20.5263 -2.66552 30.1946
vertex -18.2435 -4.69712 30.3527
endloop
endfacet

facet normal -0.454554 0.856509 0.244485
outer loop
vertex -46.2254 7.38728 -9.52216
vertex -44.2575 7.23158 -5.31756
vertex -40.6716 9.73208 -7.41066
endloop
endfacet

facet normal 0.307446 -0.946468 0.0983672
outer loop
vertex 18.6453 -7.80742 -35.5912
vertex 15.9716 -8.68272 -35.6564
vertex 17.3777 -8.33012 -36.6596
endloop
endfacet

facet normal -0.407369 -0.851786 0.329411
outer loop
vertex -9.17799 -15.1457 -19.3275
vertex -7.31269 -16.4803 -20.4717
vertex -7.42889 -16.068 -19.5492
endloop
endfacet

facet normal 0.995717 -0.0408671 0.0829288
outer loop
vertex -36.1165 -6.50702 -11.6222
vertex -35.8147 -3.69562 -13.8609
vertex -36.1263 -5.32602 -10.923
endloop
endfacet

facet normal 0.567023 0.47623 -0.672079
outer loop
vertex -38.6709 -1.56792 -18.5824
vertex -39.1979 -0.421419 -18.2146
vertex -36.4165 -1.35682 -16.5308
endloop
endfacet

facet normal -0.218938 0.576741 0.787043
outer loop
vertex -14.3379 12.3598 28.3472
vertex -10.1111 13.4275 28.7406
vertex -11.0463 16.3442 26.3431
endloop
endfacet

facet normal -0.731631 0.149333 0.665143
outer loop
vertex -22.4932 7.42998 26.4873
vertex -28.1802 8.72168 19.9418
vertex -24.6325 4.76748 24.7318
endloop
endfacet

facet normal -0.422747 -0.426428 -0.799653
outer loop
vertex -17.298 -12.6271 -17.4303
vertex -15.0548 -13.5044 -18.1484
vertex -17.6054 -12.8805 -17.1327
endloop
endfacet

facet normal -0.653658 -0.0431747 -0.755557
outer loop
vertex 9.12481 1.45248 -46.7305
vertex 7.94481 5.94218 -45.9662
vertex 7.82741 9.72308 -46.0807
endloop
endfacet

facet normal 0.856662 -0.34201 -0.386212
outer loop
vertex 5.75001 -18.1851 20.1254
vertex 3.39821 -23.0111 19.1824
vertex 3.97411 -19.2366 17.1174
endloop
endfacet

facet normal -0.209292 -0.28215 -0.936263
outer loop
vertex -9.78859 -5.35072 -29.5406
vertex -8.40709 -3.05492 -30.5413
vertex -6.46549 -4.87772 -30.426
endloop
endfacet

facet normal -0.700511 0.709423 -0.0774843
outer loop
vertex 15.0422 14.4365 21.0566
vertex 14.1662 13.6072 21.3832
vertex 13.9506 13.6682 23.8912
endloop
endfacet

facet normal -0.407094 0.480869 -0.776557
outer loop
vertex -1.30689 6.63038 -29.3691
vertex -0.718093 14.8061 -24.6151
vertex 3.22881 10.2707 -29.4926
endloop
endfacet

facet normal 0.452784 -0.530108 0.716918
outer loop
vertex 0.901407 -22.3508 30.1732
vertex 2.27101 -19.7125 31.2591
vertex 0.139007 -19.826 32.5216
endloop
endfacet

facet normal -0.965837 -0.0193725 0.258426
outer loop
vertex 8.63951 1.09058 -43.6927
vertex 8.94551 8.14428 -42.0204
vertex 7.82741 9.72308 -46.0807
endloop
endfacet

facet normal 0.0401449 0.940323 0.337907
outer loop
vertex 31.3985 1.76238 -15.4379
vertex 32.6111 2.10188 -16.5268
vertex 31.3577 2.14478 -16.4971
endloop
endfacet

facet normal 0.175168 -0.970033 0.168383
outer loop
vertex 13.5591 -7.02642 27.4363
vertex 11.4915 -6.97132 29.9045
vertex 11.2328 -7.51972 27.0143
endloop
endfacet

facet normal -0.844427 0.239582 0.479107
outer loop
vertex -30.1763 5.76028 17.9044
vertex -28.1802 8.72168 19.9418
vertex -33.4419 8.39448 10.8317
endloop
endfacet

facet normal 0.261593 -0.633973 0.727769
outer loop
vertex -1.35039 -17.3221 37.4477
vertex -2.54529 -16.7299 38.3932
vertex -2.20029 -18.3626 36.8468
endloop
endfacet

facet normal 0.775999 -0.368495 0.511896
outer loop
vertex 21.1223 -0.0452194 -15.7113
vertex 22.8966 3.56998 -15.7987
vertex 21.9787 2.57618 -15.1226
endloop
endfacet

facet normal -0.348706 -0.877333 0.329684
outer loop
vertex -13.8085 -8.05342 25.5749
vertex -12.5326 -7.68202 27.9128
vertex -15.1395 -4.90782 32.538
endloop
endfacet

facet normal -0.546045 -0.397445 0.737477
outer loop
vertex -8.93769 -7.21982 31.2367
vertex -6.80719 -9.35942 31.6611
vertex -5.55549 -9.01372 32.7742
endloop
endfacet

facet normal 0.239937 -0.779742 -0.578301
outer loop
vertex -39.4272 -4.13902 10.9315
vertex -40.258 -3.36342 9.54104
vertex -38.8026 -3.87432 10.8337
endloop
endfacet

facet normal 0.38096 -0.924375 -0.0199979
outer loop
vertex 16.4451 -6.79042 -40.1499
vertex 17.8127 -6.21582 -40.6571
vertex 18.361 -6.00562 -39.9269
endloop
endfacet

facet normal -0.0653867 -0.753833 0.653805
outer loop
vertex -15.1395 -4.90782 32.538
vertex -11.429 -5.64612 32.0579
vertex -14.1362 -3.23472 34.5674
endloop
endfacet

facet normal 0.807237 -0.229825 0.543644
outer loop
vertex 3.64471 -16.4198 30.5701
vertex 4.22301 -17.614 29.2066
vertex 4.99511 -16.6023 28.4879
endloop
endfacet

facet normal -0.952144 -0.169467 0.254369
outer loop
vertex -29.9389 -3.84052 -10.0442
vertex -29.5812 -1.50522 -7.14916
vertex -30.5316 -0.130319 -9.79096
endloop
endfacet

facet normal -0.996448 -0.0187111 -0.0820994
outer loop
vertex 16.7579 -4.80992 34.4045
vertex 16.7812 -3.26852 33.7705
vertex 16.8505 -3.55222 32.9934
endloop
endfacet

facet normal -0.871816 -0.157364 0.463867
outer loop
vertex 12.424 -5.43442 -46.6321
vertex 12.9904 -8.13392 -46.4833
vertex 13.603 -6.48462 -44.7725
endloop
endfacet

facet normal 0.717036 0.578504 -0.388836
outer loop
vertex -8.65359 19.525 25.9892
vertex -6.55569 17.5706 26.9501
vertex -8.79639 19.1035 25.0987
endloop
endfacet

facet normal -0.480168 -0.877175 0.00155636
outer loop
vertex -17.298 -12.6271 -17.4303
vertex -20.5301 -10.8572 -17.0457
vertex -15.9726 -13.3597 -21.4119
endloop
endfacet

facet normal 0.146957 -0.875734 -0.459885
outer loop
vertex 16.7579 -4.80992 34.4045
vertex 18.1201 -4.05002 33.3927
vertex 16.6603 -5.27022 35.2498
endloop
endfacet

facet normal -0.751109 0.494271 -0.437644
outer loop
vertex -27.0462 11.6559 -7.79796
vertex -25.9829 12.4053 -8.77656
vertex -26.7035 8.32558 -12.1472
endloop
endfacet

facet normal 0.0765728 0.0415302 0.996199
outer loop
vertex -8.39759 12.959 31.0439
vertex -10.1536 12.4212 31.2013
vertex -8.78779 11.3597 31.1406
endloop
endfacet

facet normal 0.825809 -0.0415905 -0.562414
outer loop
vertex -39.4089 7.36938 -4.22046
vertex -40.3662 7.32438 -5.62286
vertex -39.0434 8.57128 -3.77266
endloop
endfacet

facet normal 0.687362 0.636103 0.350581
outer loop
vertex 30.5988 9.29158 7.22484
vertex 31.1627 8.22178 8.06044
vertex 34.2832 7.57068 3.12334
endloop
endfacet

facet normal -0.547282 -0.170722 0.819351
outer loop
vertex 14.8037 0.788481 37.5682
vertex 13.3967 1.91638 36.8634
vertex 11.8691 0.988581 35.6498
endloop
endfacet

facet normal -0.303782 -0.880172 0.36471
outer loop
vertex -4.46199 -23.2213 29.4305
vertex -3.53739 -24.272 27.6649
vertex -2.04989 -24.4051 28.5828
endloop
endfacet

facet normal -0.36311 0.909192 -0.203766
outer loop
vertex 28.2452 15.4177 12.2918
vertex 28.4345 15.211 11.0323
vertex 26.7421 14.083 9.01494
endloop
endfacet

facet normal -0.362482 -0.858129 -0.363622
outer loop
vertex 33.9067 -5.83682 -9.89276
vertex 33.5111 -4.95812 -11.5722
vertex 35.6016 -5.17092 -13.1538
endloop
endfacet

facet normal 0.619901 0.776339 -0.114112
outer loop
vertex 17.4022 16.593 -10.7451
vertex 20.7283 11.2023 -29.3515
vertex 14.9442 17.4291 -18.4097
endloop
endfacet

facet normal 0.15962 -0.93111 -0.327955
outer loop
vertex -15.4601 -5.90622 -40.0354
vertex -20.7631 -6.73692 -40.258
vertex -16.7753 -5.45702 -41.9511
endloop
endfacet

facet normal 0.860928 -0.102446 0.498305
outer loop
vertex 5.96851 -12.5218 26.9992
vertex 5.66341 -13.9891 27.2246
vertex 6.56591 -12.784 25.913
endloop
endfacet

facet normal 0.967392 -0.164184 0.192861
outer loop
vertex 19.3646 5.85338 33.6485
vertex 19.5125 4.86338 32.0639
vertex 19.777 5.70908 31.4572
endloop
endfacet

facet normal 0.769411 -0.191452 0.609387
outer loop
vertex 14.4299 17.3165 21.4013
vertex 13.5606 17.3599 22.5125
vertex 14.358 16.4262 21.2124
endloop
endfacet

facet normal 0.368563 -0.569719 -0.734562
outer loop
vertex -19.4582 -7.96152 -44.4527
vertex -17.9417 -6.50492 -44.8216
vertex -16.7649 -6.54372 -44.2011
endloop
endfacet

facet normal 0.996195 -0.0180872 -0.0852518
outer loop
vertex 24.632 1.07538 -42.2601
vertex 24.3826 -3.03902 -44.3011
vertex 24.354 -1.35532 -44.9926
endloop
endfacet

facet normal -0.831427 -0.253841 0.494261
outer loop
vertex -11.2814 21.2531 18.2341
vertex -10.1031 21.1378 20.1569
vertex -11.1828 21.9877 18.7771
endloop
endfacet

facet normal 0.714828 0.132612 0.686611
outer loop
vertex 20.2648 -12.8658 -13.0739
vertex 21.0862 -9.26212 -14.625
vertex 19.0966 -12.3402 -11.9591
endloop
endfacet

facet normal -0.516229 0.0745552 0.853199
outer loop
vertex -41.7178 10.5688 11.1187
vertex -43.6405 4.65988 10.4717
vertex -41.0129 -3.72922 12.7946
endloop
endfacet

facet normal -0.120639 0.587168 -0.800425
outer loop
vertex -34.1 8.81178 -3.64266
vertex -32.0524 8.69168 -4.03936
vertex -33.2842 7.40398 -4.79836
endloop
endfacet

facet normal 0.0235978 0.995402 0.0928287
outer loop
vertex -27.1212 14.9697 11.9774
vertex -22.3697 14.2742 18.2281
vertex -24.3393 14.9147 11.8601
endloop
endfacet

facet normal 0.232363 -0.958012 -0.167991
outer loop
vertex 6.60211 -27.868 -9.28446
vertex 0.710707 -29.3261 -9.11796
vertex 7.23821 -26.9229 -13.7945
endloop
endfacet

facet normal 0.295171 -0.942886 0.154401
outer loop
vertex -32.3398 -5.82962 6.68514
vertex -33.5054 -6.13202 7.06684
vertex -33.1525 -6.30762 5.31954
endloop
endfacet

facet normal 0.353144 -0.933635 0.0601263
outer loop
vertex 22.045 -3.77352 11.1955
vertex 19.2962 -4.47432 16.4582
vertex 18.8047 -5.03652 10.615
endloop
endfacet

facet normal 0.00562975 0.98057 -0.196091
outer loop
vertex -13.9333 14.9676 -28.429
vertex -16.7962 14.5865 -30.4171
vertex -18.7153 15.4636 -26.0863
endloop
endfacet

facet normal -0.347941 0.557389 0.753826
outer loop
vertex 14.5417 6.84708 35.7838
vertex 14.6591 7.87568 35.0775
vertex 12.7177 7.34208 34.5759
endloop
endfacet

facet normal 0.828027 0.219908 -0.515764
outer loop
vertex -38.6034 5.45258 -10.1791
vertex -40.9107 4.45958 -14.3069
vertex -41.1888 5.67178 -14.2364
endloop
endfacet

facet normal -0.202732 0.903272 0.378153
outer loop
vertex 13.9506 13.6682 23.8912
vertex 14.9844 12.5811 27.0421
vertex 16.3084 14.8272 22.3869
endloop
endfacet

facet normal -0.614753 0.258862 -0.74503
outer loop
vertex 36.6197 -0.172819 1.16254
vertex 38.859 3.03158 0.428235
vertex 37.8585 -1.50292 -0.321865
endloop
endfacet

facet normal 0.569498 0.111291 0.814424
outer loop
vertex -36.2483 1.41878 9.13864
vertex -38.5066 -0.870419 11.0306
vertex -38.4086 -3.44482 11.3138
endloop
endfacet

facet normal 0.523639 -0.302996 -0.796238
outer loop
vertex 12.5235 -19.3473 -20.1604
vertex 14.6249 -17.7749 -19.3768
vertex 13.8215 -20.3046 -18.9425
endloop
endfacet

facet normal 0.917792 0.0850261 0.387852
outer loop
vertex -0.988193 -16.5663 36.425
vertex -1.35039 -17.3221 37.4477
vertex -0.683393 -17.602 35.9308
endloop
endfacet

facet normal 0.336143 -0.0935399 -0.937154
outer loop
vertex -42.8336 10.8401 7.16314
vertex -40.3413 9.20338 8.22044
vertex -40.8305 5.61208 8.40344
endloop
endfacet

facet normal 0.779259 -0.576279 -0.246289
outer loop
vertex -9.62339 -3.49182 -33.3676
vertex -8.40709 -3.05492 -30.5413
vertex -9.78859 -5.35072 -29.5406
endloop
endfacet

facet normal -0.107002 0.93746 -0.331238
outer loop
vertex -13.0788 25.8655 -3.68306
vertex -8.80329 26.2797 -3.89206
vertex -8.87339 25.4593 -6.19146
endloop
endfacet

facet normal 0.558381 0.653128 0.511501
outer loop
vertex 10.3892 20.4433 17.0903
vertex 14.4061 17.9303 15.9141
vertex 14.6809 19.9924 12.9811
endloop
endfacet

facet normal 0.321521 -0.397524 0.859417
outer loop
vertex 18.7606 -9.60732 -45.0183
vertex 21.7069 -9.99892 -46.3017
vertex 18.3493 -8.44622 -44.3274
endloop
endfacet

facet normal 0.373801 0.926656 -0.0397604
outer loop
vertex -16.3254 13.5877 -39.3796
vertex -16.8424 13.669 -42.3442
vertex -17.7502 14.1675 -39.2623
endloop
endfacet

facet normal -0.000562719 -0.742413 -0.669942
outer loop
vertex 35.9963 -5.43242 -16.8881
vertex 33.6109 -5.57832 -16.7244
vertex 32.5386 -4.96802 -17.3999
endloop
endfacet

facet normal 0.911122 0.12153 0.393811
outer loop
vertex 33.8364 5.30558 4.85624
vertex 34.2832 7.57068 3.12334
vertex 33.139 4.43478 6.73844
endloop
endfacet

facet normal 0.785562 0.0953297 0.611395
outer loop
vertex -15.2295 14.3341 26.7621
vertex -14.5565 16.427 25.571
vertex -15.8155 15.162 27.3859
endloop
endfacet

facet normal -0.912703 -0.162386 -0.374973
outer loop
vertex 36.3896 -5.24032 -7.72656
vertex 34.8317 -5.35512 -3.88486
vertex 35.3505 -4.97792 -5.31086
endloop
endfacet

facet normal 0.798813 -0.599546 0.0494102
outer loop
vertex 17.2125 -18.496 -5.91346
vertex 14.0862 -22.7727 -7.26496
vertex 17.9035 -18.1856 -13.3183
endloop
endfacet

facet normal 0.529054 0.294484 -0.795852
outer loop
vertex 13.3459 -3.59212 34.8157
vertex 14.7483 -3.71222 35.7036
vertex 14.3526 -4.79812 35.0387
endloop
endfacet

facet normal 0.2717 0.945502 -0.179459
outer loop
vertex 38.4053 6.50358 -12.2055
vertex 36.381 6.44838 -15.5608
vertex 36.089 7.20028 -12.0412
endloop
endfacet

facet normal -0.846486 0.481358 -0.227499
outer loop
vertex 30.8306 7.56988 -6.47036
vertex 29.7361 5.96498 -5.79366
vertex 30.6945 7.86998 -5.32906
endloop
endfacet

facet normal -0.68579 -0.672118 0.279195
outer loop
vertex -24.5369 -4.73502 16.1945
vertex -28.8041 -0.265419 16.4729
vertex -27.9958 -2.81292 12.3255
endloop
endfacet

facet normal 0.0192904 -0.763623 -0.645375
outer loop
vertex 32.1079 -2.84992 -16.9531
vertex 31.4403 -3.25532 -16.4933
vertex 31.5616 -2.21692 -17.7183
endloop
endfacet

facet normal 0.384605 0.419762 0.822119
outer loop
vertex 9.31641 22.4714 -9.13986
vertex 7.93391 22.3939 -8.45356
vertex 9.32671 21.6104 -8.70506
endloop
endfacet

facet normal 0.921317 0.361888 0.142173
outer loop
vertex 15.2819 -5.30002 12.9566
vertex 15.7799 -7.29322 14.8033
vertex 16.0448 -5.37742 8.20994
endloop
endfacet

facet normal 0.0518281 -0.387454 -0.920431
outer loop
vertex 3.34861 -11.435 -27.586
vertex -2.91279 -11.9639 -27.7159
vertex 0.199807 -5.89712 -30.0944
endloop
endfacet

facet normal -0.235857 0.194169 -0.952192
outer loop
vertex -14.952 -14.9099 -18.4605
vertex -15.0548 -13.5044 -18.1484
vertex -13.5714 -13.6587 -18.5473
endloop
endfacet

facet normal 0.241666 -0.961363 0.131827
outer loop
vertex 0.608307 -28.6323 -3.87026
vertex 0.710707 -29.3261 -9.11796
vertex 6.60211 -27.868 -9.28446
endloop
endfacet

facet normal -0.753684 -0.6286 0.191892
outer loop
vertex 15.4296 -5.96002 30.3121
vertex 14.9137 -5.36122 30.2472
vertex 15.0801 -5.96742 28.915
endloop
endfacet

facet normal 0.576183 -0.761823 0.296038
outer loop
vertex -12.392 -18.6189 9.57784
vertex -11.7629 -16.0675 14.9193
vertex -12.2341 -16.4671 14.8078
endloop
endfacet

facet normal -0.106791 0.482755 -0.86922
outer loop
vertex 3.71701 24.5945 -6.91776
vertex 6.49581 22.8088 -8.25096
vertex 4.74201 22.6327 -8.13336
endloop
endfacet

facet normal -0.00377042 -0.889408 -0.457098
outer loop
vertex 25.6017 -4.80122 3.68314
vertex 23.5395 -5.13342 4.34664
vertex 24.5425 -4.28632 2.68994
endloop
endfacet

facet normal -0.263772 0.529463 -0.806283
outer loop
vertex -2.42239 24.1573 -5.19646
vertex 3.71701 24.5945 -6.91776
vertex 0.0191074 23.117 -6.67826
endloop
endfacet

facet normal 0.0199707 0.262006 0.964859
outer loop
vertex 5.99181 12.6669 31.2846
vertex 5.28161 10.5312 31.8793
vertex 9.48081 9.69468 32.0195
endloop
endfacet

facet normal 0.149128 0.481061 -0.863911
outer loop
vertex -5.51039 17.5623 -24.9748
vertex -3.37859 16.2685 -25.3272
vertex -6.66069 12.5301 -27.9755
endloop
endfacet

facet normal 0.86321 -0.43977 0.247933
outer loop
vertex 20.3709 -4.25922 -16.9918
vertex 18.9391 -7.09172 -17.0308
vertex 22.1903 -3.08102 -21.2366
endloop
endfacet

facet normal 0.778832 -0.197475 0.595336
outer loop
vertex 19.4109 6.20558 1.50004
vertex 20.2486 8.75148 1.24854
vertex 18.6154 7.85558 3.08794
endloop
endfacet

facet normal -0.897923 0.178315 0.402415
outer loop
vertex -40.8241 11.3404 11.4462
vertex -40.21 10.4664 13.2035
vertex -39.1344 11.5224 15.1356
endloop
endfacet

facet normal 0.931862 -0.223182 0.286046
outer loop
vertex 18.1967 -2.95782 33.9957
vertex 17.4176 -4.17292 35.5854
vertex 18.1201 -4.05002 33.3927
endloop
endfacet

facet normal 0.21847 -0.733406 -0.643729
outer loop
vertex -16.7811 19.374 17.8777
vertex -19.1175 18.0926 18.5447
vertex -18.2524 19.8098 16.8819
endloop
endfacet

facet normal 0.102958 0.201695 0.974022
outer loop
vertex 12.3609 2.01258 35.3858
vertex 11.1088 4.35868 35.0323
vertex 11.8691 0.988581 35.6498
endloop
endfacet

facet normal 0.813865 -0.480966 0.326031
outer loop
vertex 12.9469 -14.184 11.7096
vertex 15.7799 -7.29322 14.8033
vertex 13.5874 -9.17762 17.4965
endloop
endfacet

facet normal -0.816862 0.544524 0.190343
outer loop
vertex -45.0613 5.22908 -16.615
vertex -43.8028 6.26718 -14.1836
vertex -44.7327 6.03748 -17.5173
endloop
endfacet

facet normal -0.652821 -0.726041 0.216076
outer loop
vertex -19.4373 -18.7621 1.30404
vertex -20.7064 -18.7976 -2.64936
vertex -16.8642 -23.1158 -5.55096
endloop
endfacet

facet normal 0.234277 0.962407 0.137433
outer loop
vertex -15.9035 13.1902 -44.7872
vertex -17.8576 13.9081 -46.4837
vertex -17.913 13.6999 -44.9314
endloop
endfacet

facet normal -0.687181 -0.724597 -0.0523607
outer loop
vertex -4.22089 -17.1514 35.8302
vertex -4.43159 -16.7803 33.4607
vertex -3.00509 -18.3384 36.3004
endloop
endfacet

facet normal -0.407888 -0.871224 -0.273123
outer loop
vertex -4.43159 -16.7803 33.4607
vertex -2.03569 -18.4458 35.1952
vertex -3.00509 -18.3384 36.3004
endloop
endfacet

facet normal 0.51598 -0.250652 -0.819108
outer loop
vertex 19.2557 -5.27812 -15.9164
vertex 20.4938 -2.25002 -16.0632
vertex 20.7848 -2.34702 -15.8501
endloop
endfacet

facet normal 0.555179 -0.824364 -0.110458
outer loop
vertex -24.1091 -0.655619 3.17404
vertex -22.9622 -0.252919 5.93324
vertex -26.5656 -2.76622 6.57954
endloop
endfacet

facet normal -0.532155 0.821061 -0.206567
outer loop
vertex -15.1603 -15.6087 13.428
vertex -14.3789 -14.5325 15.6926
vertex -14.0218 -14.4946 14.923
endloop
endfacet

facet normal 0.620858 0.629237 -0.467542
outer loop
vertex -33.7994 12.8321 4.58824
vertex -36.0209 12.4269 1.09284
vertex -34.1562 13.6579 5.22584
endloop
endfacet

facet normal 0.192052 -0.86596 0.461767
outer loop
vertex 33.1465 -7.20672 -10.6347
vertex 31.1857 -7.17122 -9.75266
vertex 32.1266 -7.66702 -11.0738
endloop
endfacet

facet normal -0.90148 0.430912 0.0406113
outer loop
vertex -27.0462 11.6559 -7.79796
vertex -23.9615 17.3993 -0.266565
vertex -24.7139 16.4177 -6.55256
endloop
endfacet

facet normal -0.364179 0.898107 -0.24653
outer loop
vertex -19.7227 19.3635 6.62914
vertex -18.4821 21.0291 10.864
vertex -16.9032 20.8729 7.96274
endloop
endfacet

facet normal 0.811197 -0.565813 0.147699
outer loop
vertex 19.7399 -2.22942 27.1629
vertex 20.7243 -2.39482 21.1226
vertex 22.6296 0.466981 21.6213
endloop
endfacet

facet normal -0.143137 0.868891 0.473857
outer loop
vertex 12.4943 8.25468 32.1449
vertex 13.9446 8.30658 32.4879
vertex 14.9443 10.1612 29.3893
endloop
endfacet

facet normal 0.707857 -0.704446 -0.0519069
outer loop
vertex 20.2725 -6.20602 -22.0672
vertex 15.0668 -11.5524 -20.4997
vertex 20.8729 -4.96362 -30.7399
endloop
endfacet

facet normal 0.615979 0.780625 -0.105802
outer loop
vertex -39.6846 10.5396 8.75454
vertex -40.3708 11.0528 8.54634
vertex -39.1336 10.21 9.53104
endloop
endfacet

facet normal -0.567786 -0.0330364 0.822513
outer loop
vertex -27.686 -2.29892 -45.353
vertex -29.5561 -6.09532 -46.7964
vertex -27.0365 -4.34882 -44.987
endloop
endfacet

facet normal 0.0832156 0.490461 0.867481
outer loop
vertex 11.5098 5.78988 34.3865
vertex 1.83481 8.04848 34.0376
vertex 1.04781 3.85108 36.4862
endloop
endfacet

facet normal -0.013873 -0.965278 0.260857
outer loop
vertex -42.3103 3.84678 -18.1157
vertex -43.543 3.82258 -18.2709
vertex -41.3749 3.43608 -19.5857
endloop
endfacet

facet normal 0.0739847 0.0296184 -0.996819
outer loop
vertex 19.9832 7.78578 -48.5591
vertex 24.323 -1.40032 -48.51
vertex 16.4453 11.7438 -48.7041
endloop
endfacet

facet normal -0.888867 0.367562 0.27352
outer loop
vertex -18.9016 14.1752 21.1751
vertex -19.2013 17.9223 15.1655
vertex -20.477 15.6101 14.1271
endloop
endfacet

facet normal 0.112916 -0.0447076 -0.992598
outer loop
vertex 9.12481 1.45248 -46.7305
vertex 11.7525 1.70958 -46.4432
vertex 12.5116 -0.931119 -46.2379
endloop
endfacet

facet normal 0.989847 0.131603 0.0536996
outer loop
vertex 5.79251 -16.3776 25.7974
vertex 6.00321 -17.1591 23.8286
vertex 5.68421 -15.1163 24.7022
endloop
endfacet

facet normal 0.33328 -0.313752 0.889091
outer loop
vertex 30.1133 -2.11792 8.58984
vertex 30.5795 -2.26392 8.36364
vertex 31.6198 -0.453119 8.61264
endloop
endfacet

facet normal -0.837339 0.545785 -0.0313253
outer loop
vertex -25.0471 7.25908 -46.1049
vertex -22.7274 10.7787 -46.7882
vertex -24.6754 7.74098 -47.6443
endloop
endfacet

facet normal 0.392149 0.882298 -0.260326
outer loop
vertex -0.436693 -15.1885 37.0356
vertex 0.121807 -15.8094 35.7726
vertex -1.01479 -15.273 35.8783
endloop
endfacet

facet normal -0.158207 -0.1063 -0.981667
outer loop
vertex 39.6035 -3.24102 -9.65866
vertex 41.0851 0.0411806 -10.2529
vertex 40.1227 -4.10712 -9.64856
endloop
endfacet

facet normal 0.695326 -0.470616 0.543178
outer loop
vertex 5.74591 -20.5772 23.4926
vertex 6.30431 -19.3351 23.854
vertex 5.03771 -17.7128 26.8809
endloop
endfacet

facet normal -0.735555 -0.130114 -0.664853
outer loop
vertex 1.94191 3.16678 -31.4581
vertex 3.14171 -1.10352 -31.9497
vertex 1.73491 -3.44392 -29.9353
endloop
endfacet

facet normal 0.50489 0.254028 0.824958
outer loop
vertex 1.67191 -10.3811 33.7323
vertex 1.80311 -9.20992 33.2913
vertex 0.129407 -10.4223 34.689
endloop
endfacet

facet normal 0.315103 -0.848374 -0.425409
outer loop
vertex -12.2033 -4.00552 -41.4136
vertex -15.4601 -5.90622 -40.0354
vertex -11.3559 -3.20852 -42.3752
endloop
endfacet

facet normal 0.578052 -0.725871 0.372784
outer loop
vertex 7.15731 -15.8906 17.3715
vertex 9.29451 -14.6462 16.4807
vertex 8.51701 -13.1509 20.5978
endloop
endfacet

facet normal -0.124763 -0.635584 -0.761884
outer loop
vertex -11.7926 -24.6964 -18.4751
vertex -10.9377 -22.0257 -20.8431
vertex -5.13339 -26.9485 -17.6869
endloop
endfacet

facet normal -0.237364 0.971205 0.0204859
outer loop
vertex -23.2368 13.2964 -35.7602
vertex -19.5569 14.1674 -34.4125
vertex -22.4224 13.5404 -37.8896
endloop
endfacet

facet normal 0.428287 -0.813879 0.392647
outer loop
vertex 8.62091 -8.88312 25.2862
vertex 10.2805 -7.13002 27.1098
vertex 7.21521 -7.99192 28.6667
endloop
endfacet

facet normal -0.299104 0.436679 0.848438
outer loop
vertex 34.2823 3.08448 -16.9996
vertex 33.7263 2.55788 -16.9246
vertex 34.0771 -0.895419 -15.0235
endloop
endfacet

facet normal -0.172575 0.461506 0.870189
outer loop
vertex 33.7263 2.55788 -16.9246
vertex 32.6155 -0.204319 -15.6799
vertex 34.0771 -0.895419 -15.0235
endloop
endfacet

facet normal -0.261783 -0.460532 0.848163
outer loop
vertex 21.112 -10.2972 -46.6473
vertex 21.9413 -11.7032 -47.1548
vertex 21.7069 -9.99892 -46.3017
endloop
endfacet

facet normal 0.892283 0.150922 0.425503
outer loop
vertex 19.0208 4.49378 30.2326
vertex 22.394 3.58968 23.4796
vertex 19.7097 7.39098 27.7605
endloop
endfacet

facet normal -0.662378 0.552351 0.506126
outer loop
vertex -40.21 10.4664 13.2035
vertex -40.8241 11.3404 11.4462
vertex -41.7178 10.5688 11.1187
endloop
endfacet

facet normal -0.692756 -0.705918 0.147544
outer loop
vertex -40.8254 -6.51162 -4.48026
vertex -41.4304 -5.62782 -3.09276
vertex -43.4525 -3.66632 -3.20186
endloop
endfacet

facet normal 0.419071 -0.897268 -0.138888
outer loop
vertex 15.1742 -8.76892 -29.6383
vertex 15.3067 -8.23232 -32.7052
vertex 19.0033 -6.60182 -32.0847
endloop
endfacet

facet normal -0.934058 -0.251517 0.253525
outer loop
vertex -26.3264 0.433881 -15.78
vertex -26.8042 2.93268 -15.0613
vertex -27.4431 4.64988 -15.7115
endloop
endfacet

facet normal -0.259606 -0.302567 0.917092
outer loop
vertex -0.436693 -15.1885 37.0356
vertex -0.988193 -16.5663 36.425
vertex -0.328993 -16.0268 36.7896
endloop
endfacet

facet normal -0.882685 -0.0691278 -0.464854
outer loop
vertex 4.16781 18.9543 21.586
vertex 4.03911 19.8772 21.6931
vertex 4.78041 19.8925 20.2831
endloop
endfacet

facet normal -0.380584 0.86017 -0.339504
outer loop
vertex 25.0575 9.00388 1.30714
vertex 27.3087 10.2828 2.02374
vertex 27.3646 9.10708 -1.01766
endloop
endfacet

facet normal 0.152846 0.320417 -0.934864
outer loop
vertex 17.5278 -12.9167 -17.237
vertex 14.6249 -17.7749 -19.3768
vertex 11.2583 -15.7531 -19.2342
endloop
endfacet

facet normal -0.659251 0.309073 -0.685465
outer loop
vertex 3.22881 10.2707 -29.4926
vertex 4.53931 9.40538 -31.1432
vertex 1.94191 3.16678 -31.4581
endloop
endfacet

facet normal -0.830225 -0.202851 0.519208
outer loop
vertex -23.0008 -10.8221 -46.0441
vertex -23.1706 -12.5592 -46.9942
vertex -22.512 -13.736 -46.401
endloop
endfacet

facet normal -0.539983 0.65847 -0.524248
outer loop
vertex 6.77821 8.57758 -35.1344
vertex 6.09331 13.6301 -28.083
vertex 7.52231 11.3234 -32.4521
endloop
endfacet

facet normal 0.186846 0.431739 -0.882434
outer loop
vertex 11.2137 22.7288 -7.75826
vertex 11.1048 20.4771 -8.88296
vertex 9.32671 21.6104 -8.70506
endloop
endfacet

facet normal -0.10947 -0.776734 -0.620243
outer loop
vertex 18.1201 -4.05002 33.3927
vertex 16.8505 -3.55222 32.9934
vertex 17.3685 -2.33512 31.3778
endloop
endfacet

facet normal -0.712729 0.43113 0.553303
outer loop
vertex -24.9849 12.1493 21.387
vertex -28.1266 12.6079 16.9827
vertex -28.1802 8.72168 19.9418
endloop
endfacet

facet normal 0.411371 -0.883482 0.224126
outer loop
vertex 26.7784 -4.80862 5.85714
vertex 29.7124 -2.97262 7.70954
vertex 28.6911 -2.86282 10.0169
endloop
endfacet

facet normal 0.664037 -0.434301 -0.608636
outer loop
vertex 3.39821 -23.0111 19.1824
vertex 1.26861 -22.7359 16.6626
vertex 3.97411 -19.2366 17.1174
endloop
endfacet

facet normal -0.813363 -0.578765 -0.0589186
outer loop
vertex -6.97599 -23.5196 21.342
vertex -7.92729 -22.3649 23.1335
vertex -9.40859 -20.3022 23.3203
endloop
endfacet

facet normal -0.429028 -0.568907 -0.701627
outer loop
vertex 4.78041 19.8925 20.2831
vertex 5.48641 21.8594 18.2566
vertex 6.46981 20.7838 18.5274
endloop
endfacet

facet normal 0.123638 0.735702 0.665926
outer loop
vertex -5.94879 15.8626 26.6116
vertex -6.27109 14.1475 28.5662
vertex -5.04869 11.4742 31.2927
endloop
endfacet

facet normal -0.547149 -0.649241 -0.528313
outer loop
vertex -23.3421 -5.40002 -39.8609
vertex -25.2878 -5.04612 -38.2808
vertex -25.5397 -3.35562 -40.0974
endloop
endfacet

facet normal 0.813252 0.581799 0.011475
outer loop
vertex 20.2732 12.6787 -15.7556
vertex 21.3868 11.3042 -24.9862
vertex 17.4022 16.593 -10.7451
endloop
endfacet

facet normal 0.647339 -0.0678764 -0.759174
outer loop
vertex 33.5431 -6.56072 -2.84126
vertex 33.3212 -8.18592 -2.88506
vertex 32.8106 -7.10372 -3.41726
endloop
endfacet

facet normal 0.982785 -0.156738 0.0978141
outer loop
vertex 18.6042 -13.7589 -47.0666
vertex 18.8585 -12.7358 -47.9815
vertex 18.7662 -12.5965 -46.8309
endloop
endfacet

facet normal 0.873207 0.29955 -0.38442
outer loop
vertex 30.0638 12.3056 11.641
vertex 29.4297 15.3056 12.5381
vertex 30.541 14.4629 14.4058
endloop
endfacet

facet normal -0.146617 0.966674 -0.209868
outer loop
vertex -10.8089 18.4019 22.8363
vertex -13.8529 18.2378 24.2071
vertex -12.107 18.5664 24.5012
endloop
endfacet

facet normal -0.951424 -0.0219727 0.307099
outer loop
vertex -26.1441 5.54748 -1.36146
vertex -26.3922 9.74338 -1.82996
vertex -27.4853 9.73168 -5.21726
endloop
endfacet

facet normal -0.515729 -0.764291 0.387147
outer loop
vertex -10.0279 -23.7788 3.76534
vertex -12.7368 -19.579 8.44794
vertex -12.7865 -20.287 6.98394
endloop
endfacet

facet normal 0.91949 -0.315016 -0.235168
outer loop
vertex -6.64569 -23.3265 22.3749
vertex -6.64879 -23.5407 22.6494
vertex -6.97599 -23.5196 21.342
endloop
endfacet

facet normal 0.852738 0.503122 -0.140376
outer loop
vertex 23.0063 8.08598 -26.6823
vertex 20.7283 11.2023 -29.3515
vertex 21.3868 11.3042 -24.9862
endloop
endfacet

facet normal 0.246771 0.788482 -0.563382
outer loop
vertex 6.87741 21.021 -19.7941
vertex 11.9317 17.5034 -22.5033
vertex 9.06461 16.5999 -25.0237
endloop
endfacet

facet normal 0.237917 0.103057 0.965803
outer loop
vertex 30.8248 3.56108 13.8784
vertex 29.6425 0.0451806 14.5448
vertex 30.0506 -0.300219 14.4811
endloop
endfacet

facet normal -0.352771 -0.923857 -0.148462
outer loop
vertex -9.55669 -27.7553 -9.97846
vertex -11.93 -25.8137 -16.4212
vertex -9.30189 -26.7941 -16.5655
endloop
endfacet

facet normal -0.567298 -0.778274 -0.26919
outer loop
vertex -24.577 -13.3028 -48.4307
vertex -24.9817 -13.3634 -47.4024
vertex -27.5397 -11.2298 -48.1802
endloop
endfacet

facet normal -0.0506606 0.32406 0.944679
outer loop
vertex 7.56011 18.6934 25.9332
vertex 10.86 18.1029 26.3128
vertex 9.21531 19.2675 25.8251
endloop
endfacet

facet normal -0.132177 0.218489 0.966846
outer loop
vertex -9.66679 1.54438 36.6008
vertex -13.7645 4.74938 35.3164
vertex -13.7162 1.00038 36.1702
endloop
endfacet

facet normal 0.258064 0.897229 0.358305
outer loop
vertex 0.819307 16.7041 25.8809
vertex 2.41181 16.214 25.961
vertex -0.430993 17.8487 23.9153
endloop
endfacet

facet normal 0.834467 0.427092 0.348219
outer loop
vertex 40.4135 7.30898 -9.28846
vertex 39.7567 5.42968 -5.40946
vertex 41.6397 5.91468 -10.5166
endloop
endfacet

facet normal -0.990002 0.141039 0.00211885
outer loop
vertex -45.471 3.25898 -10.3175
vertex -45.0738 6.05958 -11.1298
vertex -45.1985 5.19938 -12.1313
endloop
endfacet

facet normal -0.497754 -0.257352 -0.828258
outer loop
vertex -45.7807 -2.47632 -10.2882
vertex -47.5529 -0.460119 -9.84956
vertex -46.7086 -0.0941194 -10.4707
endloop
endfacet

facet normal 0.511972 -0.594985 -0.619578
outer loop
vertex 40.1227 -4.10712 -9.64856
vertex 40.5922 -4.23682 -9.13596
vertex 39.2129 -4.82912 -9.70686
endloop
endfacet

facet normal -0.0509082 -0.580885 -0.812392
outer loop
vertex -10.9377 -22.0257 -20.8431
vertex -2.73639 -25.5768 -18.8179
vertex -5.13339 -26.9485 -17.6869
endloop
endfacet

facet normal -0.764604 0.395797 -0.50865
outer loop
vertex 34.7449 4.64608 7.05464
vertex 36.1322 3.09498 3.76224
vertex 35.3189 1.58468 3.80954
endloop
endfacet

facet normal 0.708737 -0.0264027 -0.704978
outer loop
vertex 34.35 7.89488 7.26584
vertex 34.3257 11.7561 7.09674
vertex 35.2436 13.332 7.96054
endloop
endfacet

facet normal 0.474997 -0.0355088 -0.879271
outer loop
vertex 34.3257 11.7561 7.09674
vertex 34.35 7.89488 7.26584
vertex 33.3215 5.58878 6.80334
endloop
endfacet

facet normal -0.411727 -0.738195 0.534368
outer loop
vertex -12.3992 -13.5173 17.5233
vertex -14.9167 -13.2093 16.0091
vertex -14.0218 -14.4946 14.923
endloop
endfacet

facet normal 0.413836 -0.699599 -0.582496
outer loop
vertex 8.36621 -24.925 -17.269
vertex 13.8215 -20.3046 -18.9425
vertex 13.1244 -22.8699 -16.3567
endloop
endfacet

facet normal 0.634301 0.0409627 -0.772
outer loop
vertex 37.4154 -2.49252 -17.1216
vertex 37.901 -4.36572 -16.822
vertex 37.0758 -4.29712 -17.4964
endloop
endfacet

facet normal 0.957555 0.283255 0.0534381
outer loop
vertex 22.4956 9.42018 -24.6031
vertex 23.0121 6.13798 -16.4598
vertex 23.0063 8.08598 -26.6823
endloop
endfacet

facet normal -0.489484 -0.834213 0.253958
outer loop
vertex -11.8306 -9.03162 26.1738
vertex -13.8085 -8.05342 25.5749
vertex -14.9113 -8.33312 22.5307
endloop
endfacet

facet normal -0.328337 -0.283858 0.900899
outer loop
vertex -5.34819 -14.8455 36.1459
vertex -4.22089 -17.1514 35.8302
vertex -4.04089 -16.2914 36.1668
endloop
endfacet

facet normal -0.765719 -0.39139 0.51038
outer loop
vertex -21.922 -14.2718 -5.45146
vertex -22.7845 -6.04532 -0.436865
vertex -24.9497 -7.77592 -5.01246
endloop
endfacet

facet normal 0.802593 0.203772 0.560645
outer loop
vertex 5.49341 -11.2849 29.4872
vertex 2.80021 -11.3668 33.3724
vertex 6.03381 -13.7307 29.6025
endloop
endfacet

facet normal -0.53988 0.268639 -0.797723
outer loop
vertex 30.186 -1.72172 -16.8979
vertex 32.9828 0.00838063 -18.2081
vertex 32.8278 -1.90282 -18.7468
endloop
endfacet

facet normal -0.301718 0.495393 -0.814587
outer loop
vertex -2.64409 8.43228 -27.778
vertex -0.718093 14.8061 -24.6151
vertex -1.30689 6.63038 -29.3691
endloop
endfacet

facet normal 0.184355 -0.939595 0.2884
outer loop
vertex -29.8354 -2.81152 7.00304
vertex -30.9176 -2.30912 9.33194
vertex -31.2515 -3.42122 5.92204
endloop
endfacet

facet normal 0.179927 -0.826629 0.533208
outer loop
vertex 22.1502 -4.23252 8.63174
vertex 23.2649 -4.29812 8.15384
vertex 25.676 -1.95742 10.969
endloop
endfacet

facet normal 0.338485 -0.201147 -0.919221
outer loop
vertex -16.9483 -1.84862 -46.1852
vertex -15.9394 1.82898 -46.6184
vertex -16.8869 -4.15152 -45.6586
endloop
endfacet

facet normal 0.0190826 0.0257073 -0.999487
outer loop
vertex 12.7705 11.434 -48.7822
vertex 16.4453 11.7438 -48.7041
vertex 19.2822 -7.80422 -49.1527
endloop
endfacet

facet normal 0.502584 -0.574579 -0.645963
outer loop
vertex -28.6951 -0.456819 -3.46226
vertex -29.025 -1.64772 -2.65966
vertex -31.3057 -2.51152 -3.66576
endloop
endfacet

facet normal 0.94263 0.0783439 -0.324516
outer loop
vertex 19.1169 2.11338 33.9122
vertex 18.827 0.908281 32.7792
vertex 18.427 2.09838 31.9045
endloop
endfacet

facet normal -0.897018 0.16388 -0.410491
outer loop
vertex 33.0518 11.6953 9.85604
vertex 34.3257 11.7561 7.09674
vertex 31.6998 4.32208 9.86694
endloop
endfacet

facet normal -0.854005 -0.261935 -0.449517
outer loop
vertex -36.4219 8.86858 -0.378765
vertex -36.6516 9.96448 -0.580965
vertex -34.5555 8.36358 -3.63026
endloop
endfacet

facet normal -0.0846003 0.926379 -0.366966
outer loop
vertex -43.3315 7.01428 -17.5108
vertex -42.1665 6.72538 -18.5088
vertex -43.1488 6.52378 -18.7913
endloop
endfacet

facet normal -0.622691 0.119434 0.773299
outer loop
vertex -37.5415 1.63688 -15.3548
vertex -38.4143 -0.208019 -15.7727
vertex -37.6989 0.262381 -15.2693
endloop
endfacet

facet normal 0.973255 0.216861 0.0758065
outer loop
vertex 36.3286 0.898281 1.83604
vertex 36.6197 -0.172819 1.16254
vertex 37.091 -1.74872 -0.379665
endloop
endfacet

facet normal 0.376654 0.267488 0.886895
outer loop
vertex 12.4099 20.5259 -9.45196
vertex 11.1048 20.4771 -8.88296
vertex 12.6506 18.9025 -9.06456
endloop
endfacet

facet normal -0.314433 -0.57144 -0.758016
outer loop
vertex -11.7926 -24.6964 -18.4751
vertex -13.5102 -21.4015 -20.2466
vertex -10.9377 -22.0257 -20.8431
endloop
endfacet

facet normal -0.256169 0.881141 -0.397452
outer loop
vertex -20.7156 11.7412 -48.6445
vertex -20.4813 12.4972 -47.1195
vertex -18.7811 12.4867 -48.2386
endloop
endfacet

facet normal -0.226449 -0.446166 0.865827
outer loop
vertex -10.7278 17.6507 25.4504
vertex -9.45979 17.736 25.826
vertex -11.398 18.235 25.5762
endloop
endfacet

facet normal -0.886702 -0.455191 -0.0810008
outer loop
vertex -21.7721 -18.87 -10.1928
vertex -23.6989 -14.7935 -12.0092
vertex -22.497 -16.7936 -13.9256
endloop
endfacet

facet normal 0.389782 0.273151 0.879465
outer loop
vertex 12.6237 -8.57222 32.6767
vertex 12.2933 -7.41782 32.4646
vertex 11.1288 -7.35702 32.9618
endloop
endfacet

facet normal 0.372365 -0.91619 0.148121
outer loop
vertex 16.7881 -5.03672 19.2849
vertex 19.2962 -4.47432 16.4582
vertex 18.9582 -3.87942 20.9879
endloop
endfacet

facet normal -0.274846 -0.857585 -0.434751
outer loop
vertex -15.9726 -13.3597 -21.4119
vertex -15.9225 -11.5411 -25.0311
vertex -5.70749 -16.8488 -21.019
endloop
endfacet

facet normal 0.936153 0.0778148 0.342874
outer loop
vertex 24.4068 5.99018 -6.03436
vertex 24.2984 1.32198 -4.67906
vertex 26.3134 0.726781 -10.0455
endloop
endfacet

facet normal 0.0742023 0.954211 -0.289786
outer loop
vertex -16.7962 14.5865 -30.4171
vertex -13.9333 14.9676 -28.429
vertex -15.3277 13.9384 -32.1749
endloop
endfacet

facet normal -0.922811 0.102521 -0.371361
outer loop
vertex -17.7694 16.1923 20.6198
vertex -18.0448 15.9128 21.227
vertex -17.068 17.8238 19.3274
endloop
endfacet

facet normal -0.163501 -0.052405 -0.98515
outer loop
vertex -28.7749 -1.17612 -15.4609
vertex -25.4212 -1.69702 -15.9898
vertex -23.958 -6.75222 -15.9638
endloop
endfacet

facet normal 0.555974 0.769205 -0.314986
outer loop
vertex -13.0895 10.6999 -36.1328
vertex -16.6983 12.6984 -37.6224
vertex -15.3277 13.9384 -32.1749
endloop
endfacet

facet normal -0.178742 0.940026 -0.290521
outer loop
vertex 12.2212 14.0515 -32.0765
vertex 9.24811 14.51 -28.7638
vertex 11.2317 15.0982 -28.081
endloop
endfacet

facet normal 0.121437 -0.985153 0.121356
outer loop
vertex 32.1277 -4.99052 0.0759352
vertex 29.7662 -4.89902 3.18144
vertex 30.9325 -5.54822 -3.25526
endloop
endfacet

facet normal -0.248944 0.966964 0.0548451
outer loop
vertex -21.3698 13.5871 -32.4099
vertex -19.5569 14.1674 -34.4125
vertex -23.2368 13.2964 -35.7602
endloop
endfacet

facet normal -0.899788 -0.0945821 -0.425954
outer loop
vertex -43.4726 -1.57792 10.9781
vertex -43.9475 9.95268 9.42104
vertex -42.548 2.21478 8.18294
endloop
endfacet

facet normal -0.585837 -0.259733 -0.767681
outer loop
vertex -8.67029 -16.552 15.345
vertex -5.74659 -17.8167 13.5417
vertex -7.92629 -18.4297 15.4126
endloop
endfacet

facet normal -0.400854 -0.624806 -0.670025
outer loop
vertex -44.0515 4.50488 -18.6029
vertex -43.1013 4.98958 -19.6234
vertex -43.543 3.82258 -18.2709
endloop
endfacet

facet normal -0.0858613 -0.245262 -0.965647
outer loop
vertex 14.8431 -13.0502 -48.3129
vertex 17.2024 -12.3146 -48.7094
vertex 16.5723 -14.7524 -48.0343
endloop
endfacet

facet normal -0.948292 -0.0295723 0.316019
outer loop
vertex -17.4501 -17.5702 6.13634
vertex -16.4509 -17.0862 9.18024
vertex -15.5984 -15.9655 11.8429
endloop
endfacet

facet normal 0.866244 0.489266 -0.101189
outer loop
vertex 21.3868 11.3042 -24.9862
vertex 22.4956 9.42018 -24.6031
vertex 23.0063 8.08598 -26.6823
endloop
endfacet

facet normal -0.376335 0.919622 0.112546
outer loop
vertex -20.7064 -18.7976 -2.64936
vertex -19.4373 -18.7621 1.30404
vertex -18.4063 -17.7664 -3.38426
endloop
endfacet

facet normal -0.883003 0.468144 -0.0338694
outer loop
vertex 24.039 8.27988 2.16474
vertex 23.1958 6.59978 0.924435
vertex 21.2778 2.97688 0.851135
endloop
endfacet

facet normal 0.819948 -0.403955 0.405594
outer loop
vertex -33.1974 -5.40522 7.87984
vertex -31.2515 -3.42122 5.92204
vertex -31.9236 -3.14012 7.56074
endloop
endfacet

facet normal 0.108566 -0.279102 0.954105
outer loop
vertex 4.24211 22.8765 -7.93196
vertex 0.475507 23.7625 -7.24416
vertex 3.34301 22.5038 -7.93866
endloop
endfacet

facet normal 0.874097 0.466916 -0.133957
outer loop
vertex 19.3128 18.3194 -6.77576
vertex 20.5336 16.6799 -4.52506
vertex 22.4586 12.0064 -8.25336
endloop
endfacet

facet normal 0.134471 -0.92771 -0.348242
outer loop
vertex 32.1266 -7.66702 -11.0738
vertex 30.6259 -7.28032 -12.6835
vertex 32.2599 -6.87172 -13.1411
endloop
endfacet

facet normal -0.86856 -0.482615 0.112635
outer loop
vertex -11.5397 -11.9804 22.867
vertex -11.6829 -11.9358 21.9538
vertex -11.473 -13.0479 18.8069
endloop
endfacet

facet normal -0.606712 0.787334 0.109575
outer loop
vertex 9.71961 12.2848 28.6881
vertex 9.48671 11.8172 30.7589
vertex 10.9195 13.2152 28.6469
endloop
endfacet

facet normal -0.901444 0.0296631 -0.431879
outer loop
vertex -12.4772 -22.3779 2.61414
vertex -12.4572 -22.8748 2.53834
vertex -13.3963 -20.9883 4.62814
endloop
endfacet

facet normal -0.286313 0.93836 0.193665
outer loop
vertex 13.107 -8.07132 31.2889
vertex 13.7693 -7.96802 31.7675
vertex 15.0207 -7.38792 30.807
endloop
endfacet

facet normal -0.160124 -0.982168 -0.0985226
outer loop
vertex -1.13039 -24.6357 27.3786
vertex -3.53739 -24.272 27.6649
vertex -2.61729 -24.3574 27.0203
endloop
endfacet

facet normal 0.226555 0.94816 0.222859
outer loop
vertex -2.11909 22.5142 13.7976
vertex 1.97521 20.3949 18.6519
vertex -0.425593 23.1064 9.55634
endloop
endfacet

facet normal -0.348842 -0.74919 -0.563048
outer loop
vertex -20.7866 -8.29662 -38.8704
vertex -21.2885 -8.97762 -37.6533
vertex -23.3983 -7.22762 -38.6747
endloop
endfacet

facet normal 0.223657 0.938959 -0.261405
outer loop
vertex -41.8458 7.34298 -10.7372
vertex -40.5675 6.89418 -11.2556
vertex -42.9723 6.58638 -14.4187
endloop
endfacet

facet normal -0.342797 -0.884761 0.315734
outer loop
vertex 6.40571 -15.0085 19.0273
vertex 7.15731 -15.8906 17.3715
vertex 6.91641 -14.0669 22.2206
endloop
endfacet

facet normal -0.220794 -0.82311 -0.523202
outer loop
vertex 32.1079 -2.84992 -16.9531
vertex 31.5616 -2.21692 -17.7183
vertex 32.8278 -1.90282 -18.7468
endloop
endfacet

facet normal 0.173802 -0.602394 -0.779047
outer loop
vertex 16.4375 0.820881 36.611
vertex 14.6145 0.564781 36.4023
vertex 15.5365 1.06288 36.2229
endloop
endfacet

facet normal 0.125246 0.979973 0.154812
outer loop
vertex -38.144 -3.48062 -13.3373
vertex -35.8147 -3.69562 -13.8609
vertex -37.6448 -3.40702 -14.2072
endloop
endfacet

facet normal -0.82738 -0.530353 -0.184845
outer loop
vertex -6.65409 -22.6937 25.1764
vertex -6.42539 -23.4249 26.2508
vertex -7.29529 -22.2317 26.7208
endloop
endfacet

facet normal -0.849737 0.225774 0.476417
outer loop
vertex -30.1763 5.76028 17.9044
vertex -33.4419 8.39448 10.8317
vertex -33.8673 4.10558 12.1054
endloop
endfacet

facet normal 0.252832 0.368277 -0.894678
outer loop
vertex 17.6511 13.3925 -10.0213
vertex 19.7892 12.9932 -9.58146
vertex 18.1907 11.951 -10.4622
endloop
endfacet

facet normal 0.677279 -0.625785 -0.386894
outer loop
vertex 2.23001 -24.9592 20.2886
vertex -0.750093 -27.4231 19.057
vertex 3.39821 -23.0111 19.1824
endloop
endfacet

facet normal 0.876539 0.247401 0.412882
outer loop
vertex 5.73461 21.7133 20.6381
vertex 5.19801 20.553 22.4726
vertex 6.00091 19.1469 21.6107
endloop
endfacet

facet normal 0.50054 -0.841053 0.205155
outer loop
vertex -31.2591 -4.02502 1.91154
vertex -32.1501 -3.86802 4.72924
vertex -33.7066 -5.06562 3.61704
endloop
endfacet

facet normal 0.662703 0.630553 0.404013
outer loop
vertex 20.3729 13.8299 20.6005
vertex 19.7743 11.5638 25.1192
vertex 23.5464 12.3082 17.77
endloop
endfacet

facet normal 0.748428 -0.309098 -0.586783
outer loop
vertex -37.8141 -5.38782 -0.817865
vertex -35.3914 -6.53662 2.87734
vertex -39.7822 -6.88742 -2.53826
endloop
endfacet

facet normal 0.555536 -0.72459 -0.40786
outer loop
vertex 15.5204 -8.80542 30.7052
vertex 15.1251 -8.76452 30.094
vertex 15.9265 -7.65962 29.2229
endloop
endfacet

facet normal 0.283027 0.729173 -0.623059
outer loop
vertex -11.342 19.9893 24.9791
vertex -8.79639 19.1035 25.0987
vertex -11.4853 19.4941 24.3344
endloop
endfacet

facet normal -0.634225 -0.763058 -0.124503
outer loop
vertex -19.7852 -20.9556 -13.6785
vertex -15.6489 -24.1106 -15.4127
vertex -18.1642 -22.8054 -10.5986
endloop
endfacet

facet normal 0.0770364 0.995334 -0.0581
outer loop
vertex -2.47659 23.868 -7.50306
vertex -0.960293 23.6335 -9.50896
vertex -4.03839 23.9988 -7.33176
endloop
endfacet

facet normal -0.156934 0.935907 -0.315357
outer loop
vertex -32.2108 9.54718 -2.40006
vertex -34.1 8.81178 -3.64266
vertex -35.3723 10.2848 1.36224
endloop
endfacet

facet normal -0.241348 -0.827753 -0.506533
outer loop
vertex -23.6243 -5.61292 11.3594
vertex -26.8031 -3.39212 9.24484
vertex -23.6207 -4.82742 10.0741
endloop
endfacet

facet normal -0.172297 -0.750571 -0.637931
outer loop
vertex -26.8031 -3.39212 9.24484
vertex -25.4951 -2.95152 8.37324
vertex -23.6207 -4.82742 10.0741
endloop
endfacet

facet normal -0.0305765 0.524521 0.850848
outer loop
vertex -2.46589 16.0214 29.8442
vertex -2.94129 11.4741 32.6304
vertex -1.61339 11.6479 32.5709
endloop
endfacet

facet normal 0.682027 0.722597 0.11266
outer loop
vertex 15.2821 22.889 -4.33976
vertex 14.9254 22.395 0.988235
vertex 18.5657 19.8606 -4.79446
endloop
endfacet

facet normal -0.84597 0.256883 0.467275
outer loop
vertex -19.2013 17.9223 15.1655
vertex -22.9685 17.8697 8.37444
vertex -20.477 15.6101 14.1271
endloop
endfacet

facet normal -0.275978 0.139994 0.950914
outer loop
vertex 12.8153 0.508181 35.463
vertex 11.9113 -1.14602 35.4442
vertex 13.3631 -1.32292 35.8916
endloop
endfacet

facet normal -0.992076 -0.107866 0.0644171
outer loop
vertex -9.84639 19.7991 21.8676
vertex -10.1031 21.1378 20.1569
vertex -9.86169 19.4222 21.0012
endloop
endfacet

facet normal -0.930579 -0.322745 -0.172795
outer loop
vertex -16.5357 12.7225 27.4333
vertex -16.7785 13.1215 27.9957
vertex -17.0171 14.6569 26.4131
endloop
endfacet

facet normal -0.430767 -0.776029 0.460673
outer loop
vertex -13.3963 -20.9883 4.62814
vertex -18.0266 -18.168 5.04944
vertex -14.0176 -22.023 2.30434
endloop
endfacet

facet normal 0.545252 -0.735233 0.402657
outer loop
vertex 13.2464 -6.65022 30.1512
vertex 15.0801 -5.96742 28.915
vertex 14.9137 -5.36122 30.2472
endloop
endfacet

facet normal 0.663397 0.734555 0.142595
outer loop
vertex 17.2802 13.0155 -46.2413
vertex 20.8571 8.69138 -40.6071
vertex 20.1954 10.3468 -46.056
endloop
endfacet

facet normal 0.551185 0.396728 -0.734031
outer loop
vertex 19.0208 4.49378 30.2326
vertex 19.0143 5.65168 30.8534
vertex 19.777 5.70908 31.4572
endloop
endfacet

facet normal -0.552204 0.671209 -0.49452
outer loop
vertex 31.1583 6.66508 -6.67506
vertex 32.8257 6.61258 -8.60826
vertex 33.1513 4.63538 -11.6554
endloop
endfacet

facet normal -0.458658 0.116888 0.880892
outer loop
vertex 32.4429 3.56808 11.4898
vertex 31.8833 1.36608 11.4906
vertex 33.026 1.16248 12.1126
endloop
endfacet

facet normal 0.744517 0.583467 -0.324438
outer loop
vertex 32.6749 -6.15172 -6.44386
vertex 33.6567 -6.79182 -5.34206
vertex 33.3564 -8.47232 -9.05336
endloop
endfacet

facet normal -0.117667 0.477873 -0.870513
outer loop
vertex 4.24211 22.8765 -7.93196
vertex 3.71701 24.5945 -6.91776
vertex 4.74201 22.6327 -8.13336
endloop
endfacet

facet normal 0.384598 -0.468282 -0.795485
outer loop
vertex -11.3559 -3.20852 -42.3752
vertex -14.8229 -4.46042 -43.3146
vertex -14.1749 -3.39212 -43.6301
endloop
endfacet

facet normal -0.856232 0.39903 0.328087
outer loop
vertex 6.02901 2.68028 -38.7053
vertex 9.11411 9.06528 -38.4196
vertex 7.94191 8.06038 -40.2565
endloop
endfacet

facet normal 0.280852 -0.622827 0.730211
outer loop
vertex 13.3459 -3.59212 34.8157
vertex 16.7812 -3.26852 33.7705
vertex 14.8196 -1.77402 35.7996
endloop
endfacet

facet normal -0.602935 -0.701545 -0.379874
outer loop
vertex 4.57051 -3.64532 -31.9385
vertex 6.38681 -3.40522 -35.2647
vertex 8.57391 -8.39012 -29.5301
endloop
endfacet

facet normal -0.513354 -0.150412 0.844893
outer loop
vertex -6.56509 -15.7327 32.3509
vertex -6.89849 -19.0011 31.5665
vertex -4.43159 -16.7803 33.4607
endloop
endfacet

facet normal -0.376126 0.923551 -0.0747101
outer loop
vertex -42.9723 6.58638 -14.4187
vertex -43.8028 6.26718 -14.1836
vertex -41.8458 7.34298 -10.7372
endloop
endfacet

facet normal -0.0917529 -0.994249 -0.0552375
outer loop
vertex 24.2772 -5.92492 10.6693
vertex 25.0374 -5.82892 7.67774
vertex 25.1584 -6.11672 12.6581
endloop
endfacet

facet normal -0.0224318 -0.99971 0.00871823
outer loop
vertex 29.7662 -4.89902 3.18144
vertex 26.7784 -4.80862 5.85714
vertex 25.6017 -4.80122 3.68314
endloop
endfacet

facet normal 0.0827652 -0.863739 -0.497097
outer loop
vertex 15.5204 -8.80542 30.7052
vertex 13.8041 -9.30292 31.2838
vertex 13.8972 -8.84082 30.4964
endloop
endfacet

facet normal 0.587463 0.796049 -0.145577
outer loop
vertex 11.1201 21.7671 -10.1202
vertex 15.3034 18.5019 -11.0938
vertex 14.9442 17.4291 -18.4097
endloop
endfacet

facet normal -0.484175 0.773928 -0.408179
outer loop
vertex -46.0733 7.57578 -3.64786
vertex -40.8918 9.75648 -5.65946
vertex -44.4032 7.96458 -4.89176
endloop
endfacet

facet normal 0.5966 -0.688032 0.413135
outer loop
vertex -0.595593 -23.4039 26.5338
vertex 0.446507 -23.1351 25.4766
vertex 0.379007 -22.5956 26.4724
endloop
endfacet

facet normal 0.664264 -0.430073 -0.611384
outer loop
vertex 21.4676 -3.09882 -39.9342
vertex 24.7765 1.43778 -39.5303
vertex 23.3818 -1.90342 -38.6953
endloop
endfacet

facet normal -0.149428 0.963795 0.220839
outer loop
vertex -25.7168 13.7994 18.0352
vertex -22.3697 14.2742 18.2281
vertex -27.1212 14.9697 11.9774
endloop
endfacet

facet normal 0.108631 -0.67079 0.733649
outer loop
vertex 5.39881 -6.82162 31.6804
vertex 7.76181 -4.34622 33.5938
vertex 3.06001 -3.52322 35.0425
endloop
endfacet

facet normal 0.350067 0.936619 -0.0140621
outer loop
vertex -20.6702 13.6323 17.7823
vertex -24.3393 14.9147 11.8601
vertex -22.3697 14.2742 18.2281
endloop
endfacet

facet normal 0.953873 -0.242901 -0.176426
outer loop
vertex -36.1165 -6.50702 -11.6222
vertex -36.1227 -5.20792 -13.4442
vertex -35.8147 -3.69562 -13.8609
endloop
endfacet

facet normal -0.907357 -0.134839 -0.398148
outer loop
vertex 29.8596 -6.12612 -12.6038
vertex 29.8853 -3.39542 -13.5872
vertex 30.5199 -5.30032 -14.3882
endloop
endfacet

facet normal -0.614254 -0.180016 -0.768301
outer loop
vertex 39.6414 2.97078 -9.52916
vertex 41.0142 5.51878 -11.2238
vertex 41.0235 1.31348 -10.2459
endloop
endfacet

facet normal 0.202384 -0.850415 -0.485629
outer loop
vertex 2.77731 -16.5442 -20.5538
vertex 0.398007 -14.8382 -24.5329
vertex 9.14321 -15.1322 -20.3735
endloop
endfacet

facet normal 0.1682 -0.865574 -0.471688
outer loop
vertex 0.398007 -14.8382 -24.5329
vertex 2.77731 -16.5442 -20.5538
vertex -2.49399 -16.659 -22.2229
endloop
endfacet

facet normal -0.807749 0.58215 0.0929713
outer loop
vertex -10.3184 18.747 24.3552
vertex -9.25799 20.486 22.6796
vertex -9.84639 19.7991 21.8676
endloop
endfacet

facet normal -0.67532 -0.519704 0.523308
outer loop
vertex -36.2483 1.41878 9.13864
vertex -31.8459 0.354481 13.7628
vertex -32.94 1.90498 13.8907
endloop
endfacet

facet normal 0.430323 0.43537 -0.790743
outer loop
vertex 33.4328 7.52388 -5.69106
vertex 34.2789 8.50498 -4.69036
vertex 35.6187 7.23858 -4.65846
endloop
endfacet

facet normal -0.33102 0.0351112 -0.94297
outer loop
vertex -25.5913 8.68778 -45.8607
vertex -22.7274 10.7787 -46.7882
vertex -25.0471 7.25908 -46.1049
endloop
endfacet

facet normal -0.6124 0.790548 -0.000968063
outer loop
vertex -21.7706 12.1137 -40.6555
vertex -20.2384 13.3009 -40.431
vertex -20.4882 13.1034 -43.7182
endloop
endfacet

facet normal 0.758825 0.353078 0.547284
outer loop
vertex 37.1204 7.25748 -1.11476
vertex 35.398 6.00848 2.07914
vertex 36.6826 5.90308 0.366035
endloop
endfacet

facet normal 0.0536564 0.909056 0.413205
outer loop
vertex -2.31189 19.3296 20.9015
vertex -2.70559 18.1308 23.59
vertex -0.430993 17.8487 23.9153
endloop
endfacet

facet normal -0.644027 0.46162 0.61003
outer loop
vertex 31.54 -0.856819 -14.7896
vertex 31.4504 -0.448019 -15.1936
vertex 30.115 -1.01872 -16.1716
endloop
endfacet

facet normal -0.809301 0.0288691 0.586684
outer loop
vertex -41.7178 10.5688 11.1187
vertex -41.0129 -3.72922 12.7946
vertex -40.21 10.4664 13.2035
endloop
endfacet

facet normal 0.0612641 -0.388178 0.919546
outer loop
vertex 1.64081 -22.5045 21.2734
vertex -2.41629 -23.0289 21.3223
vertex 1.90921 -23.328 20.9078
endloop
endfacet

facet normal 0.860866 0.0363612 0.50753
outer loop
vertex 22.394 3.58968 23.4796
vertex 21.3906 9.01458 24.793
vertex 19.7097 7.39098 27.7605
endloop
endfacet

facet normal 0.164425 0.928584 -0.332711
outer loop
vertex 17.1 7.87338 34.6699
vertex 18.6507 7.34208 33.9534
vertex 19.466 6.68408 32.52
endloop
endfacet

facet normal 0.226437 -0.724123 -0.651439
outer loop
vertex -16.8169 20.9582 16.1043
vertex -16.7811 19.374 17.8777
vertex -18.2524 19.8098 16.8819
endloop
endfacet

facet normal 0.968471 -0.0323593 0.247014
outer loop
vertex -12.1449 9.58338 -45.406
vertex -12.9117 0.253181 -43.6215
vertex -12.1275 5.92678 -45.953
endloop
endfacet

facet normal -0.879641 -0.471402 0.063336
outer loop
vertex -24.6665 -6.27512 -23.6079
vertex -27.0227 -1.46182 -20.5066
vertex -26.5662 -2.79042 -24.0551
endloop
endfacet

facet normal -0.658713 -0.491508 0.569664
outer loop
vertex -10.1744 -14.4858 30.0804
vertex -6.62919 -15.2558 33.5154
vertex -8.02249 -13.8551 33.1128
endloop
endfacet

facet normal -0.217459 -0.819409 -0.530359
outer loop
vertex -5.70749 -16.8488 -21.019
vertex -15.9225 -11.5411 -25.0311
vertex -4.20629 -15.3776 -23.9075
endloop
endfacet

facet normal -0.417114 -0.492703 -0.763714
outer loop
vertex 8.98371 21.3846 16.6073
vertex 6.95621 22.3899 17.0661
vertex 9.05511 22.1534 16.0723
endloop
endfacet

facet normal -0.175151 -0.723432 -0.667808
outer loop
vertex 12.5824 18.4627 18.8468
vertex 12.9904 20.5144 16.5172
vertex 14.6272 17.8088 19.0189
endloop
endfacet

facet normal 0.319461 -0.699372 0.639393
outer loop
vertex 17.3813 -9.03192 -43.5219
vertex 19.7028 -8.03172 -43.5877
vertex 17.8127 -6.21582 -40.6571
endloop
endfacet

facet normal 0.366473 0.806901 0.463259
outer loop
vertex -16.3254 13.5877 -39.3796
vertex -17.7502 14.1675 -39.2623
vertex -17.8691 13.2117 -37.5035
endloop
endfacet

facet normal 0.10943 0.0124044 0.993917
outer loop
vertex 11.6298 22.2048 17.575
vertex 9.01641 22.1922 17.8629
vertex 11.1436 21.4235 17.6383
endloop
endfacet

facet normal -0.950332 0.0573446 0.305909
outer loop
vertex -46.7086 -0.0941194 -10.4707
vertex -46.5088 0.808781 -10.0192
vertex -46.6655 1.31958 -10.6019
endloop
endfacet

facet normal 0.980812 0.00606794 0.194862
outer loop
vertex 23.3051 1.67318 -17.7956
vertex 23.0121 6.13798 -16.4598
vertex 22.8966 3.56998 -15.7987
endloop
endfacet

facet normal 0.216666 0.625704 0.749367
outer loop
vertex 16.7567 5.29008 34.321
vertex 15.3509 7.60968 32.7906
vertex 14.5573 6.11038 34.272
endloop
endfacet

facet normal 0.242943 -0.5834 -0.774998
outer loop
vertex -37.6041 -4.49322 -14.4466
vertex -36.1227 -5.20792 -13.4442
vertex -37.3705 -6.89642 -12.5644
endloop
endfacet

facet normal -0.766084 0.636077 0.0923082
outer loop
vertex 26.7421 14.083 9.01494
vertex 27.39 14.5213 11.3712
vertex 28.2452 15.4177 12.2918
endloop
endfacet

facet normal 0.44542 0.211101 -0.870079
outer loop
vertex 23.9932 3.71528 -14.4811
vertex 25.0185 2.27368 -14.3059
vertex 24.0264 -0.611219 -15.5138
endloop
endfacet

facet normal -0.864368 -0.0834888 0.49588
outer loop
vertex -24.5094 15.3438 7.05354
vertex -24.6208 13.9537 6.62534
vertex -20.477 15.6101 14.1271
endloop
endfacet

facet normal 0.0850408 -0.765004 0.638386
outer loop
vertex 11.4136 -5.89072 32.3187
vertex 14.5725 -5.83892 31.9599
vertex 13.3459 -3.59212 34.8157
endloop
endfacet

facet normal -0.221992 -0.782387 0.581886
outer loop
vertex -7.27459 -24.0887 3.71294
vertex -6.98589 -20.0073 9.31074
vertex -9.68969 -23.3613 3.76974
endloop
endfacet

facet normal -0.0267587 -0.635453 0.771676
outer loop
vertex -3.66149 -26.6521 22.3749
vertex -2.32089 -27.7687 21.502
vertex -2.53999 -26.3075 22.6976
endloop
endfacet

facet normal 0.920818 -0.362526 0.14377
outer loop
vertex 5.38201 -14.8049 30.5421
vertex 4.99511 -16.6023 28.4879
vertex 5.75571 -14.4585 29.0219
endloop
endfacet

facet normal 0.716424 0.635741 -0.287351
outer loop
vertex 17.3055 16.43 4.61074
vertex 17.5929 17.8164 8.39464
vertex 18.3319 15.9177 6.03654
endloop
endfacet

facet normal -0.29808 0.954541 0.000139156
outer loop
vertex -13.9699 19.1673 24.4848
vertex -14.1142 19.122 26.0743
vertex -11.5563 19.9207 26.0763
endloop
endfacet

facet normal 0.127564 0.874136 -0.46863
outer loop
vertex 7.15241 19.8457 25.3959
vertex 9.48341 19.0379 24.5237
vertex 6.58651 19.3858 24.3842
endloop
endfacet

facet normal 0.47859 -0.714728 -0.510015
outer loop
vertex 41.0235 1.31348 -10.2459
vertex 42.1521 1.84878 -9.93686
vertex 41.801 0.974381 -9.04106
endloop
endfacet

facet normal -0.596867 0.55635 -0.578121
outer loop
vertex -24.9985 11.8455 -37.581
vertex -21.7706 12.1137 -40.6555
vertex -24.9787 8.80548 -40.527
endloop
endfacet

facet normal -0.78813 -0.403988 0.464375
outer loop
vertex 13.9562 -10.0448 -46.5065
vertex 14.922 -10.8149 -45.5374
vertex 12.9904 -8.13392 -46.4833
endloop
endfacet

facet normal 0.59842 -0.795508 0.0951831
outer loop
vertex -0.988193 -16.5663 36.425
vertex 0.121807 -15.8094 35.7726
vertex -0.328993 -16.0268 36.7896
endloop
endfacet

facet normal 0.736995 -0.498018 -0.456965
outer loop
vertex -11.1433 -3.64302 -35.654
vertex -10.0754 0.727681 -38.6951
vertex -9.62339 -3.49182 -33.3676
endloop
endfacet

facet normal -0.827385 0.478779 -0.293606
outer loop
vertex 9.89931 9.36208 -46.6033
vertex 11.0049 11.2686 -46.61
vertex 10.1354 8.85158 -48.1011
endloop
endfacet

facet normal 0.565654 0.104687 -0.817971
outer loop
vertex 33.2655 -6.37792 -3.00976
vertex 33.5431 -6.56072 -2.84126
vertex 32.8106 -7.10372 -3.41726
endloop
endfacet

facet normal 0.695263 -0.681173 0.229375
outer loop
vertex 14.4518 -19.1073 0.639035
vertex 11.3338 -22.65 -0.430465
vertex 17.2125 -18.496 -5.91346
endloop
endfacet

facet normal 0.0113025 0.386012 -0.922425
outer loop
vertex -9.88409 -17.1704 -19.6289
vertex -2.73189 -18.952 -20.2868
vertex -12.0142 -17.0579 -19.6079
endloop
endfacet

facet normal 0.871615 0.472882 0.12911
outer loop
vertex 12.3461 16.244 25.7269
vertex 11.759 17.4066 25.4319
vertex 12.8841 14.849 27.2039
endloop
endfacet

facet normal -0.648794 -0.574725 0.498757
outer loop
vertex -11.1882 -15.3601 24.2515
vertex -10.5487 -14.9564 25.5486
vertex -11.7103 -13.495 25.7216
endloop
endfacet

facet normal -0.632882 0.0943329 0.76848
outer loop
vertex 28.5487 1.86338 13.0135
vertex 27.7442 0.480781 12.5207
vertex 29.5987 2.54488 13.7946
endloop
endfacet

facet normal -0.685815 0.624772 -0.373253
outer loop
vertex -15.5984 -15.9655 11.8429
vertex -14.9217 -15.6391 11.1459
vertex -14.4166 -15.8341 9.89144
endloop
endfacet

facet normal 0.749758 -0.55009 0.367782
outer loop
vertex 7.37271 -12.9661 23.996
vertex 7.71501 -11.5283 25.4487
vertex 6.56591 -12.784 25.913
endloop
endfacet

facet normal -0.0656993 0.682985 -0.727472
outer loop
vertex -36.8116 6.54228 -6.42776
vertex -37.5102 7.48828 -5.47656
vertex -35.4325 7.35938 -5.78516
endloop
endfacet

facet normal -0.855146 -0.393329 0.337665
outer loop
vertex -18.9758 -11.7449 3.25664
vertex -17.6899 -11.2733 7.06264
vertex -24.1091 -0.655619 3.17404
endloop
endfacet

facet normal 0.779106 0.376648 0.501129
outer loop
vertex 18.7531 18.7388 -0.520665
vertex 18.5325 14.4654 3.03404
vertex 20.2768 15.4633 -0.427765
endloop
endfacet

facet normal -0.526242 0.690947 -0.495643
outer loop
vertex 33.8182 -5.49462 -1.64716
vertex 33.5431 -6.56072 -2.84126
vertex 32.1736 -5.30752 0.359935
endloop
endfacet

facet normal -0.300659 0.866848 0.397716
outer loop
vertex 13.9506 13.6682 23.8912
vertex 12.7866 11.4742 27.7932
vertex 14.9844 12.5811 27.0421
endloop
endfacet

facet normal 0.860398 0.508879 0.027516
outer loop
vertex 13.9802 20.0502 17.2134
vertex 13.5574 20.6926 18.5508
vertex 14.8857 18.4024 19.3717
endloop
endfacet

facet normal -0.95329 0.0596982 -0.2961
outer loop
vertex -30.6472 2.10568 -11.8241
vertex -30.0468 -0.254619 -14.2328
vertex -30.4879 -1.89022 -13.1427
endloop
endfacet

facet normal 0.292134 0.912899 0.285083
outer loop
vertex 5.99181 12.6669 31.2846
vertex 9.71961 12.2848 28.6881
vertex 5.90631 13.506 28.6852
endloop
endfacet

facet normal 0.517079 0.0480669 0.854587
outer loop
vertex 9.86481 10.6939 30.5933
vertex 11.3734 12.9149 29.5556
vertex 9.48671 11.8172 30.7589
endloop
endfacet

facet normal 0.184531 0.236418 -0.953968
outer loop
vertex 9.64001 -14.7852 -18.7049
vertex 8.04761 -16.5976 -19.4621
vertex 7.81511 -15.0821 -19.1314
endloop
endfacet

facet normal -0.65955 -0.72977 -0.180085
outer loop
vertex -22.2497 -6.16282 -40.7709
vertex -23.3421 -5.40002 -39.8609
vertex -25.5397 -3.35562 -40.0974
endloop
endfacet

facet normal -0.394363 -0.833556 -0.386862
outer loop
vertex 8.57391 -8.39012 -29.5301
vertex 11.0863 -7.23542 -34.5791
vertex 9.56331 -10.0167 -27.0339
endloop
endfacet

facet normal -0.36598 0.385642 0.846959
outer loop
vertex 3.35701 13.7471 30.5824
vertex 2.56661 16.1797 29.1332
vertex 1.92191 15.4479 29.1878
endloop
endfacet

facet normal 0.648607 -0.60953 0.455831
outer loop
vertex 0.121807 -15.8094 35.7726
vertex 2.24511 -15.2677 33.4757
vertex 1.49821 -14.6552 35.3574
endloop
endfacet

facet normal 0.443848 0.0356852 0.895391
outer loop
vertex -16.7811 19.374 17.8777
vertex -15.5283 20.3586 17.2175
vertex -17.8406 20.8977 18.3422
endloop
endfacet

facet normal 0.530503 0.764803 -0.365572
outer loop
vertex -13.0895 10.6999 -36.1328
vertex -13.9333 14.9676 -28.429
vertex -10.0934 11.017 -31.1217
endloop
endfacet

facet normal -0.648656 0.137731 0.748515
outer loop
vertex -16.8823 1.04578 35.0403
vertex -16.9728 4.68218 34.2928
vertex -20.8346 0.944481 31.6339
endloop
endfacet

facet normal -0.0124658 -0.991327 0.130828
outer loop
vertex 0.608307 -28.6323 -3.87026
vertex -4.71899 -28.8048 -5.68506
vertex 0.710707 -29.3261 -9.11796
endloop
endfacet

facet normal -0.150642 0.033306 -0.988027
outer loop
vertex -28.7749 -1.17612 -15.4609
vertex -26.3264 0.433881 -15.78
vertex -25.4212 -1.69702 -15.9898
endloop
endfacet

facet normal -0.770356 -0.559031 0.306654
outer loop
vertex -6.62919 -15.2558 33.5154
vertex -5.56299 -15.9795 34.8746
vertex -6.58249 -14.7925 34.4774
endloop
endfacet

facet normal 0.725381 -0.248044 0.642104
outer loop
vertex -10.0279 -23.7788 3.76534
vertex -11.9072 -20.1652 7.28424
vertex -12.7368 -19.579 8.44794
endloop
endfacet

facet normal -0.465214 -0.635127 0.616595
outer loop
vertex -9.13639 -16.8697 28.5819
vertex -8.56529 -16.6384 29.2511
vertex -9.71039 -16.0822 28.96
endloop
endfacet

facet normal -0.387446 -0.844767 0.369126
outer loop
vertex -40.2952 -6.19042 -3.18876
vertex -41.4304 -5.62782 -3.09276
vertex -40.8254 -6.51162 -4.48026
endloop
endfacet

facet normal -0.581553 0.537884 -0.610309
outer loop
vertex 34.9519 2.07768 4.59384
vertex 34.7449 4.64608 7.05464
vertex 35.3189 1.58468 3.80954
endloop
endfacet

facet normal 0.697892 -0.679252 0.227077
outer loop
vertex 0.544507 -26.1871 21.796
vertex -0.632693 -27.7601 20.7087
vertex 2.23001 -24.9592 20.2886
endloop
endfacet

facet normal -0.996027 0.0727452 0.0513674
outer loop
vertex -27.622 1.80518 -18.607
vertex -28.0457 5.41538 -31.9359
vertex -28.3773 1.32478 -32.5714
endloop
endfacet

facet normal 0.940043 0.19946 -0.27665
outer loop
vertex 37.901 -4.36572 -16.822
vertex 37.4154 -2.49252 -17.1216
vertex 38.1904 -3.45112 -15.1793
endloop
endfacet

facet normal 0.0165329 0.969874 0.243046
outer loop
vertex -5.50479 -25.5995 23.5917
vertex -3.56199 -25.4146 22.7218
vertex -4.73389 -25.2727 22.2353
endloop
endfacet

facet normal -0.033171 0.990108 0.136332
outer loop
vertex -3.56199 -25.4146 22.7218
vertex -5.50479 -25.5995 23.5917
vertex -3.75219 -25.5703 23.8061
endloop
endfacet

facet normal -0.495246 -0.174531 -0.851041
outer loop
vertex -47.7855 1.72998 -10.0343
vertex -46.5565 5.69868 -11.5634
vertex -46.6655 1.31958 -10.6019
endloop
endfacet

facet normal 0.574983 0.818087 0.0113318
outer loop
vertex 15.1288 13.8933 -38.858
vertex 16.3932 13.0303 -40.7085
vertex 16.3676 13.0958 -44.1433
endloop
endfacet

facet normal -0.318259 0.947815 -0.0189244
outer loop
vertex -43.9129 6.65318 -10.523
vertex -41.7912 7.39838 -8.88226
vertex -41.8458 7.34298 -10.7372
endloop
endfacet

facet normal 0.981986 -0.128321 0.1387
outer loop
vertex 24.632 1.07538 -42.2601
vertex 24.4334 -0.172719 -42.0089
vertex 24.3826 -3.03902 -44.3011
endloop
endfacet

facet normal -0.58244 -0.659552 0.475137
outer loop
vertex -27.9023 -10.251 -47.266
vertex -29.1278 -9.52062 -47.7543
vertex -27.5397 -11.2298 -48.1802
endloop
endfacet

facet normal 0.523844 -0.699594 0.485959
outer loop
vertex 19.5125 4.86338 32.0639
vertex 19.3646 5.85338 33.6485
vertex 18.7207 4.13618 31.8705
endloop
endfacet

facet normal -0.120102 0.758861 -0.640082
outer loop
vertex -12.3706 20.2783 -20.4675
vertex -6.15879 21.8616 -19.756
vertex -5.51039 17.5623 -24.9748
endloop
endfacet

facet normal 0.750032 0.332151 0.571951
outer loop
vertex 17.2125 -18.496 -5.91346
vertex 19.0966 -12.3402 -11.9591
vertex 16.333 -16.6998 -5.80326
endloop
endfacet

facet normal 0.476312 -0.741805 0.472073
outer loop
vertex 15.8461 -5.27252 31.5649
vertex 16.7812 -3.26852 33.7705
vertex 14.5725 -5.83892 31.9599
endloop
endfacet

facet normal 0.022407 0.40904 0.912241
outer loop
vertex 11.7768 16.9343 26.8143
vertex 10.86 18.1029 26.3128
vertex 11.5532 15.0469 27.666
endloop
endfacet

facet normal 0.320125 0.636618 0.701596
outer loop
vertex -36.0417 -3.83132 -12.3178
vertex -37.7608 -4.30542 -11.1033
vertex -36.1263 -5.32602 -10.923
endloop
endfacet

facet normal 0.820547 0.180265 -0.542409
outer loop
vertex -36.0209 12.4269 1.09284
vertex -33.7994 12.8321 4.58824
vertex -35.3723 10.2848 1.36224
endloop
endfacet

facet normal -0.633584 0.652399 -0.415869
outer loop
vertex 7.52231 11.3234 -32.4521
vertex 10.7381 10.9602 -37.9212
vertex 9.11411 9.06528 -38.4196
endloop
endfacet

facet normal -0.403855 -0.753995 0.518066
outer loop
vertex -12.3992 -13.5173 17.5233
vertex -14.2262 -10.5311 20.4453
vertex -14.9167 -13.2093 16.0091
endloop
endfacet

facet normal 0.994073 0.0893646 0.061907
outer loop
vertex 30.6608 10.2043 13.2571
vertex 31.4177 4.15858 9.83084
vertex 31.1627 8.22178 8.06044
endloop
endfacet

facet normal -0.635717 -0.68172 -0.362108
outer loop
vertex 35.6187 7.23858 -4.65846
vertex 34.2789 8.50498 -4.69036
vertex 34.6772 8.78568 -5.91806
endloop
endfacet

facet normal -0.998892 -0.0308991 -0.0355089
outer loop
vertex -6.63689 -24.8689 23.4702
vertex -6.64879 -23.5407 22.6494
vertex -6.64569 -23.3265 22.3749
endloop
endfacet

facet normal -0.471606 0.881496 -0.0234894
outer loop
vertex -19.4373 -18.7621 1.30404
vertex -17.4501 -17.5702 6.13634
vertex -17.25 -17.6531 -0.992565
endloop
endfacet

facet normal 0.826389 -0.0321448 -0.562182
outer loop
vertex -37.1659 -2.63812 13.126
vertex -38.9837 3.86818 10.0819
vertex -37.6725 9.79278 11.6706
endloop
endfacet

facet normal 0.437175 -0.833224 -0.33855
outer loop
vertex 9.14321 -15.1322 -20.3735
vertex 13.7378 -10.648 -25.4768
vertex 17.5551 -8.17462 -26.6347
endloop
endfacet

facet normal 0.265979 0.843228 0.467142
outer loop
vertex 12.7866 11.4742 27.7932
vertex 11.7831 11.6235 28.0951
vertex 11.4877 11.2164 28.9981
endloop
endfacet

facet normal -0.794308 -0.607487 0.00585434
outer loop
vertex -24.8356 -5.11832 -30.8103
vertex -26.5662 -2.79042 -24.0551
vertex -26.1826 -3.36002 -31.1186
endloop
endfacet

facet normal 0.913906 0.280596 -0.293328
outer loop
vertex 5.43691 -16.0806 21.1632
vertex 6.05721 -17.3008 21.9285
vertex 5.75001 -18.1851 20.1254
endloop
endfacet

facet normal -0.781671 -0.263491 -0.565298
outer loop
vertex 5.75041 16.6994 26.1256
vertex 5.74761 17.1399 25.9241
vertex 6.45701 17.6298 24.7148
endloop
endfacet

facet normal 0.168048 0.98015 -0.105193
outer loop
vertex 15.5583 2.13288 37.6238
vertex 15.4413 2.01088 36.3005
vertex 14.3631 2.18088 36.1618
endloop
endfacet

facet normal -0.147966 -0.90972 0.387963
outer loop
vertex -4.05159 -16.6728 -19.6795
vertex -7.42889 -16.068 -19.5492
vertex -7.31269 -16.4803 -20.4717
endloop
endfacet

facet normal 0.612228 -0.771441 0.173364
outer loop
vertex -1.13039 -24.6357 27.3786
vertex 0.120607 -23.5737 27.6864
vertex 1.01231 -22.453 29.5245
endloop
endfacet

facet normal -0.475493 0.836656 0.27187
outer loop
vertex -27.1212 14.9697 11.9774
vertex -28.8701 13.4215 13.6832
vertex -25.7168 13.7994 18.0352
endloop
endfacet

facet normal 0.71656 0.458217 -0.525907
outer loop
vertex 21.5689 9.96218 -38.6867
vertex 24.8666 4.65988 -38.8133
vertex 25.2841 2.10348 -40.4717
endloop
endfacet

facet normal -0.39104 0.519309 -0.759872
outer loop
vertex -26.8377 4.96638 -14.3739
vertex -26.7035 8.32558 -12.1472
vertex -26.0848 6.62548 -13.6275
endloop
endfacet

facet normal 0.898993 0.147968 0.412209
outer loop
vertex 24.4068 5.99018 -6.03436
vertex 20.2768 15.4633 -0.427765
vertex 20.0268 10.8453 1.77524
endloop
endfacet

facet normal -0.382032 0.0747014 -0.921125
outer loop
vertex 37.661 -4.74482 -8.71296
vertex 38.2734 -4.84922 -8.97546
vertex 36.4949 -6.51162 -8.37266
endloop
endfacet

facet normal 0.910452 0.407102 -0.0731058
outer loop
vertex 21.8799 9.67628 -31.8552
vertex 23.0063 8.08598 -26.6823
vertex 23.4387 6.21858 -31.6965
endloop
endfacet

facet normal -0.512184 -0.182551 -0.839251
outer loop
vertex -44.9874 0.755081 -3.73676
vertex -45.8898 1.07248 -3.25506
vertex -46.1577 6.74738 -4.32606
endloop
endfacet

facet normal 0.999489 -0.00544444 -0.0314872
outer loop
vertex 39.6035 -3.24102 -9.65866
vertex 39.5582 -3.06012 -11.1278
vertex 39.6414 2.97078 -9.52916
endloop
endfacet

facet normal -0.494422 -0.79814 0.344267
outer loop
vertex -7.90649 -16.337 30.8958
vertex -9.03489 -15.7248 30.6948
vertex -8.56529 -16.6384 29.2511
endloop
endfacet

facet normal 0.862952 0.418641 -0.282936
outer loop
vertex 35.2436 13.332 7.96054
vertex 34.9666 14.5842 8.96834
vertex 35.3454 13.9397 9.17014
endloop
endfacet

facet normal -0.364868 -0.679714 0.636286
outer loop
vertex -2.20029 -18.3626 36.8468
vertex -2.54529 -16.7299 38.3932
vertex -3.78549 -16.923 37.4756
endloop
endfacet

facet normal -0.588391 0.730186 -0.347312
outer loop
vertex -16.6852 22.0188 17.5341
vertex -15.5901 22.2228 16.1077
vertex -18.3872 20.4447 17.108
endloop
endfacet

facet normal -0.735523 -0.559867 0.381516
outer loop
vertex -24.126 -1.96952 21.0451
vertex -25.5136 0.401281 21.849
vertex -24.5369 -4.73502 16.1945
endloop
endfacet

facet normal 0.395291 -0.392159 -0.830636
outer loop
vertex -14.1749 -3.39212 -43.6301
vertex -11.0294 -1.92252 -42.827
vertex -11.3559 -3.20852 -42.3752
endloop
endfacet

facet normal -0.458691 -0.882906 -0.100398
outer loop
vertex -43.003 -5.91092 -9.90976
vertex -44.9541 -4.87872 -10.0726
vertex -43.3791 -5.35012 -13.1229
endloop
endfacet

facet normal -0.690461 -0.189547 -0.698094
outer loop
vertex -45.7807 -2.47632 -10.2882
vertex -45.5484 -4.23972 -10.0391
vertex -46.1441 -4.66512 -9.33446
endloop
endfacet

facet normal 0.758881 -0.497548 -0.420173
outer loop
vertex 12.9876 -14.2824 10.6632
vertex 12.0844 -13.1797 7.72614
vertex 14.0204 -12.2369 10.1062
endloop
endfacet

facet normal -0.564955 0.815763 0.123921
outer loop
vertex -23.3965 11.4932 -46.3775
vertex -20.4882 13.1034 -43.7182
vertex -21.3444 12.9365 -46.5235
endloop
endfacet

facet normal 0.451115 0.472325 0.757235
outer loop
vertex 19.7097 7.39098 27.7605
vertex 19.7743 11.5638 25.1192
vertex 16.989 12.7935 26.0115
endloop
endfacet

facet normal -0.772888 0.355889 -0.525345
outer loop
vertex -29.8556 4.35098 -11.9922
vertex -28.5043 5.69738 -13.0681
vertex -29.1147 2.03778 -14.6493
endloop
endfacet

facet normal -0.850746 0.51757 0.0913936
outer loop
vertex -19.4262 18.3472 19.3142
vertex -18.6791 19.5072 19.6996
vertex -18.3872 20.4447 17.108
endloop
endfacet

facet normal -0.881491 -0.324195 0.343322
outer loop
vertex -29.0312 -6.57922 -10.5284
vertex -27.6496 -7.47972 -7.83136
vertex -29.5812 -1.50522 -7.14916
endloop
endfacet

facet normal 0.059234 0.131994 -0.989479
outer loop
vertex -20.7156 11.7412 -48.6445
vertex -16.4355 11.2898 -48.4485
vertex -17.9352 8.17328 -48.954
endloop
endfacet

facet normal 0.661899 -0.710341 -0.239385
outer loop
vertex -1.13039 -24.6357 27.3786
vertex -0.110093 -23.5643 27.0206
vertex 0.120607 -23.5737 27.6864
endloop
endfacet

facet normal -0.146327 0.975192 0.1661
outer loop
vertex 12.3609 2.01258 35.3858
vertex 13.3967 1.91638 36.8634
vertex 14.3631 2.18088 36.1618
endloop
endfacet

facet normal -0.751911 -0.551854 0.360676
outer loop
vertex -21.1748 -3.83462 27.0538
vertex -20.5263 -2.66552 30.1946
vertex -23.5216 -1.46252 25.7907
endloop
endfacet

facet normal 0.671527 -0.695832 0.254695
outer loop
vertex 23.4108 -8.51982 -10.3299
vertex 23.3407 -7.66692 -7.81476
vertex 20.451 -10.0676 -6.75446
endloop
endfacet

facet normal 0.275197 -0.118946 -0.954001
outer loop
vertex -42.3222 -3.47572 8.95764
vertex -42.548 2.21478 8.18294
vertex -40.9036 0.0738806 8.92424
endloop
endfacet

facet normal -0.483393 -0.210028 0.849835
outer loop
vertex -5.23229 3.61928 36.5291
vertex -3.15109 0.327581 36.8994
vertex -2.68929 4.34538 38.1551
endloop
endfacet

facet normal 0.46396 0.181695 0.867023
outer loop
vertex -34.7315 -1.20112 8.87604
vertex -36.2483 1.41878 9.13864
vertex -38.4086 -3.44482 11.3138
endloop
endfacet

facet normal 0.16856 0.21523 -0.961906
outer loop
vertex -32.0476 6.37758 -5.27406
vertex -28.5883 4.32828 -5.12636
vertex -30.5073 2.27028 -5.92316
endloop
endfacet

facet normal -0.225635 -0.929581 0.291493
outer loop
vertex -4.25229 -22.9806 26.1206
vertex -6.65409 -22.6937 25.1764
vertex -4.32589 -23.1214 25.6148
endloop
endfacet

facet normal -0.626851 0.5902 0.508647
outer loop
vertex 1.92191 15.4479 29.1878
vertex 2.56661 16.1797 29.1332
vertex 2.29851 17.6584 27.0869
endloop
endfacet

facet normal 0.260793 -0.836455 0.482006
outer loop
vertex 7.21521 -7.99192 28.6667
vertex 9.06041 -6.03712 31.0607
vertex 5.39881 -6.82162 31.6804
endloop
endfacet

facet normal 0.466717 -0.877819 -0.107744
outer loop
vertex -18.8888 -8.06172 -37.3263
vertex -15.4601 -5.90622 -40.0354
vertex -12.2033 -4.00552 -41.4136
endloop
endfacet

facet normal -0.69643 -0.590577 -0.40768
outer loop
vertex 11.9613 -3.00992 14.7615
vertex 12.7705 -3.65012 14.3067
vertex 11.5427 -4.93932 18.2716
endloop
endfacet

facet normal 0.330332 -0.843216 -0.424108
outer loop
vertex 11.5235 -3.78772 15.9669
vertex 11.9613 -3.00992 14.7615
vertex 11.5427 -4.93932 18.2716
endloop
endfacet

facet normal 0.785563 -0.618196 0.0269219
outer loop
vertex 14.0862 -22.7727 -7.26496
vertex 13.5118 -23.6765 -11.2571
vertex 17.9035 -18.1856 -13.3183
endloop
endfacet

facet normal 0.488867 0.826327 -0.279629
outer loop
vertex 11.0769 17.5361 24.6218
vertex 10.4664 17.8762 24.5596
vertex 11.759 17.4066 25.4319
endloop
endfacet

facet normal -0.922858 0.012863 -0.384926
outer loop
vertex 1.66251 14.4878 28.5058
vertex 2.29851 17.6584 27.0869
vertex 2.59581 17.5104 26.3692
endloop
endfacet

facet normal 0.397193 0.748383 -0.531188
outer loop
vertex -2.97059 -14.8241 38.4953
vertex -1.93319 -16.2192 37.3054
vertex -3.09169 -16.026 36.7113
endloop
endfacet

facet normal 0.400285 0.905464 0.141089
outer loop
vertex 10.8722 17.6357 21.832
vertex 12.0683 16.8001 23.801
vertex 12.6227 17.0314 20.7434
endloop
endfacet

facet normal -0.665679 -0.593602 -0.452227
outer loop
vertex 24.5425 -4.28632 2.68994
vertex 25.3856 -1.92432 -1.65146
vertex 27.7095 -2.72892 -4.01596
endloop
endfacet

facet normal -0.422083 -0.818641 -0.389451
outer loop
vertex 24.5425 -4.28632 2.68994
vertex 27.7095 -2.72892 -4.01596
vertex 27.3772 -4.76892 0.632235
endloop
endfacet

facet normal 0.547648 -0.80686 0.221494
outer loop
vertex 20.8729 -4.96362 -30.7399
vertex 19.0033 -6.60182 -32.0847
vertex 18.6453 -7.80742 -35.5912
endloop
endfacet

facet normal -0.653044 -0.0229529 0.756972
outer loop
vertex -8.19769 16.3394 26.8725
vertex -7.93459 16.5566 27.106
vertex -9.45979 17.736 25.826
endloop
endfacet

facet normal -0.879185 0.198616 0.433111
outer loop
vertex -25.1139 9.99308 -34.9497
vertex -27.3645 7.89288 -38.555
vertex -27.1008 3.48288 -35.9975
endloop
endfacet

facet normal 0.732086 -0.350972 0.583839
outer loop
vertex 4.78131 -9.90422 29.4869
vertex 6.02451 -10.5554 27.5366
vertex 8.62091 -8.88312 25.2862
endloop
endfacet

facet normal -0.692626 -0.719299 -0.0536485
outer loop
vertex 1.25161 -22.2136 22.3974
vertex 1.64081 -22.5045 21.2734
vertex 2.49891 -23.356 21.6104
endloop
endfacet

facet normal -0.325201 0.356284 0.87596
outer loop
vertex -38.2249 10.8291 9.17874
vertex -38.6773 11.4335 8.76494
vertex -39.6846 10.5396 8.75454
endloop
endfacet

facet normal 0.86024 0.485777 0.154945
outer loop
vertex 11.759 17.4066 25.4319
vertex 11.7768 16.9343 26.8143
vertex 12.8841 14.849 27.2039
endloop
endfacet

facet normal 0.550269 -0.791654 -0.265496
outer loop
vertex 17.3777 -8.33012 -36.6596
vertex 19.081 -7.15402 -36.6364
vertex 18.6453 -7.80742 -35.5912
endloop
endfacet

facet normal -0.913103 0.311157 -0.263485
outer loop
vertex 17.2165 -2.67712 33.8663
vertex 16.6833 -3.69702 34.5095
vertex 16.4526 -3.71432 35.2884
endloop
endfacet

facet normal 0.985128 -0.128123 0.114487
outer loop
vertex 21.0862 -9.26212 -14.625
vertex 20.7989 -11.3222 -14.4586
vertex 21.3848 -8.18802 -15.9931
endloop
endfacet

facet normal 0.496672 -0.851394 0.168657
outer loop
vertex 39.1144 -4.36842 -11.0928
vertex 37.661 -4.74482 -8.71296
vertex 36.8585 -5.60062 -10.6699
endloop
endfacet

facet normal -0.775169 0.608899 -0.168391
outer loop
vertex 32.6336 3.34268 10.1569
vertex 33.4106 4.18308 9.61944
vertex 33.3275 3.84248 8.77024
endloop
endfacet

facet normal -0.75827 0.563767 0.327403
outer loop
vertex 9.15291 9.98938 -39.921
vertex 9.11411 9.06528 -38.4196
vertex 10.7381 10.9602 -37.9212
endloop
endfacet

facet normal -0.213455 0.882917 -0.418204
outer loop
vertex 30.6945 7.86998 -5.32906
vertex 27.3646 9.10708 -1.01766
vertex 29.8157 9.93588 -0.519065
endloop
endfacet

facet normal 0.370368 0.00635564 0.928863
outer loop
vertex -41.0628 -4.65272 -14.5147
vertex -39.7872 -3.47852 -15.0313
vertex -40.3974 -1.23152 -14.8034
endloop
endfacet

facet normal -0.0920033 0.699305 0.708878
outer loop
vertex 37.6611 4.10458 5.04634
vertex 35.5153 3.27858 5.58274
vertex 36.5211 2.64668 6.33664
endloop
endfacet

facet normal -0.55536 0.595695 -0.580278
outer loop
vertex 29.6374 -7.12452 0.921835
vertex 31.8646 -4.96442 1.00774
vertex 32.1736 -5.30752 0.359935
endloop
endfacet

facet normal -0.101803 0.277522 -0.95531
outer loop
vertex 32.9828 0.00838063 -18.2081
vertex 37.1199 -1.16832 -18.9908
vertex 32.8278 -1.90282 -18.7468
endloop
endfacet

facet normal -0.772064 -0.151643 -0.617189
outer loop
vertex -29.2611 -4.70542 -13.9856
vertex -30.4879 -1.89022 -13.1427
vertex -28.7749 -1.17612 -15.4609
endloop
endfacet

facet normal -0.120248 0.992725 0.00608215
outer loop
vertex -39.1344 11.5224 15.1356
vertex -37.2589 11.7568 13.9588
vertex -40.8241 11.3404 11.4462
endloop
endfacet

facet normal 0.481194 0.474445 -0.737125
outer loop
vertex 17.2802 13.0155 -46.2413
vertex 20.1954 10.3468 -46.056
vertex 16.5781 12.4141 -47.0867
endloop
endfacet

facet normal 0.075216 0.95691 0.280476
outer loop
vertex -10.0949 20.6537 18.8797
vertex -5.24659 20.212 19.0863
vertex -11.9445 21.9137 15.0769
endloop
endfacet

facet normal -0.830423 -0.128449 0.542124
outer loop
vertex -28.1646 1.90558 -4.17106
vertex -29.5812 -1.50522 -7.14916
vertex -27.763 -1.49342 -4.36136
endloop
endfacet

facet normal -0.609458 0.743602 -0.274986
outer loop
vertex -20.7156 11.7412 -48.6445
vertex -22.7274 10.7787 -46.7882
vertex -20.4813 12.4972 -47.1195
endloop
endfacet

facet normal -0.749554 0.660991 -0.0354897
outer loop
vertex 12.6157 13.928 -39.702
vertex 12.3082 13.4455 -42.1923
vertex 9.15291 9.98938 -39.921
endloop
endfacet

facet normal -0.294697 -0.740376 0.60415
outer loop
vertex -30.9176 -2.30912 9.33194
vertex -33.2985 -1.32292 9.37904
vertex -32.6481 -2.56572 8.17334
endloop
endfacet

facet normal -0.817176 -0.474274 0.327548
outer loop
vertex -17.25 -17.6531 -0.992565
vertex -15.7012 -17.0703 3.71544
vertex -18.9758 -11.7449 3.25664
endloop
endfacet

facet normal 0.681102 -0.705491 0.195915
outer loop
vertex 15.0045 12.4713 9.30604
vertex 15.8954 13.7382 10.7707
vertex 14.9162 12.9489 11.3327
endloop
endfacet

facet normal -0.137824 -0.280979 0.949766
outer loop
vertex -2.68929 4.34538 38.1551
vertex -3.15109 0.327581 36.8994
vertex -1.89129 0.418081 37.109
endloop
endfacet

facet normal -0.629547 -0.774217 -0.0652579
outer loop
vertex -4.43159 -16.7803 33.4607
vertex -4.22089 -17.1514 35.8302
vertex -5.56299 -15.9795 34.8746
endloop
endfacet

facet normal 0.599669 -0.748332 0.283543
outer loop
vertex 34.9555 -5.67142 -2.26476
vertex 38.617 -3.50672 -4.29546
vertex 37.474 -3.05862 -0.695565
endloop
endfacet

facet normal 0.767932 0.639957 -0.0271406
outer loop
vertex 9.94421 -16.1166 10.6377
vertex 9.03371 -14.8598 14.5116
vertex 9.99541 -16.0803 12.944
endloop
endfacet

facet normal 0.00826935 -0.917086 -0.398603
outer loop
vertex 16.2923 6.44178 34.7463
vertex 14.5823 6.28318 35.0756
vertex 14.7957 6.65268 34.23
endloop
endfacet

facet normal 0.00978982 -0.985897 -0.167068
outer loop
vertex -3.77919 -29.3136 -10.4731
vertex -3.47969 -28.5429 -15.0037
vertex -0.276893 -28.4942 -15.1033
endloop
endfacet

facet normal -0.199932 0.570589 0.796527
outer loop
vertex -10.4955 10.0825 32.3166
vertex -13.9661 9.82758 31.628
vertex -13.7645 4.74938 35.3164
endloop
endfacet

facet normal -0.00491841 0.40255 0.915385
outer loop
vertex 17.6026 2.01508 34.2448
vertex 17.0634 -0.476219 35.3375
vertex 17.7159 1.09138 34.6516
endloop
endfacet

facet normal 0.0459475 -0.0177864 -0.998785
outer loop
vertex 6.58651 19.3858 24.3842
vertex 9.48341 19.0379 24.5237
vertex 7.94801 18.3863 24.4646
endloop
endfacet

facet normal 0.219607 -0.822359 -0.52488
outer loop
vertex 13.7378 -10.648 -25.4768
vertex 9.14321 -15.1322 -20.3735
vertex 10.7116 -11.199 -25.8796
endloop
endfacet

facet normal 0.881879 -0.17546 0.43761
outer loop
vertex 18.0426 0.599381 31.7176
vertex 19.7399 -2.22942 27.1629
vertex 18.8834 3.17568 31.0561
endloop
endfacet

facet normal -0.374307 -0.804352 0.461424
outer loop
vertex 33.3411 -7.76282 -5.55516
vertex 30.872 -6.94272 -6.12856
vertex 32.9086 -9.32062 -8.62166
endloop
endfacet

facet normal 0.737628 0.32233 -0.593302
outer loop
vertex 19.0208 4.49378 30.2326
vertex 18.7772 5.77858 30.6277
vertex 19.0143 5.65168 30.8534
endloop
endfacet

facet normal 0.697061 -0.647809 -0.307327
outer loop
vertex -26.9602 -3.19362 0.425535
vertex -26.2187 -1.91222 -0.593565
vertex -24.3107 -0.631219 1.03374
endloop
endfacet

facet normal 0.494699 -0.804861 0.327828
outer loop
vertex 33.3212 -8.18592 -2.88506
vertex 36.6372 -5.34282 -0.908665
vertex 33.7389 -5.22082 3.76444
endloop
endfacet

facet normal -0.607008 0.789129 0.093898
outer loop
vertex -28.8701 13.4215 13.6832
vertex -27.1212 14.9697 11.9774
vertex -30.0181 13.244 7.75434
endloop
endfacet

facet normal 0.757727 0.0897898 -0.646364
outer loop
vertex -38.2878 0.558481 -18.4392
vertex -37.5564 2.03418 -17.3768
vertex -36.3869 0.968781 -16.1538
endloop
endfacet

facet normal -0.435744 0.496344 0.750846
outer loop
vertex 13.056 5.24948 33.9698
vertex 12.8254 3.97698 34.6772
vertex 14.5573 6.11038 34.272
endloop
endfacet

facet normal -0.987794 0.13955 0.0691997
outer loop
vertex -27.622 1.80518 -18.607
vertex -27.3649 6.45668 -24.3174
vertex -28.0457 5.41538 -31.9359
endloop
endfacet

facet normal -0.934091 0.12966 -0.332661
outer loop
vertex 34.6772 8.78568 -5.91806
vertex 33.8727 8.64768 -3.71296
vertex 34.172 9.75348 -4.12236
endloop
endfacet

facet normal 0.78148 -0.28286 0.556129
outer loop
vertex 36.5211 2.64668 6.33664
vertex 35.5436 -1.55652 5.57254
vertex 39.7264 0.969681 0.979535
endloop
endfacet

facet normal 0.963062 -0.114614 0.243672
outer loop
vertex 20.2648 -12.8658 -13.0739
vertex 20.7989 -11.3222 -14.4586
vertex 21.0862 -9.26212 -14.625
endloop
endfacet

facet normal 0.134989 0.291536 -0.946987
outer loop
vertex 11.2583 -15.7531 -19.2342
vertex 14.6249 -17.7749 -19.3768
vertex 12.5235 -19.3473 -20.1604
endloop
endfacet

facet normal 0.863349 0.341387 -0.371595
outer loop
vertex -32.9167 2.00708 -6.49696
vertex -34.3842 6.33178 -5.93356
vertex -32.6214 2.10508 -5.72106
endloop
endfacet

facet normal -0.723092 0.593546 0.353329
outer loop
vertex -21.9023 17.5677 3.78544
vertex -18.5851 20.4403 5.74864
vertex -19.1951 22.4313 1.15564
endloop
endfacet

facet normal -0.0661213 0.46417 0.883274
outer loop
vertex -5.85099 -23.648 21.3905
vertex -2.41629 -23.0289 21.3223
vertex -5.76569 -22.8939 21.0005
endloop
endfacet

facet normal -0.827227 0.194317 0.527196
outer loop
vertex -23.2657 11.8582 -10.5321
vertex -21.9383 15.264 -9.70456
vertex -22.0549 15.9348 -10.1349
endloop
endfacet

facet normal 0.618118 -0.781053 0.088808
outer loop
vertex 2.37881 -22.7118 28.0421
vertex 3.79331 -21.8286 25.9657
vertex 4.08811 -21.4348 27.3772
endloop
endfacet

facet normal -0.233406 -0.855527 -0.462164
outer loop
vertex -21.4574 -9.15662 -43.5545
vertex -22.7106 -8.38182 -44.3558
vertex -21.024 -8.83262 -44.3732
endloop
endfacet

facet normal -0.99025 -0.0686005 0.121241
outer loop
vertex -10.2839 -17.1458 26.5384
vertex -10.1599 -14.5009 29.0477
vertex -10.3415 -15.306 27.1089
endloop
endfacet

facet normal 0.763233 -0.543664 0.34915
outer loop
vertex -13.3228 -3.53112 -38.2277
vertex -12.2033 -4.00552 -41.4136
vertex -10.0754 0.727681 -38.6951
endloop
endfacet

facet normal 0.230152 -0.973137 0.00580164
outer loop
vertex 31.5308 2.69218 -16.7548
vertex 33.5375 3.16708 -16.6998
vertex 32.3538 2.89038 -16.1559
endloop
endfacet

facet normal -0.903719 -0.427878 -0.0145689
outer loop
vertex -26.5662 -2.79042 -24.0551
vertex -28.3773 1.32478 -32.5714
vertex -26.1826 -3.36002 -31.1186
endloop
endfacet

facet normal -0.432373 -0.898702 0.0734056
outer loop
vertex 16.5723 -14.7524 -48.0343
vertex 15.1844 -13.9732 -46.6694
vertex 15.0577 -14.0123 -47.8939
endloop
endfacet

facet normal -0.151155 -0.966496 0.207456
outer loop
vertex -3.86999 -17.0149 -20.454
vertex -7.31269 -16.4803 -20.4717
vertex -5.70749 -16.8488 -21.019
endloop
endfacet

facet normal -0.446891 0.445329 0.775867
outer loop
vertex 31.3985 1.76238 -15.4379
vertex 30.1073 1.49778 -16.0298
vertex 30.9705 0.0305806 -14.6904
endloop
endfacet

facet normal 0.864025 -0.482342 0.144245
outer loop
vertex 20.8729 -4.96362 -30.7399
vertex 21.3122 -5.35592 -34.683
vertex 22.3605 -3.47302 -34.6659
endloop
endfacet

facet normal -0.338943 -0.286056 0.896264
outer loop
vertex -36.2483 1.41878 9.13864
vertex -34.7315 -1.20112 8.87604
vertex -33.2985 -1.32292 9.37904
endloop
endfacet

facet normal 0.113271 0.820893 -0.559737
outer loop
vertex 41.6397 5.91468 -10.5166
vertex 41.0142 5.51878 -11.2238
vertex 39.8675 6.61138 -9.85336
endloop
endfacet

facet normal -0.67152 0.350816 0.652678
outer loop
vertex -22.4932 7.42998 26.4873
vertex -24.9849 12.1493 21.387
vertex -28.1802 8.72168 19.9418
endloop
endfacet

facet normal 0.577434 0.640225 -0.506638
outer loop
vertex 17.9545 13.4218 -38.4343
vertex 21.5689 9.96218 -38.6867
vertex 16.3932 13.0303 -40.7085
endloop
endfacet

facet normal -0.174852 -0.728086 -0.66281
outer loop
vertex -4.20629 -15.3776 -23.9075
vertex -15.9225 -11.5411 -25.0311
vertex -10.9602 -10.3195 -27.682
endloop
endfacet

facet normal -0.906736 0.168064 -0.386762
outer loop
vertex 35.1314 5.05348 3.12794
vertex 36.0885 10.8449 3.40074
vertex 35.7352 5.85198 2.05934
endloop
endfacet

facet normal -0.916664 0.379058 0.126658
outer loop
vertex -27.4853 9.73168 -5.21726
vertex -27.0462 11.6559 -7.79796
vertex -29.4378 6.05318 -8.33966
endloop
endfacet

facet normal 0.378577 -0.723635 -0.577089
outer loop
vertex -42.9152 4.31648 -16.762
vertex -41.5804 3.78558 -15.2205
vertex -42.3775 3.82518 -15.7932
endloop
endfacet

facet normal 0.256027 -0.89556 0.3639
outer loop
vertex 4.06611 -15.4172 31.8267
vertex 2.24511 -15.2677 33.4757
vertex 1.78151 -15.6652 32.8238
endloop
endfacet

facet normal -0.652473 0.525174 -0.546326
outer loop
vertex -27.3645 7.89288 -38.555
vertex -24.9985 11.8455 -37.581
vertex -24.9787 8.80548 -40.527
endloop
endfacet

facet normal -0.573562 -0.796459 0.191517
outer loop
vertex -22.9855 -7.00022 -33.4713
vertex -24.4637 -6.46242 -35.6621
vertex -21.4672 -8.83422 -36.5513
endloop
endfacet

facet normal 0.0517507 0.819963 -0.570073
outer loop
vertex 26.3602 10.7856 2.66084
vertex 27.2131 12.6231 5.38124
vertex 27.3087 10.2828 2.02374
endloop
endfacet

facet normal -0.496111 -0.282118 0.821147
outer loop
vertex 14.3885 -12.7447 -46.7282
vertex 15.1844 -13.9732 -46.6694
vertex 16.3986 -13.968 -45.9341
endloop
endfacet

facet normal -0.191719 -0.739229 -0.645588
outer loop
vertex 31.4403 -3.25532 -16.4933
vertex 30.3364 -2.87382 -16.6022
vertex 31.5616 -2.21692 -17.7183
endloop
endfacet

facet normal 0.810519 -0.557049 0.180985
outer loop
vertex 7.08091 -11.135 25.252
vertex 7.28091 -11.6996 22.6184
vertex 8.62091 -8.88312 25.2862
endloop
endfacet

facet normal 0.0819094 -0.90328 0.421161
outer loop
vertex 5.97791 -19.9997 8.27234
vertex 3.46691 -17.1937 14.7787
vertex 0.861807 -18.0782 13.3884
endloop
endfacet

facet normal 0.465427 0.820239 0.332545
outer loop
vertex 10.129 24.2881 3.03174
vertex 11.8774 21.0649 8.53514
vertex 14.9254 22.395 0.988235
endloop
endfacet

facet normal -0.950519 0.0990308 0.294461
outer loop
vertex -29.4378 6.05318 -8.33966
vertex -30.5316 -0.130319 -9.79096
vertex -28.8718 2.82288 -5.42606
endloop
endfacet

facet normal -0.898187 -0.331125 -0.289164
outer loop
vertex 32.6404 0.347381 -11.2332
vertex 34.2648 -1.15522 -14.5582
vertex 35.1719 -4.77282 -13.2332
endloop
endfacet

facet normal -0.495849 0.654487 -0.570772
outer loop
vertex 30.6945 7.86998 -5.32906
vertex 25.6612 7.19138 -1.73446
vertex 27.3646 9.10708 -1.01766
endloop
endfacet

facet normal 0.937035 0.346191 -0.0460243
outer loop
vertex 24.632 1.07538 -42.2601
vertex 23.5012 3.66958 -45.7696
vertex 22.4612 6.50798 -45.5934
endloop
endfacet

facet normal -0.0614699 -0.971242 0.230023
outer loop
vertex 1.25161 -22.2136 22.3974
vertex -2.15969 -22.1139 21.9068
vertex 1.64081 -22.5045 21.2734
endloop
endfacet

facet normal -0.882847 0.455752 -0.113452
outer loop
vertex 29.106 -5.39012 -7.24666
vertex 29.5332 -4.74502 -7.97986
vertex 28.7817 -6.61042 -9.62516
endloop
endfacet

facet normal -0.826179 -0.551945 0.113068
outer loop
vertex -20.5301 -10.8572 -17.0457
vertex -20.7486 -10.3378 -16.1067
vertex -21.7243 -8.89812 -16.2082
endloop
endfacet

facet normal -0.21633 -0.785652 -0.579614
outer loop
vertex 14.4967 -7.61512 -43.5738
vertex 12.5273 -6.50922 -44.3378
vertex 13.603 -6.48462 -44.7725
endloop
endfacet

facet normal -0.22164 -0.82834 0.514518
outer loop
vertex -30.9176 -2.30912 9.33194
vertex -32.6481 -2.56572 8.17334
vertex -31.9236 -3.14012 7.56074
endloop
endfacet

facet normal 0.179297 0.924834 -0.335462
outer loop
vertex -2.17249 25.4292 -2.69286
vertex -8.87339 25.4593 -6.19146
vertex -8.80329 26.2797 -3.89206
endloop
endfacet

facet normal 0.02259 -0.0230197 0.99948
outer loop
vertex 38.2821 0.0729806 -0.364665
vertex 37.7137 1.72348 -0.313865
vertex 37.091 -1.74872 -0.379665
endloop
endfacet

facet normal 0.0459438 -0.972221 -0.22951
outer loop
vertex 18.0332 6.44088 35.0985
vertex 14.5823 6.28318 35.0756
vertex 16.2923 6.44178 34.7463
endloop
endfacet

facet normal 0.0886509 0.855773 0.509699
outer loop
vertex -5.94879 15.8626 26.6116
vertex -9.14079 16.5303 26.0456
vertex -8.46419 16.0236 26.7787
endloop
endfacet

facet normal 0.59061 -0.017622 -0.806764
outer loop
vertex 37.2393 1.71978 0.481435
vertex 36.8885 4.71278 0.159335
vertex 37.6419 5.57658 0.691935
endloop
endfacet

facet normal 0.262843 0.96329 -0.0546383
outer loop
vertex 29.8157 9.93588 -0.519065
vertex 35.0019 8.40208 -2.61056
vertex 33.8727 8.64768 -3.71296
endloop
endfacet

facet normal -0.850172 0.0655708 0.522407
outer loop
vertex -33.8673 4.10558 12.1054
vertex -32.94 1.90498 13.8907
vertex -30.1763 5.76028 17.9044
endloop
endfacet

facet normal 0.415578 0.191574 0.889154
outer loop
vertex 0.00260745 -2.30002 36.8094
vertex -1.89129 0.418081 37.109
vertex -1.39519 -4.82292 38.0063
endloop
endfacet

facet normal 0.780775 0.589768 0.20631
outer loop
vertex 12.7333 -16.9245 0.903135
vertex 12.7959 -18.3808 4.82914
vertex 14.4518 -19.1073 0.639035
endloop
endfacet

facet normal -0.235743 0.59474 -0.768576
outer loop
vertex -26.7035 8.32558 -12.1472
vertex -24.773 12.2217 -9.72446
vertex -24.9039 9.29508 -11.9491
endloop
endfacet

facet normal 0.362969 -0.55047 -0.751822
outer loop
vertex -14.6096 -3.68932 -45.6098
vertex -16.4228 -5.82912 -44.9185
vertex -15.0866 -3.48172 -45.9921
endloop
endfacet

facet normal -0.949481 -0.313761 -0.00635224
outer loop
vertex -10.2936 -17.7324 23.325
vertex -10.1278 -18.1645 19.8751
vertex -9.51239 -20.0924 23.1251
endloop
endfacet

facet normal 0.245082 0.70906 -0.661188
outer loop
vertex -8.87339 25.4593 -6.19146
vertex -2.42239 24.1573 -5.19646
vertex -8.15659 24.3349 -7.13156
endloop
endfacet

facet normal 0.633781 -0.675635 -0.376615
outer loop
vertex -12.5435 -6.06852 -33.659
vertex -11.1433 -3.64302 -35.654
vertex -9.62339 -3.49182 -33.3676
endloop
endfacet

facet normal 0.00218803 -0.156927 -0.987608
outer loop
vertex 34.3652 -3.13412 -17.6872
vertex 37.0758 -4.29712 -17.4964
vertex 32.5386 -4.96802 -17.3999
endloop
endfacet

facet normal 0.0687481 0.914584 -0.398509
outer loop
vertex -42.3775 3.82518 -15.7932
vertex -42.3162 2.82788 -18.0716
vertex -43.2176 3.88578 -15.7992
endloop
endfacet

facet normal 0.0784466 -0.837519 0.540748
outer loop
vertex -1.23499 -21.2262 8.51464
vertex 4.75461 -21.064 7.89694
vertex 0.955207 -20.1701 9.83254
endloop
endfacet

facet normal -0.541131 0.532001 -0.65127
outer loop
vertex -34.5555 8.36358 -3.63026
vertex -36.6516 9.96448 -0.580965
vertex -34.1 8.81178 -3.64266
endloop
endfacet

facet normal -0.887116 0.222021 -0.404639
outer loop
vertex 33.0518 11.6953 9.85604
vertex 33.7878 13.899 9.45184
vertex 34.3257 11.7561 7.09674
endloop
endfacet

facet normal -0.0159469 -0.994375 0.104708
outer loop
vertex -37.4926 -5.52912 -4.00256
vertex -35.7821 -5.40372 -2.55086
vertex -39.2462 -5.37922 -2.84616
endloop
endfacet

facet normal -0.900453 -0.0935511 -0.424775
outer loop
vertex -43.4726 -1.57792 10.9781
vertex -42.548 2.21478 8.18294
vertex -42.3222 -3.47572 8.95764
endloop
endfacet

facet normal 0.855039 0.281307 -0.435631
outer loop
vertex 26.1454 3.03008 -11.6058
vertex 26.3399 -0.593619 -13.5639
vertex 25.0185 2.27368 -14.3059
endloop
endfacet

facet normal 0.513717 -0.605435 0.607901
outer loop
vertex -37.8141 -5.38782 -0.817865
vertex -35.7821 -5.40372 -2.55086
vertex -37.5163 -4.75562 -0.439865
endloop
endfacet

facet normal 0.580616 0.80882 0.0932439
outer loop
vertex 6.02451 -10.5554 27.5366
vertex 4.98221 -10.1189 30.2402
vertex 7.71501 -11.5283 25.4487
endloop
endfacet

facet normal -0.715434 -0.256792 0.649779
outer loop
vertex -27.8727 -1.12532 -38.6685
vertex -25.5039 -2.86382 -36.7474
vertex -27.1008 3.48288 -35.9975
endloop
endfacet

facet normal 0.77765 -0.480015 -0.406012
outer loop
vertex -32.3398 -5.82962 6.68514
vertex -32.1501 -3.86802 4.72924
vertex -31.2515 -3.42122 5.92204
endloop
endfacet

facet normal 0.303684 -0.930492 0.204843
outer loop
vertex 6.60211 -27.868 -9.28446
vertex 8.54101 -26.4932 -5.91386
vertex 0.608307 -28.6323 -3.87026
endloop
endfacet

facet normal 0.310121 0.734716 -0.603338
outer loop
vertex -25.0571 8.00748 0.382635
vertex -27.2056 12.9459 5.29204
vertex -25.2168 11.6293 4.71114
endloop
endfacet

facet normal -0.670366 0.651349 0.355463
outer loop
vertex -38.9559 -5.20142 -11.7153
vertex -37.7608 -4.30542 -11.1033
vertex -38.144 -3.48062 -13.3373
endloop
endfacet

facet normal 0.206266 -0.280975 0.937287
outer loop
vertex -1.86959 -17.6964 33.7437
vertex 0.843907 -17.7674 33.1252
vertex 0.345007 -16.494 33.6167
endloop
endfacet

facet normal 0.542703 0.169301 0.822685
outer loop
vertex -33.1151 8.37458 6.31304
vertex -38.2249 10.8291 9.17874
vertex -35.1615 6.88248 7.97004
endloop
endfacet

facet normal -0.527274 -0.452744 -0.719031
outer loop
vertex -46.1441 -4.66512 -9.33446
vertex -45.5484 -4.23972 -10.0391
vertex -44.9541 -4.87872 -10.0726
endloop
endfacet

facet normal -0.804145 0.23786 -0.54477
outer loop
vertex 36.0885 10.8449 3.40074
vertex 37.9179 10.9704 0.755135
vertex 36.6826 5.90308 0.366035
endloop
endfacet

facet normal -0.433111 -0.795635 0.423533
outer loop
vertex -12.2341 -16.4671 14.8078
vertex -15.1603 -15.6087 13.428
vertex -12.7368 -19.579 8.44794
endloop
endfacet

facet normal -0.940074 0.33888 0.0376893
outer loop
vertex -28.0457 5.41538 -31.9359
vertex -27.3649 6.45668 -24.3174
vertex -26.9977 8.24738 -31.26
endloop
endfacet

facet normal -0.826461 -0.538936 0.162819
outer loop
vertex -23.5216 -1.46252 25.7907
vertex -25.5136 0.401281 21.849
vertex -24.126 -1.96952 21.0451
endloop
endfacet

facet normal 0.627083 -0.778829 0.0138703
outer loop
vertex -26.5656 -2.76622 6.57954
vertex -27.9479 -3.94512 2.88194
vertex -26.9602 -3.19362 0.425535
endloop
endfacet

facet normal -0.342219 0.776384 0.529258
outer loop
vertex -17.2808 20.8218 -8.79816
vertex -14.1263 22.1329 -8.68186
vertex -14.2828 22.6288 -9.51046
endloop
endfacet

facet normal 0.823404 -0.162752 0.543615
outer loop
vertex 39.7264 0.969681 0.979535
vertex 37.6611 4.10458 5.04634
vertex 36.5211 2.64668 6.33664
endloop
endfacet

facet normal -0.747821 -0.509749 -0.425346
outer loop
vertex -29.6081 2.47968 -39.9377
vertex -25.5397 -3.35562 -40.0974
vertex -27.8727 -1.12532 -38.6685
endloop
endfacet

facet normal -0.292345 -0.909648 -0.295084
outer loop
vertex -18.5939 -10.4065 -25.3619
vertex -21.5994 -7.53572 -31.2343
vertex -18.557 -8.44472 -31.4463
endloop
endfacet

facet normal 0.45095 -0.882147 0.135867
outer loop
vertex 37.661 -4.74482 -8.71296
vertex 39.1144 -4.36842 -11.0928
vertex 38.9859 -4.19492 -9.53956
endloop
endfacet

facet normal 0.478423 0.684542 0.550012
outer loop
vertex 17.4855 14.0344 24.0352
vertex 16.989 12.7935 26.0115
vertex 19.7743 11.5638 25.1192
endloop
endfacet

facet normal 0.978354 0.201172 -0.0485024
outer loop
vertex 5.96581 -16.9137 27.0708
vertex 6.30431 -19.3351 23.854
vertex 5.79251 -16.3776 25.7974
endloop
endfacet

facet normal 0.725886 0.539269 -0.426941
outer loop
vertex 27.2131 12.6231 5.38124
vertex 29.4297 15.3056 12.5381
vertex 28.7268 13.3215 8.83694
endloop
endfacet

facet normal -0.628713 -0.555931 0.543747
outer loop
vertex -27.6496 -7.47972 -7.83136
vertex -24.4395 -10.4607 -7.16756
vertex -24.9497 -7.77592 -5.01246
endloop
endfacet

facet normal -0.0815208 -0.98784 0.13239
outer loop
vertex 15.9716 -8.68272 -35.6564
vertex 15.3067 -8.23232 -32.7052
vertex 12.3265 -8.09032 -33.4808
endloop
endfacet

facet normal 0.218482 -0.940845 0.25899
outer loop
vertex 33.7474 -5.62702 -6.71496
vertex 35.0785 -4.54302 -3.90016
vertex 32.2256 -5.50582 -4.99116
endloop
endfacet

facet normal -0.62955 -0.567003 -0.531201
outer loop
vertex 32.1736 -5.30752 0.359935
vertex 32.1277 -4.99052 0.0759352
vertex 34.1032 -5.14182 -2.10386
endloop
endfacet

facet normal -0.00705793 0.768885 -0.639348
outer loop
vertex -34.5555 8.36358 -3.63026
vertex -33.2842 7.40398 -4.79836
vertex -34.4643 7.20938 -5.01926
endloop
endfacet

facet normal -0.325063 0.87711 -0.353572
outer loop
vertex 6.47601 22.8441 18.6344
vertex 8.65521 22.8363 16.6115
vertex 6.95621 22.3899 17.0661
endloop
endfacet

facet normal -0.199386 -0.0546251 -0.978397
outer loop
vertex 10.1354 8.85158 -48.1011
vertex 12.7705 11.434 -48.7822
vertex 13.5695 0.465581 -48.3327
endloop
endfacet

facet normal -0.268382 -0.92747 -0.260328
outer loop
vertex -20.7631 -6.73692 -40.258
vertex -22.2497 -6.16282 -40.7709
vertex -20.4854 -6.65292 -40.8436
endloop
endfacet

facet normal 0.479194 -0.712715 0.51226
outer loop
vertex -0.462993 -26.3337 22.5344
vertex -0.632693 -27.7601 20.7087
vertex 0.544507 -26.1871 21.796
endloop
endfacet

facet normal -0.849411 0.313369 -0.424619
outer loop
vertex -25.2168 11.6293 4.71114
vertex -24.1465 15.7439 5.60674
vertex -23.3433 14.8673 3.35314
endloop
endfacet

facet normal -0.785168 0.25255 -0.565447
outer loop
vertex 32.7113 4.01528 -18.7896
vertex 30.987 3.82568 -16.4799
vertex 32.7129 5.05028 -18.3296
endloop
endfacet

facet normal -0.296234 0.873316 -0.386737
outer loop
vertex 10.7381 10.9602 -37.9212
vertex 9.24811 14.51 -28.7638
vertex 12.2212 14.0515 -32.0765
endloop
endfacet

facet normal 0.367325 0.273353 -0.889017
outer loop
vertex 34.735 14.1129 7.99054
vertex 35.2436 13.332 7.96054
vertex 34.3257 11.7561 7.09674
endloop
endfacet

facet normal 0.56565 -0.82442 -0.0192751
outer loop
vertex 14.5757 -11.9584 -17.5484
vertex 11.8002 -13.8538 -17.9267
vertex 15.0668 -11.5524 -20.4997
endloop
endfacet

facet normal -0.611361 -0.367656 -0.700762
outer loop
vertex 1.71111 -23.7402 22.7975
vertex 1.25161 -22.2136 22.3974
vertex 2.01661 -23.8512 22.5892
endloop
endfacet

facet normal 0.114074 0.326694 -0.938221
outer loop
vertex 21.9622 4.62658 -14.4107
vertex 23.9932 3.71528 -14.4811
vertex 21.9787 2.57618 -15.1226
endloop
endfacet

facet normal 0.841167 0.392584 -0.371909
outer loop
vertex -12.6581 8.09928 -38.4913
vertex -9.00789 3.06778 -35.5465
vertex -10.4791 3.24078 -38.6914
endloop
endfacet

facet normal -0.744633 0.630976 0.217694
outer loop
vertex -24.361 11.2955 -33.8061
vertex -23.2368 13.2964 -35.7602
vertex -24.9985 11.8455 -37.581
endloop
endfacet

facet normal -0.071919 0.570214 0.818342
outer loop
vertex 14.6591 7.87568 35.0775
vertex 14.5417 6.84708 35.7838
vertex 16.6201 7.09958 35.7906
endloop
endfacet

facet normal 0.0248937 0.694446 0.719114
outer loop
vertex 4.78171 24.1063 -9.13826
vertex 4.24211 22.8765 -7.93196
vertex 6.33171 23.4753 -8.58256
endloop
endfacet

facet normal 0.330271 0.102802 -0.938271
outer loop
vertex 21.2477 1.03868 -15.5484
vertex 21.9787 2.57618 -15.1226
vertex 21.1223 -0.0452194 -15.7113
endloop
endfacet

facet normal 0.882484 -0.113031 -0.456559
outer loop
vertex 13.9802 20.0502 17.2134
vertex 14.8857 18.4024 19.3717
vertex 14.6272 17.8088 19.0189
endloop
endfacet

facet normal 0.385691 -0.82659 0.409867
outer loop
vertex 9.94421 -16.1166 10.6377
vertex 12.9469 -14.184 11.7096
vertex 9.05531 -14.4205 14.8948
endloop
endfacet

facet normal -0.730321 -0.678072 0.0827676
outer loop
vertex -18.1642 -22.8054 -10.5986
vertex -21.9146 -18.2842 -6.65116
vertex -21.7721 -18.87 -10.1928
endloop
endfacet

facet normal -0.562114 -0.524693 0.639316
outer loop
vertex 34.2823 3.08448 -16.9996
vertex 35.301 3.57498 -15.7014
vertex 34.8032 4.43928 -15.4297
endloop
endfacet

facet normal -0.354632 -0.224502 -0.907654
outer loop
vertex -28.7749 -1.17612 -15.4609
vertex -23.958 -6.75222 -15.9638
vertex -24.0986 -9.79762 -15.1556
endloop
endfacet

facet normal 0.679766 0.219632 -0.699771
outer loop
vertex -6.63339 4.68118 -31.1149
vertex -8.31249 7.86398 -31.7471
vertex -6.47619 7.89538 -29.9535
endloop
endfacet

facet normal -0.527399 0.789639 0.313562
outer loop
vertex -28.8701 13.4215 13.6832
vertex -28.1266 12.6079 16.9827
vertex -25.7168 13.7994 18.0352
endloop
endfacet

facet normal -0.638262 0.732383 -0.237141
outer loop
vertex 5.48641 21.8594 18.2566
vertex 4.70061 21.6761 19.8057
vertex 6.47601 22.8441 18.6344
endloop
endfacet

facet normal 0.985803 -0.146765 -0.0815606
outer loop
vertex 11.5427 -4.93932 18.2716
vertex 11.4253 -7.00772 20.5737
vertex 11.5235 -3.78772 15.9669
endloop
endfacet

facet normal 0.407959 -0.396614 -0.822354
outer loop
vertex -23.0147 -12.7135 -47.9398
vertex -24.577 -13.3028 -48.4307
vertex -23.1163 -10.388 -49.1118
endloop
endfacet

facet normal 0.512807 0.695404 -0.503429
outer loop
vertex 36.381 6.44838 -15.5608
vertex 37.0446 5.64008 -16.0014
vertex 36.3453 4.52068 -18.26
endloop
endfacet

facet normal -0.759092 -0.574308 -0.306511
outer loop
vertex -11.7543 -15.2646 22.3185
vertex -10.1708 -16.9605 21.5745
vertex -10.2936 -17.7324 23.325
endloop
endfacet

facet normal -0.509107 0.513305 0.690889
outer loop
vertex 1.57721 -13.9017 35.4277
vertex 0.860707 -14.0138 34.983
vertex 0.121807 -15.8094 35.7726
endloop
endfacet

facet normal -0.629036 0.767726 -0.122107
outer loop
vertex -21.1548 16.8598 -13.2921
vertex -20.996 15.9974 -19.5327
vertex -22.9446 14.7106 -17.5846
endloop
endfacet

facet normal -0.332287 -0.0524493 0.941719
outer loop
vertex 10.86 18.1029 26.3128
vertex 8.92231 17.491 25.595
vertex 10.3592 16.2503 26.0328
endloop
endfacet

facet normal -0.640281 0.764588 -0.0737971
outer loop
vertex -15.7157 17.7393 24.8366
vertex -16.3957 17.2422 25.5863
vertex -13.9699 19.1673 24.4848
endloop
endfacet

facet normal 0.724326 -0.289946 0.625526
outer loop
vertex 17.6441 -1.50952 6.89014
vertex 16.0369 -3.15832 7.98694
vertex 16.4406 -4.56522 6.86724
endloop
endfacet

facet normal 0.267792 0.50023 -0.823442
outer loop
vertex 22.564 8.02288 -12.329
vertex 23.9932 3.71528 -14.4811
vertex 21.3385 6.44838 -13.6841
endloop
endfacet

facet normal 0.316069 0.929373 0.1907
outer loop
vertex 19.0143 5.65168 30.8534
vertex 18.7772 5.77858 30.6277
vertex 18.0048 5.63628 32.6014
endloop
endfacet

facet normal 0.0759675 -0.347237 0.934695
outer loop
vertex 15.9545 -12.734 -46.0452
vertex 18.4538 -13.0198 -46.3545
vertex 17.6484 -10.2018 -45.2422
endloop
endfacet

facet normal -0.144772 -0.855632 0.496926
outer loop
vertex 9.57021 -5.32032 32.4434
vertex 7.76181 -4.34622 33.5938
vertex 9.06041 -6.03712 31.0607
endloop
endfacet

facet normal -0.316593 0.566242 0.761012
outer loop
vertex -8.46419 16.0236 26.7787
vertex -8.22829 13.4591 28.785
vertex -7.66209 15.0374 27.8462
endloop
endfacet

facet normal -0.77853 0.623028 0.0756772
outer loop
vertex -24.9787 8.80548 -40.527
vertex -23.3965 11.4932 -46.3775
vertex -25.5913 8.68778 -45.8607
endloop
endfacet

facet normal -0.853544 -0.202065 0.480242
outer loop
vertex -6.89849 -19.0011 31.5665
vertex -7.90649 -16.337 30.8958
vertex -8.60509 -17.8995 28.9968
endloop
endfacet

facet normal 0.636051 -0.637336 0.43502
outer loop
vertex 10.6614 -17.1193 10.448
vertex 9.99541 -16.0803 12.944
vertex 7.15731 -15.8906 17.3715
endloop
endfacet

facet normal 0.157671 0.985452 -0.0634368
outer loop
vertex 10.4664 17.8762 24.5596
vertex 10.8722 17.6357 21.832
vertex 6.74781 18.3678 22.9543
endloop
endfacet

facet normal 0.0157467 -0.998989 -0.04211
outer loop
vertex 10.7892 -7.40712 24.1756
vertex 12.2236 -7.31412 22.5075
vertex 11.2328 -7.51972 27.0143
endloop
endfacet

facet normal -0.814241 0.0251713 0.579981
outer loop
vertex -43.2216 -3.89932 11.4312
vertex -43.6405 4.65988 10.4717
vertex -43.4726 -1.57792 10.9781
endloop
endfacet

facet normal -0.546463 -0.268739 -0.793195
outer loop
vertex -17.6054 -12.8805 -17.1327
vertex -18.984 -11.5744 -16.6255
vertex -17.298 -12.6271 -17.4303
endloop
endfacet

facet normal -0.57342 0.749246 -0.331392
outer loop
vertex -24.1465 15.7439 5.60674
vertex -22.9685 17.8697 8.37444
vertex -22.8511 16.2709 4.55674
endloop
endfacet

facet normal 0.767798 -0.625974 0.13654
outer loop
vertex 36.3286 0.898281 1.83604
vertex 37.2393 1.71978 0.481435
vertex 36.8406 1.48858 1.66354
endloop
endfacet

facet normal -0.85092 0.1815 0.492943
outer loop
vertex -27.4853 9.73168 -5.21726
vertex -27.2726 4.97638 -3.09916
vertex -26.1441 5.54748 -1.36146
endloop
endfacet

facet normal -0.539976 -0.788913 0.293328
outer loop
vertex -4.43159 -16.7803 33.4607
vertex -6.62919 -15.2558 33.5154
vertex -6.56509 -15.7327 32.3509
endloop
endfacet

facet normal -0.685086 -0.470245 0.556351
outer loop
vertex 2.49891 -23.356 21.6104
vertex 1.64081 -22.5045 21.2734
vertex 1.90921 -23.328 20.9078
endloop
endfacet

facet normal -0.138104 -0.0568964 -0.988782
outer loop
vertex 7.96921 10.464 -46.3971
vertex 9.89931 9.36208 -46.6033
vertex 10.0294 7.27338 -46.5013
endloop
endfacet

facet normal 0.803916 0.558298 0.204997
outer loop
vertex 14.2213 20.7189 5.02504
vertex 14.0558 20.15 7.22334
vertex 17.3055 16.43 4.61074
endloop
endfacet

facet normal -0.97341 0.221461 0.0585487
outer loop
vertex 1.92191 15.4479 29.1878
vertex 2.29851 17.6584 27.0869
vertex 1.66251 14.4878 28.5058
endloop
endfacet

facet normal -0.238617 -0.881609 0.407219
outer loop
vertex -6.56999 -23.1313 24.2784
vertex -4.32589 -23.1214 25.6148
vertex -6.65409 -22.6937 25.1764
endloop
endfacet

facet normal 0.860164 -0.0504988 0.507511
outer loop
vertex 36.5211 2.64668 6.33664
vertex 35.5903 4.52628 8.10134
vertex 33.026 1.16248 12.1126
endloop
endfacet

facet normal -0.0527854 0.785678 -0.61638
outer loop
vertex 15.3774 7.34658 34.1459
vertex 17.1 7.87338 34.6699
vertex 17.7108 7.03498 33.5489
endloop
endfacet

facet normal -0.527848 0.0690681 0.846526
outer loop
vertex -43.6405 4.65988 10.4717
vertex -43.2216 -3.89932 11.4312
vertex -41.0129 -3.72922 12.7946
endloop
endfacet

facet normal -0.950373 0.0500148 -0.307065
outer loop
vertex -45.8704 0.0572806 -10.1596
vertex -43.7531 0.695681 -16.6085
vertex -43.3682 -1.74572 -18.1975
endloop
endfacet

facet normal -0.978288 0.204422 0.0341202
outer loop
vertex -24.0986 -9.79762 -15.1556
vertex -23.674 -7.61332 -16.0698
vertex -24.3658 -11.0266 -15.4536
endloop
endfacet

facet normal 0.330297 -0.92765 0.174266
outer loop
vertex -18.8888 -8.06172 -37.3263
vertex -21.4672 -8.83422 -36.5513
vertex -21.2885 -8.97762 -37.6533
endloop
endfacet

facet normal 0.969592 0.240026 -0.0477462
outer loop
vertex 18.3275 16.2556 7.64644
vertex 18.8815 13.626 5.67604
vertex 18.3319 15.9177 6.03654
endloop
endfacet

facet normal -0.0189222 0.997815 -0.063302
outer loop
vertex -34.7719 9.26528 2.13024
vertex -31.4019 9.49698 4.77544
vertex -31.923 9.07648 -1.69666
endloop
endfacet

facet normal 0.642494 -0.631745 0.433705
outer loop
vertex 4.78131 -9.90422 29.4869
vertex 8.62091 -8.88312 25.2862
vertex 7.21521 -7.99192 28.6667
endloop
endfacet

facet normal 0.263229 -0.734633 0.62532
outer loop
vertex 7.76181 -4.34622 33.5938
vertex 5.39881 -6.82162 31.6804
vertex 9.06041 -6.03712 31.0607
endloop
endfacet

facet normal 0.560826 0.707926 0.42932
outer loop
vertex 20.3729 13.8299 20.6005
vertex 17.4855 14.0344 24.0352
vertex 19.7743 11.5638 25.1192
endloop
endfacet

facet normal 0.129512 0.504234 -0.8538
outer loop
vertex 7.93391 22.3939 -8.45356
vertex 11.2137 22.7288 -7.75826
vertex 9.32671 21.6104 -8.70506
endloop
endfacet

facet normal 0.0475234 0.996283 0.0718382
outer loop
vertex 17.4602 2.05778 37.4067
vertex 18.6766 2.07668 36.3401
vertex 15.5583 2.13288 37.6238
endloop
endfacet

facet normal 0.260592 0.669945 0.695174
outer loop
vertex 14.9844 12.5811 27.0421
vertex 12.4943 8.25468 32.1449
vertex 14.9443 10.1612 29.3893
endloop
endfacet

facet normal 0.614084 -0.694515 -0.374899
outer loop
vertex -39.4272 -4.13902 10.9315
vertex -38.4086 -3.44482 11.3138
vertex -37.4679 -3.73472 13.3918
endloop
endfacet

facet normal 0.0388962 -0.993122 0.110433
outer loop
vertex -41.5374 -5.46872 -14.8389
vertex -43.3791 -5.35012 -13.1229
vertex -41.3181 -5.64752 -16.5239
endloop
endfacet

facet normal 0.2813 -0.737045 -0.61452
outer loop
vertex -0.558593 -24.1702 24.9683
vertex -1.74079 -25.3293 25.8172
vertex -2.39709 -24.9268 25.0341
endloop
endfacet

facet normal -0.915992 -0.373613 0.146189
outer loop
vertex -44.5866 4.98818 -14.2563
vertex -45.0613 5.22908 -16.615
vertex -44.4542 4.34248 -15.0766
endloop
endfacet

facet normal 0.686112 -0.0265965 -0.727009
outer loop
vertex 37.9179 10.9704 0.755135
vertex 38.7639 12.0377 1.51454
vertex 37.6419 5.57658 0.691935
endloop
endfacet

facet normal 0.221642 -0.200824 -0.954225
outer loop
vertex -18.5353 -10.2727 -48.0721
vertex -23.1163 -10.388 -49.1118
vertex -17.8667 -6.45942 -48.7193
endloop
endfacet

facet normal -0.122972 0.723198 -0.679605
outer loop
vertex -2.04929 -18.7166 -19.8899
vertex 8.04761 -16.5976 -19.4621
vertex 5.65781 -17.5244 -20.0158
endloop
endfacet

facet normal 0.504769 0.172661 0.845811
outer loop
vertex 24.0381 -5.88842 -46.7183
vertex 23.9619 -7.79122 -46.2844
vertex 24.8897 -7.55842 -46.8857
endloop
endfacet

facet normal 0.814876 0.370928 0.445409
outer loop
vertex 25.0638 -7.01392 -47.6576
vertex 24.0381 -5.88842 -46.7183
vertex 24.8897 -7.55842 -46.8857
endloop
endfacet

facet normal -0.290707 -0.0109102 -0.95675
outer loop
vertex -45.7391 3.67388 -10.2407
vertex -45.471 3.25898 -10.3175
vertex -45.8704 0.0572806 -10.1596
endloop
endfacet

facet normal -0.730359 0.354419 -0.583921
outer loop
vertex -24.6754 7.74098 -47.6443
vertex -23.1661 9.56968 -48.4221
vertex -29.6094 -3.97392 -48.5835
endloop
endfacet

facet normal 0.746028 0.556191 0.366189
outer loop
vertex 13.2567 -16.696 -0.588565
vertex 14.4518 -19.1073 0.639035
vertex 17.2125 -18.496 -5.91346
endloop
endfacet

facet normal 0.333232 0.801674 0.49626
outer loop
vertex 11.7919 19.2328 18.2301
vertex 9.00821 20.3915 18.2276
vertex 12.203 18.4107 19.2821
endloop
endfacet

facet normal -0.256594 0.0343659 -0.965908
outer loop
vertex -23.674 -7.61332 -16.0698
vertex -23.958 -6.75222 -15.9638
vertex -23.1477 -6.24932 -16.1611
endloop
endfacet

facet normal -0.171283 -0.194827 -0.965766
outer loop
vertex -26.6422 3.46068 -46.2158
vertex -28.2738 1.50158 -45.5312
vertex -27.7358 3.50708 -46.0312
endloop
endfacet

facet normal 0.624999 -0.694212 -0.356997
outer loop
vertex -13.8983 -9.04812 -29.5456
vertex -9.78859 -5.35072 -29.5406
vertex -12.84 -9.07842 -27.634
endloop
endfacet

facet normal -0.653738 0.278669 0.703541
outer loop
vertex -16.1413 15.5271 24.8542
vertex -15.2559 15.7812 25.5762
vertex -16.5307 16.7078 24.0247
endloop
endfacet

facet normal 0.901524 0.19484 -0.386383
outer loop
vertex 37.4261 3.42988 -16.1512
vertex 39.6409 2.40778 -11.4989
vertex 37.5238 1.82428 -16.7327
endloop
endfacet

facet normal 0.550967 0.832446 0.0588983
outer loop
vertex -15.7351 13.2249 29.1921
vertex -13.6575 11.7404 30.7374
vertex -14.3379 12.3598 28.3472
endloop
endfacet

facet normal -0.642591 0.702747 -0.305324
outer loop
vertex 26.2423 -7.05602 5.82934
vertex 29.5718 -4.09682 5.63304
vertex 29.5579 -4.51542 4.69894
endloop
endfacet

facet normal -0.40477 0.135999 0.904249
outer loop
vertex 33.3347 3.57768 11.8875
vertex 32.4429 3.56808 11.4898
vertex 33.026 1.16248 12.1126
endloop
endfacet

facet normal -0.604342 0.182595 -0.775519
outer loop
vertex 24.3003 4.25918 -1.95926
vertex 29.7361 5.96498 -5.79366
vertex 28.8776 2.45568 -5.95086
endloop
endfacet

facet normal -0.898283 0.165624 -0.40701
outer loop
vertex 31.6998 4.32208 9.86694
vertex 34.3257 11.7561 7.09674
vertex 33.3215 5.58878 6.80334
endloop
endfacet

facet normal 0.162946 -0.508986 0.845211
outer loop
vertex 0.744207 -22.8375 27.1114
vertex 2.18931 -23.4153 26.4849
vertex 2.29871 -22.3007 27.135
endloop
endfacet

facet normal 0.828425 -0.543954 -0.133511
outer loop
vertex 23.4108 -8.51982 -10.3299
vertex 23.079 -8.35312 -13.068
vertex 25.6802 -4.44842 -12.8366
endloop
endfacet

facet normal -0.567932 -0.237395 -0.788097
outer loop
vertex 12.5531 -5.99152 -47.9714
vertex 13.4277 -6.17022 -48.5479
vertex 14.3034 -10.1602 -47.9771
endloop
endfacet

facet normal 0.984497 0.0866509 0.152506
outer loop
vertex -36.1263 -5.32602 -10.923
vertex -35.8147 -3.69562 -13.8609
vertex -36.0417 -3.83132 -12.3178
endloop
endfacet

facet normal 0.750874 0.535032 0.387207
outer loop
vertex -6.55569 17.5706 26.9501
vertex -7.42589 17.9681 28.0882
vertex -6.03369 15.5585 28.718
endloop
endfacet

facet normal 0.0452006 -0.849275 -0.526012
outer loop
vertex 34.697 3.25928 -17.3984
vertex 31.5308 2.69218 -16.7548
vertex 32.7113 4.01528 -18.7896
endloop
endfacet

facet normal 0.392639 0.784334 0.480265
outer loop
vertex -16.3254 13.5877 -39.3796
vertex -17.8691 13.2117 -37.5035
vertex -16.6983 12.6984 -37.6224
endloop
endfacet

facet normal 0.379196 -0.700379 -0.604715
outer loop
vertex -26.2187 -1.91222 -0.593565
vertex -26.9602 -3.19362 0.425535
vertex -29.025 -1.64772 -2.65966
endloop
endfacet

facet normal 0.0174388 0.117396 -0.992932
outer loop
vertex 0.672107 -16.2788 -19.5539
vertex 8.04761 -16.5976 -19.4621
vertex -2.04929 -18.7166 -19.8899
endloop
endfacet

facet normal -0.314824 0.948574 -0.0330761
outer loop
vertex -20.2384 13.3009 -40.431
vertex -17.7502 14.1675 -39.2623
vertex -20.4882 13.1034 -43.7182
endloop
endfacet

facet normal -0.085176 -0.632374 0.769967
outer loop
vertex 30.8088 -6.03622 -3.66976
vertex 32.8685 -5.61362 -3.09486
vertex 30.9325 -5.54822 -3.25526
endloop
endfacet

facet normal 0.18164 -0.98334 -0.0070118
outer loop
vertex -33.2389 -4.29002 -1.07656
vertex -35.3357 -4.70002 2.10904
vertex -35.2715 -4.65652 -2.32756
endloop
endfacet

facet normal -0.293136 -0.661507 0.690275
outer loop
vertex -17.1924 -3.60192 32.9177
vertex -15.1395 -4.90782 32.538
vertex -14.1362 -3.23472 34.5674
endloop
endfacet

facet normal 0.75886 0.649688 -0.0451364
outer loop
vertex 6.00091 19.1469 21.6107
vertex 6.97851 18.2187 24.6862
vertex 6.74781 18.3678 22.9543
endloop
endfacet

facet normal 0.558713 0.82625 0.0717674
outer loop
vertex 6.00091 19.1469 21.6107
vertex 5.97171 18.9621 23.9649
vertex 6.97851 18.2187 24.6862
endloop
endfacet

facet normal -0.142471 0.662742 -0.73517
outer loop
vertex 26.3602 10.7856 2.66084
vertex 27.3087 10.2828 2.02374
vertex 25.0575 9.00388 1.30714
endloop
endfacet

facet normal 0.2582 -0.0581484 -0.96434
outer loop
vertex 4.97561 -20.1948 23.2633
vertex 5.86071 -18.3995 23.392
vertex 5.74591 -20.5772 23.4926
endloop
endfacet

facet normal 0.301315 0.703407 -0.64376
outer loop
vertex -18.7811 12.4867 -48.2386
vertex -16.3912 11.9923 -47.6602
vertex -16.4355 11.2898 -48.4485
endloop
endfacet

facet normal 0.414928 0.90389 0.10401
outer loop
vertex 30.5988 9.29158 7.22484
vertex 37.1204 7.25748 -1.11476
vertex 35.0019 8.40208 -2.61056
endloop
endfacet

facet normal 0.802382 0.36385 0.473071
outer loop
vertex 17.2125 -18.496 -5.91346
vertex 16.333 -16.6998 -5.80326
vertex 13.2567 -16.696 -0.588565
endloop
endfacet

facet normal 0.0333624 0.576241 -0.816599
outer loop
vertex -42.255 0.207181 -17.8959
vertex -39.1979 -0.421419 -18.2146
vertex -42.0793 -0.649719 -18.4934
endloop
endfacet

facet normal 0.878041 -0.0708488 0.473313
outer loop
vertex 18.8815 13.626 5.67604
vertex 19.4043 10.4718 4.23394
vertex 19.8834 11.5988 3.51394
endloop
endfacet

facet normal -0.0746275 -0.203521 0.976222
outer loop
vertex 11.1436 21.4235 17.6383
vertex 8.96581 21.153 17.4154
vertex 10.8623 20.3953 17.4024
endloop
endfacet

facet normal 0.477104 -0.858896 0.186199
outer loop
vertex 2.84071 -24.0923 22.7231
vertex 1.82381 -24.7238 22.4158
vertex 2.23001 -24.9592 20.2886
endloop
endfacet

facet normal -0.653625 0.368876 0.660837
outer loop
vertex 27.1371 10.5587 9.82464
vertex 28.2134 10.4585 10.9451
vertex 26.2979 11.2934 8.58444
endloop
endfacet

facet normal 0.925142 -0.341638 0.165514
outer loop
vertex 15.7799 -7.29322 14.8033
vertex 15.1885 -10.4759 11.5391
vertex 16.2243 -8.05912 10.7382
endloop
endfacet

facet normal 0.517966 0.849067 0.103907
outer loop
vertex 4.78131 -9.90422 29.4869
vertex 3.24231 -9.18522 31.284
vertex 4.98221 -10.1189 30.2402
endloop
endfacet

facet normal 0.850083 -0.526576 0.00871284
outer loop
vertex 20.451 -10.0676 -6.75446
vertex 16.333 -16.6998 -5.80326
vertex 19.0966 -12.3402 -11.9591
endloop
endfacet

facet normal -0.719452 -0.425125 0.549234
outer loop
vertex -29.1278 -9.52062 -47.7543
vertex -28.4675 -9.67522 -47.0091
vertex -29.3506 -8.21872 -47.0386
endloop
endfacet

facet normal 0.220119 0.0428037 -0.974533
outer loop
vertex -18.5353 -10.2727 -48.0721
vertex -19.1755 -13.4938 -48.3581
vertex -23.1163 -10.388 -49.1118
endloop
endfacet

facet normal -0.673954 -0.655575 0.340598
outer loop
vertex 30.9404 -8.39942 -8.79716
vertex 30.872 -6.94272 -6.12856
vertex 28.7817 -6.61042 -9.62516
endloop
endfacet

facet normal 0.468868 0.362425 -0.805488
outer loop
vertex -7.80749 10.1504 -29.7137
vertex -6.66069 12.5301 -27.9755
vertex -6.47619 7.89538 -29.9535
endloop
endfacet

facet normal -0.0933949 0.99388 0.0589901
outer loop
vertex -13.0788 25.8655 -3.68306
vertex -9.34929 25.9774 0.336335
vertex -8.80329 26.2797 -3.89206
endloop
endfacet

facet normal -0.993363 -0.030572 -0.110884
outer loop
vertex 29.8596 -6.12612 -12.6038
vertex 29.7348 -3.63432 -12.1726
vertex 29.8853 -3.39542 -13.5872
endloop
endfacet

facet normal 0.267834 -0.697968 0.664158
outer loop
vertex 14.5725 -5.83892 31.9599
vertex 16.7812 -3.26852 33.7705
vertex 13.3459 -3.59212 34.8157
endloop
endfacet

facet normal -0.0876746 0.866386 -0.491618
outer loop
vertex 9.24811 14.51 -28.7638
vertex 7.29621 15.6148 -26.4688
vertex 11.2317 15.0982 -28.081
endloop
endfacet

facet normal 0.480309 0.876391 0.0352519
outer loop
vertex -19.8277 13.2316 22.0903
vertex -17.727 11.9648 24.9597
vertex -19.2132 12.9168 21.5438
endloop
endfacet

facet normal -0.572115 -0.576936 -0.582949
outer loop
vertex -4.03579 -27.5862 19.7758
vertex -7.48929 -22.847 18.4749
vertex -5.92269 -22.6945 16.7864
endloop
endfacet

facet normal 0.125767 0.126861 -0.983915
outer loop
vertex 34.142 5.44438 -18.4225
vertex 36.3453 4.52068 -18.26
vertex 32.7113 4.01528 -18.7896
endloop
endfacet

facet normal -0.768497 -0.168612 -0.617237
outer loop
vertex -45.7112 -4.83012 -1.86506
vertex -45.8898 1.07248 -3.25506
vertex -45.3055 -4.86772 -2.35986
endloop
endfacet

facet normal 0.4035 -0.496977 0.768246
outer loop
vertex 5.39881 -6.82162 31.6804
vertex 3.06001 -3.52322 35.0425
vertex 3.24231 -9.18522 31.284
endloop
endfacet

facet normal -0.0282115 -0.501336 -0.864793
outer loop
vertex 12.773 14.2351 26.5488
vertex 11.7831 11.6235 28.0951
vertex 10.539 12.9667 27.357
endloop
endfacet

facet normal 0.901117 0.0603119 0.429361
outer loop
vertex -0.683393 -17.602 35.9308
vertex 0.345007 -16.494 33.6167
vertex -0.988193 -16.5663 36.425
endloop
endfacet

facet normal -0.600163 0.736533 0.311967
outer loop
vertex -18.5851 20.4403 5.74864
vertex -16.9032 20.8729 7.96274
vertex -16.2751 23.0399 4.05504
endloop
endfacet

facet normal -0.105093 0.686121 0.719857
outer loop
vertex -5.04869 11.4742 31.2927
vertex -6.27109 14.1475 28.5662
vertex -6.53219 12.7208 29.8879
endloop
endfacet

facet normal -0.440603 -0.710956 0.548097
outer loop
vertex -6.07529 -21.3736 30.5302
vertex -6.91159 -22.8831 27.9
vertex -4.46199 -23.2213 29.4305
endloop
endfacet

facet normal 0.181009 0.978962 -0.0941731
outer loop
vertex 11.8774 21.0649 8.53514
vertex 12.2564 21.4473 13.2393
vertex 13.7394 20.935 10.7643
endloop
endfacet

facet normal 0.0745984 -0.962007 0.262635
outer loop
vertex -10.008 -15.1745 24.5963
vertex -10.5487 -14.9564 25.5486
vertex -11.1882 -15.3601 24.2515
endloop
endfacet

facet normal 0.251143 -0.895908 -0.366436
outer loop
vertex 1.64811 -27.2886 -16.7315
vertex 7.23821 -26.9229 -13.7945
vertex -0.276893 -28.4942 -15.1033
endloop
endfacet

facet normal -0.569186 0.815786 0.102567
outer loop
vertex -44.7327 6.03748 -17.5173
vertex -43.8028 6.26718 -14.1836
vertex -43.3315 7.01428 -17.5108
endloop
endfacet

facet normal 0.284856 0.940914 -0.183133
outer loop
vertex 13.7394 20.935 10.7643
vertex 14.0558 20.15 7.22334
vertex 11.8774 21.0649 8.53514
endloop
endfacet

facet normal -0.84512 0.48646 -0.221651
outer loop
vertex -23.3433 14.8673 3.35314
vertex -22.8511 16.2709 4.55674
vertex -21.9023 17.5677 3.78544
endloop
endfacet

facet normal -0.605801 -0.0113148 -0.795536
outer loop
vertex -45.3183 6.72618 -10.2035
vertex -46.2254 7.38728 -9.52216
vertex -44.859 8.35518 -10.5765
endloop
endfacet

facet normal 0.136535 -0.433337 0.89083
outer loop
vertex -41.5374 -5.46872 -14.8389
vertex -40.1467 -5.56602 -15.0993
vertex -41.0628 -4.65272 -14.5147
endloop
endfacet

facet normal 0.00979032 0.974359 -0.224785
outer loop
vertex -27.1212 14.9697 11.9774
vertex -24.3393 14.9147 11.8601
vertex -27.9108 14.0509 7.96024
endloop
endfacet

facet normal -0.889056 -0.0746574 0.451669
outer loop
vertex -40.7275 -1.58902 9.10124
vertex -43.5696 -3.25532 3.23134
vertex -40.5018 -2.44892 9.40344
endloop
endfacet

facet normal -0.874562 -0.164409 0.456191
outer loop
vertex -40.258 -3.36342 9.54104
vertex -40.5018 -2.44892 9.40344
vertex -43.5696 -3.25532 3.23134
endloop
endfacet

facet normal 0.949289 -0.29258 0.115099
outer loop
vertex -12.711 -20.4724 5.88964
vertex -12.7865 -20.287 6.98394
vertex -12.8823 -21.345 5.08404
endloop
endfacet

facet normal -0.492823 0.849218 -0.189617
outer loop
vertex -22.9685 17.8697 8.37444
vertex -18.4821 21.0291 10.864
vertex -19.7227 19.3635 6.62914
endloop
endfacet

facet normal 0.146256 -0.771525 -0.619159
outer loop
vertex -21.2796 -5.84612 11.8965
vertex -23.6207 -4.82742 10.0741
vertex -21.4225 -4.13012 9.72454
endloop
endfacet

facet normal -0.449613 -0.849974 0.274577
outer loop
vertex -8.52549 -26.0003 0.102135
vertex -10.5406 -24.1996 2.37654
vertex -8.90709 -27.2947 -4.52996
endloop
endfacet

facet normal -0.242235 0.0110478 -0.970155
outer loop
vertex 11.5821 -7.42582 31.677
vertex 13.107 -8.07132 31.2889
vertex 11.1861 -7.98482 31.7695
endloop
endfacet

facet normal 0.842991 0.155957 -0.514824
outer loop
vertex -38.4682 0.0624806 -11.2523
vertex -40.3974 -1.23152 -14.8034
vertex -41.5804 3.78558 -15.2205
endloop
endfacet

facet normal -0.227392 -0.926608 0.299484
outer loop
vertex -3.49529 -27.2969 -0.0902648
vertex -8.52549 -26.0003 0.102135
vertex -4.71899 -28.8048 -5.68506
endloop
endfacet

facet normal -0.149264 -0.987995 0.0398355
outer loop
vertex 23.2649 -4.29812 8.15384
vertex 21.705 -4.15562 5.84444
vertex 22.4308 -4.28812 5.27744
endloop
endfacet

facet normal -0.415684 -0.641784 0.644454
outer loop
vertex -25.5397 -3.35562 -40.0974
vertex -23.462 -8.32612 -43.7073
vertex -22.2497 -6.16282 -40.7709
endloop
endfacet

facet normal 0.497953 0.851624 0.163644
outer loop
vertex -5.34839 -14.641 35.0824
vertex -5.34819 -14.8455 36.1459
vertex -4.29329 -15.3718 35.6751
endloop
endfacet

facet normal 0.460696 -0.790521 0.403529
outer loop
vertex 17.7686 12.6936 6.58574
vertex 15.8954 13.7382 10.7707
vertex 15.0045 12.4713 9.30604
endloop
endfacet

facet normal -0.625473 -0.598281 -0.500843
outer loop
vertex -42.255 0.207181 -17.8959
vertex -43.7531 0.695681 -16.6085
vertex -43.0494 1.38098 -18.306
endloop
endfacet

facet normal -0.276579 -0.804511 -0.52561
outer loop
vertex -15.9225 -11.5411 -25.0311
vertex -18.5939 -10.4065 -25.3619
vertex -16.7618 -10.4861 -26.2042
endloop
endfacet

facet normal -0.749738 -0.53305 -0.39211
outer loop
vertex -25.2878 -5.04612 -38.2808
vertex -27.8727 -1.12532 -38.6685
vertex -25.5397 -3.35562 -40.0974
endloop
endfacet

facet normal -0.577536 0.678772 0.453564
outer loop
vertex -17.727 11.9648 24.9597
vertex -15.7783 11.2995 28.4368
vertex -15.718 11.6794 27.9448
endloop
endfacet

facet normal -0.607883 0.639792 0.47026
outer loop
vertex -17.727 11.9648 24.9597
vertex -15.718 11.6794 27.9448
vertex -14.9397 12.8275 27.389
endloop
endfacet

facet normal 0.868406 -0.115967 0.482103
outer loop
vertex 34.35 7.89488 7.26584
vertex 33.1936 10.6607 10.0141
vertex 32.2938 4.17228 10.0741
endloop
endfacet

facet normal -0.106771 -0.311975 0.944072
outer loop
vertex 34.2098 4.93718 -16.0388
vertex 33.0672 4.56598 -16.2908
vertex 33.5375 3.16708 -16.6998
endloop
endfacet

facet normal -0.886645 -0.371902 -0.274862
outer loop
vertex 12.9904 -8.13392 -46.4833
vertex 12.5531 -5.99152 -47.9714
vertex 14.3034 -10.1602 -47.9771
endloop
endfacet

facet normal 0.814473 -0.25381 0.521742
outer loop
vertex 14.358 16.4262 21.2124
vertex 12.123 15.6124 24.3054
vertex 13.3743 15.4271 22.2619
endloop
endfacet

facet normal -0.175141 -0.353835 0.918764
outer loop
vertex -26.9185 -9.56152 -46.2752
vertex -26.8945 -11.4476 -46.997
vertex -25.6894 -8.11292 -45.483
endloop
endfacet

facet normal -0.564717 0.0280635 0.824807
outer loop
vertex -27.1253 -8.27032 -46.4607
vertex -26.9185 -9.56152 -46.2752
vertex -25.6894 -8.11292 -45.483
endloop
endfacet

facet normal 0.255472 -0.602005 -0.756521
outer loop
vertex 34.9574 0.565681 -17.9848
vertex 32.9828 0.00838063 -18.2081
vertex 33.8645 1.35128 -18.979
endloop
endfacet

facet normal -0.430748 -0.365834 -0.824998
outer loop
vertex -22.2087 -14.2029 -47.7002
vertex -23.0147 -12.7135 -47.9398
vertex -20.7789 -14.6628 -48.2428
endloop
endfacet

facet normal -0.0314438 -0.0591855 -0.997752
outer loop
vertex -43.1013 4.98958 -19.6234
vertex -40.4215 4.89978 -19.7025
vertex -41.3749 3.43608 -19.5857
endloop
endfacet

facet normal -0.0317657 -0.0693744 -0.997085
outer loop
vertex -41.7272 5.82628 -19.7254
vertex -40.4215 4.89978 -19.7025
vertex -43.1013 4.98958 -19.6234
endloop
endfacet

facet normal -0.0625017 0.923105 -0.379434
outer loop
vertex 14.6591 7.87568 35.0775
vertex 17.1 7.87338 34.6699
vertex 14.3037 7.47028 34.1499
endloop
endfacet

facet normal -0.577991 0.172163 0.797675
outer loop
vertex -3.15109 0.327581 36.8994
vertex -5.80259 -2.89512 35.6737
vertex -3.09489 -4.44432 37.9701
endloop
endfacet

facet normal -0.682917 -0.277325 0.675807
outer loop
vertex -29.4242 3.18328 -38.4682
vertex -27.8727 -1.12532 -38.6685
vertex -27.1008 3.48288 -35.9975
endloop
endfacet

facet normal -0.087405 0.690984 -0.717567
outer loop
vertex -8.87339 25.4593 -6.19146
vertex -12.7646 22.6074 -8.46366
vertex -15.5916 22.7403 -7.99136
endloop
endfacet

facet normal -0.232655 -0.291457 -0.92786
outer loop
vertex -43.4525 -3.66632 -3.20186
vertex -41.4304 -5.62782 -3.09276
vertex -45.3055 -4.86772 -2.35986
endloop
endfacet

facet normal -0.335153 0.913086 0.232263
outer loop
vertex -20.7064 -18.7976 -2.64936
vertex -18.4063 -17.7664 -3.38426
vertex -20.0846 -17.6431 -6.29086
endloop
endfacet

facet normal -0.853537 -0.138847 -0.502192
outer loop
vertex 8.87921 0.769181 -46.1241
vertex 7.94481 5.94218 -45.9662
vertex 9.12481 1.45248 -46.7305
endloop
endfacet

facet normal 0.281768 -0.0897608 -0.955275
outer loop
vertex 3.56811 -6.01582 -28.7168
vertex 8.16801 -9.82212 -27.0024
vertex 4.48811 -9.67512 -28.1017
endloop
endfacet

facet normal -0.308173 0.702029 0.642016
outer loop
vertex 30.987 3.82568 -16.4799
vertex 33.0672 4.56598 -16.2908
vertex 35.01 5.96628 -16.8894
endloop
endfacet

facet normal 0.0667509 0.959142 0.274937
outer loop
vertex -9.34929 25.9774 0.336335
vertex -4.60549 22.7384 10.4844
vertex -1.86389 25.5196 0.116335
endloop
endfacet

facet normal 0.993194 -0.0327949 0.111758
outer loop
vertex 15.5618 16.2253 16.0039
vertex 15.18 13.784 18.6813
vertex 15.5122 13.4955 15.6444
endloop
endfacet

facet normal -0.671772 -0.360402 -0.647173
outer loop
vertex 22.538 -1.50692 1.07194
vertex 21.7906 1.08318 0.405335
vertex 25.3856 -1.92432 -1.65146
endloop
endfacet

facet normal -0.562238 -0.0371484 0.826141
outer loop
vertex -29.4691 -4.26202 -46.6547
vertex -29.5561 -6.09532 -46.7964
vertex -27.686 -2.29892 -45.353
endloop
endfacet

facet normal 0.24312 0.942554 -0.229094
outer loop
vertex 11.5821 -7.42582 31.677
vertex 12.2933 -7.41782 32.4646
vertex 13.7693 -7.96802 31.7675
endloop
endfacet

facet normal 0.0584764 0.319015 -0.945944
outer loop
vertex 6.26371 -15.2452 -19.2824
vertex 7.81511 -15.0821 -19.1314
vertex 6.10491 -15.5274 -19.3873
endloop
endfacet

facet normal -0.233487 0.255482 -0.938197
outer loop
vertex -29.1147 2.03778 -14.6493
vertex -27.7977 4.47928 -14.3122
vertex -26.3264 0.433881 -15.78
endloop
endfacet

facet normal -0.573968 0.0846537 0.81449
outer loop
vertex -5.45999 -11.7048 34.6985
vertex -6.26339 -13.6154 34.331
vertex -5.34839 -14.641 35.0824
endloop
endfacet

facet normal -0.772057 0.0800646 0.63049
outer loop
vertex 31.0659 -6.06882 -15.0679
vertex 31.5075 -3.91902 -14.8002
vertex 30.4878 -4.66482 -15.9541
endloop
endfacet

facet normal -0.405365 -0.842992 -0.353616
outer loop
vertex -22.3784 -14.3861 -47.069
vertex -22.2087 -14.2029 -47.7002
vertex -20.7789 -14.6628 -48.2428
endloop
endfacet

facet normal 0.738294 -0.455394 -0.497532
outer loop
vertex 3.97411 -19.2366 17.1174
vertex 1.49321 -20.1643 14.2851
vertex 4.09411 -18.0877 16.2438
endloop
endfacet

facet normal -0.386247 0.822743 -0.417022
outer loop
vertex -0.234593 19.7445 -19.2963
vertex 1.90721 21.7238 -17.3751
vertex 3.03541 20.3721 -21.0867
endloop
endfacet

facet normal 0.295119 -0.54627 -0.783897
outer loop
vertex 14.6272 17.8088 19.0189
vertex 12.9904 20.5144 16.5172
vertex 13.9802 20.0502 17.2134
endloop
endfacet

facet normal -0.250925 0.475979 0.8429
outer loop
vertex -3.27329 -24.0862 4.91194
vertex -6.98589 -24.5237 4.05374
vertex -2.52409 -24.4949 5.36574
endloop
endfacet

facet normal 0.553692 0.72591 -0.408019
outer loop
vertex -28.1469 8.36118 0.926635
vertex -26.1441 5.54748 -1.36146
vertex -31.0476 8.65288 -2.49076
endloop
endfacet

facet normal 0.456801 0.839385 0.294561
outer loop
vertex 10.129 24.2881 3.03174
vertex 14.9254 22.395 0.988235
vertex 12.1662 24.6617 -1.19196
endloop
endfacet

facet normal 0.0189949 -0.220927 -0.975105
outer loop
vertex 18.3137 -10.6661 -48.9126
vertex 21.8064 -11.788 -48.5904
vertex 20.2232 -13.1161 -48.3203
endloop
endfacet

facet normal 0.37315 0.836797 -0.400662
outer loop
vertex -32.0524 8.69168 -4.03936
vertex -32.2108 9.54718 -2.40006
vertex -30.8208 8.24288 -3.82956
endloop
endfacet

facet normal 0.365103 -0.917784 0.156115
outer loop
vertex -26.5656 -2.76622 6.57954
vertex -27.4738 -3.11422 6.65774
vertex -27.9479 -3.94512 2.88194
endloop
endfacet

facet normal -0.484441 -0.835651 -0.258853
outer loop
vertex 12.8142 -4.71042 35.4061
vertex 11.1 -3.39902 34.3807
vertex 11.8231 -3.67802 33.9279
endloop
endfacet

facet normal 0.990164 -0.0110792 -0.139473
outer loop
vertex 5.97711 -15.6368 27.0492
vertex 5.96581 -16.9137 27.0708
vertex 5.79251 -16.3776 25.7974
endloop
endfacet

facet normal 0.811418 -0.373733 0.44936
outer loop
vertex 24.3826 -3.03902 -44.3011
vertex 24.4334 -0.172719 -42.0089
vertex 22.9469 -4.99822 -43.338
endloop
endfacet

facet normal 0.575315 0.807902 -0.127697
outer loop
vertex 14.0558 20.15 7.22334
vertex 13.7394 20.935 10.7643
vertex 17.5929 17.8164 8.39464
endloop
endfacet

facet normal -0.528807 0.347197 -0.774478
outer loop
vertex 20.7417 4.33798 2.64894
vertex 24.039 8.27988 2.16474
vertex 21.3555 3.07858 1.66524
endloop
endfacet

facet normal 0.496923 0.331189 -0.80211
outer loop
vertex -38.2878 0.558481 -18.4392
vertex -39.326 0.911081 -18.9368
vertex -37.5564 2.03418 -17.3768
endloop
endfacet

facet normal -0.786357 0.505957 -0.354472
outer loop
vertex -28.5043 5.69738 -13.0681
vertex -29.8556 4.35098 -11.9922
vertex -27.0462 11.6559 -7.79796
endloop
endfacet

facet normal 0.57749 -0.785527 0.222378
outer loop
vertex -1.13039 -24.6357 27.3786
vertex 1.01231 -22.453 29.5245
vertex 0.901407 -22.3508 30.1732
endloop
endfacet

facet normal -0.481718 -0.0278622 0.875883
outer loop
vertex 31.8833 1.36608 11.4906
vertex 31.3369 -2.24182 11.0753
vertex 33.026 1.16248 12.1126
endloop
endfacet

facet normal 0.675515 0.252361 0.692815
outer loop
vertex -15.8155 15.162 27.3859
vertex -15.9708 17.467 26.6978
vertex -16.4594 14.7213 28.1743
endloop
endfacet

facet normal 0.0720853 -0.095984 -0.992769
outer loop
vertex 1.08301 3.01928 -30.8923
vertex 0.199807 -5.89712 -30.0944
vertex -3.06509 -4.39492 -30.4767
endloop
endfacet

facet normal -0.580304 -0.79869 0.159192
outer loop
vertex 10.7898 -5.73782 -40.1244
vertex 14.6637 -8.10622 -37.8856
vertex 7.44311 -3.56582 -41.4271
endloop
endfacet

facet normal 0.672587 -0.739208 -0.0346152
outer loop
vertex 17.5551 -8.17462 -26.6347
vertex 19.0033 -6.60182 -32.0847
vertex 20.8729 -4.96362 -30.7399
endloop
endfacet

facet normal -0.508137 -0.270121 -0.817821
outer loop
vertex 39.6414 2.97078 -9.52916
vertex 39.3237 6.62138 -10.5375
vertex 41.0142 5.51878 -11.2238
endloop
endfacet

facet normal -0.815418 -0.35095 0.460355
outer loop
vertex -16.5307 16.7078 24.0247
vertex -15.2559 15.7812 25.5762
vertex -16.0644 16.8756 24.9784
endloop
endfacet

facet normal 0.901252 -0.414629 -0.125805
outer loop
vertex 3.44241 -23.2862 20.4059
vertex 3.39821 -23.0111 19.1824
vertex 5.75001 -18.1851 20.1254
endloop
endfacet

facet normal -0.455847 -0.677572 -0.577148
outer loop
vertex 8.57391 -8.39012 -29.5301
vertex 1.73491 -3.44392 -29.9353
vertex 4.57051 -3.64532 -31.9385
endloop
endfacet

facet normal -0.187741 0.906511 -0.378143
outer loop
vertex -12.3706 20.2783 -20.4675
vertex -12.6028 21.7291 -16.8744
vertex -6.15879 21.8616 -19.756
endloop
endfacet

facet normal -0.0616648 -0.960235 0.272297
outer loop
vertex 0.608307 -28.6323 -3.87026
vertex -3.49529 -27.2969 -0.0902648
vertex -4.71899 -28.8048 -5.68506
endloop
endfacet

facet normal -0.899444 -0.150115 -0.410447
outer loop
vertex -12.4202 -20.4459 6.23924
vertex -10.9394 -23.0872 3.96034
vertex -12.7865 -20.287 6.98394
endloop
endfacet

facet normal 0.653616 -0.699261 -0.289519
outer loop
vertex 17.8127 -6.21582 -40.6571
vertex 21.4676 -3.09882 -39.9342
vertex 18.361 -6.00562 -39.9269
endloop
endfacet

facet normal 0.835641 -0.0490848 0.547079
outer loop
vertex 20.2486 8.75148 1.24854
vertex 22.1488 6.35678 -1.86876
vertex 20.0268 10.8453 1.77524
endloop
endfacet

facet normal -0.71206 0.472751 -0.519112
outer loop
vertex -29.6081 2.47968 -39.9377
vertex -24.9787 8.80548 -40.527
vertex -28.7805 1.09168 -42.337
endloop
endfacet

facet normal 0.108463 -0.783496 0.611858
outer loop
vertex -33.1974 -5.40522 7.87984
vertex -38.4086 -3.44482 11.3138
vertex -38.8026 -3.87432 10.8337
endloop
endfacet

facet normal 0.715149 -0.171806 -0.677528
outer loop
vertex 23.0152 3.73098 -35.8016
vertex 22.3605 -3.47302 -34.6659
vertex 20.886 -2.30512 -36.5184
endloop
endfacet

facet normal -0.334448 0.00532524 -0.942399
outer loop
vertex 31.9928 -4.12902 -11.0286
vertex 32.6404 0.347381 -11.2332
vertex 33.5111 -4.95812 -11.5722
endloop
endfacet

facet normal 0.600644 -0.730326 -0.325346
outer loop
vertex -31.0377 -4.40622 -0.183365
vertex -29.025 -1.64772 -2.65966
vertex -30.1598 -3.67992 -0.192865
endloop
endfacet

facet normal -0.902103 0.198651 0.383077
outer loop
vertex -46.3895 6.61718 -3.89526
vertex -42.9399 8.61658 3.19124
vertex -46.0733 7.57578 -3.64786
endloop
endfacet

facet normal -0.0600387 -0.997216 0.0442274
outer loop
vertex -2.20029 -18.3626 36.8468
vertex -3.00509 -18.3384 36.3004
vertex -2.03569 -18.4458 35.1952
endloop
endfacet

facet normal 0.178355 0.523289 0.833281
outer loop
vertex 1.66681 -24.3055 22.3092
vertex 0.129307 -25.26 23.2377
vertex 0.816807 -25.6877 23.3591
endloop
endfacet

facet normal -0.679239 -0.322359 -0.659332
outer loop
vertex -5.92269 -22.6945 16.7864
vertex -7.48929 -22.847 18.4749
vertex -8.72109 -18.8357 17.7826
endloop
endfacet

facet normal 0.910732 -0.407377 0.0679099
outer loop
vertex 17.2125 -18.496 -5.91346
vertex 17.9035 -18.1856 -13.3183
vertex 20.2648 -12.8658 -13.0739
endloop
endfacet

facet normal 0.011635 0.563092 0.826313
outer loop
vertex 34.9666 14.5842 8.96834
vertex 33.7878 13.899 9.45184
vertex 34.3742 13.498 9.71684
endloop
endfacet

facet normal 0.956188 -0.281753 0.0795001
outer loop
vertex 22.1903 -3.08102 -21.2366
vertex 23.3363 -0.494519 -25.8532
vertex 23.3051 1.67318 -17.7956
endloop
endfacet

facet normal 0.167978 0.870751 -0.462142
outer loop
vertex -3.33269 21.9124 -18.6331
vertex -3.15619 20.5568 -21.1231
vertex -6.15879 21.8616 -19.756
endloop
endfacet

facet normal -0.871286 0.120692 0.475704
outer loop
vertex -17.0887 15.2723 26.8819
vertex -16.7785 13.1215 27.9957
vertex -16.4594 14.7213 28.1743
endloop
endfacet

facet normal -0.732856 -0.0793958 -0.675735
outer loop
vertex 29.1306 -2.94712 -6.11986
vertex 29.2714 2.09608 -6.86516
vertex 29.6493 -1.33522 -6.87176
endloop
endfacet

facet normal -0.427874 0.403967 -0.808538
outer loop
vertex -24.773 12.2217 -9.72446
vertex -22.6197 18.2507 -7.85176
vertex -21.9383 15.264 -9.70456
endloop
endfacet

facet normal -0.706427 0.431342 -0.561165
outer loop
vertex 30.1073 1.49778 -16.0298
vertex 31.8038 1.77318 -17.9537
vertex 30.4651 0.711081 -17.0848
endloop
endfacet

facet normal -0.739628 0.0362004 0.672042
outer loop
vertex -30.1763 5.76028 17.9044
vertex -25.7637 2.58138 22.9321
vertex -28.1802 8.72168 19.9418
endloop
endfacet

facet normal -0.436618 -0.873412 -0.215676
outer loop
vertex 31.4851 -5.94402 -16.4218
vertex 31.6298 -6.35802 -15.0381
vertex 31.0659 -6.06882 -15.0679
endloop
endfacet

facet normal -0.362885 -0.558372 0.746012
outer loop
vertex -6.42539 -23.4249 26.2508
vertex -5.61239 -22.6738 27.2085
vertex -7.29529 -22.2317 26.7208
endloop
endfacet

facet normal -0.341727 -0.9159 -0.210596
outer loop
vertex -45.7112 -4.83012 -1.86506
vertex -45.3055 -4.86772 -2.35986
vertex -39.7822 -6.88742 -2.53826
endloop
endfacet

facet normal 0.283748 -0.873734 0.395066
outer loop
vertex 2.45211 -22.296 28.8375
vertex 1.01231 -22.453 29.5245
vertex 0.120607 -23.5737 27.6864
endloop
endfacet

facet normal 0.430212 0.884073 -0.182571
outer loop
vertex 8.32191 23.1292 -10.1185
vertex 11.1201 21.7671 -10.1202
vertex 8.22901 21.6813 -17.3485
endloop
endfacet

facet normal 0.627808 -0.756755 0.182153
outer loop
vertex 2.60211 -23.4317 22.6978
vertex 3.44241 -23.2862 20.4059
vertex 3.61931 -22.4453 23.29
endloop
endfacet

facet normal -0.0455369 -0.979549 0.195983
outer loop
vertex -41.0129 -3.72922 12.7946
vertex -43.2216 -3.89932 11.4312
vertex -41.9512 -4.35022 9.47304
endloop
endfacet

facet normal -0.0267082 -0.88934 -0.456465
outer loop
vertex 1.17661 -23.5061 26.1567
vertex 0.446507 -23.1351 25.4766
vertex 1.66121 -23.0094 25.1607
endloop
endfacet

facet normal 0.364392 -0.849217 0.382164
outer loop
vertex 12.9469 -14.184 11.7096
vertex 8.29651 -13.9161 16.7393
vertex 9.05531 -14.4205 14.8948
endloop
endfacet

facet normal -0.277211 -0.635381 -0.720725
outer loop
vertex 30.6259 -7.28032 -12.6835
vertex 30.5199 -5.30032 -14.3882
vertex 31.4911 -5.94052 -14.1974
endloop
endfacet

facet normal 0.369676 0.916904 -0.150421
outer loop
vertex 9.54061 24.9958 -5.60776
vertex 12.1662 24.6617 -1.19196
vertex 15.2821 22.889 -4.33976
endloop
endfacet

facet normal 0.167974 0.573361 0.801899
outer loop
vertex 9.48081 9.69468 32.0195
vertex 11.5098 5.78988 34.3865
vertex 11.5215 6.77208 33.6817
endloop
endfacet

facet normal -0.841212 -0.361213 0.402352
outer loop
vertex -24.1091 -0.655619 3.17404
vertex -17.6899 -11.2733 7.06264
vertex -22.9622 -0.252919 5.93324
endloop
endfacet

facet normal -0.184488 0.254723 -0.949252
outer loop
vertex -14.952 -14.9099 -18.4605
vertex -12.0142 -17.0579 -19.6079
vertex -15.411 -20.3599 -19.8337
endloop
endfacet

facet normal 0.872896 0.263966 0.410335
outer loop
vertex -13.6914 9.29178 -41.9284
vertex -12.9599 7.62878 -42.4147
vertex -12.1449 9.58338 -45.406
endloop
endfacet

facet normal -0.0620884 -0.903633 -0.423784
outer loop
vertex -42.3775 3.82518 -15.7932
vertex -43.2176 3.88578 -15.7992
vertex -42.9152 4.31648 -16.762
endloop
endfacet

facet normal 0.487096 -0.758467 0.432973
outer loop
vertex 17.7686 12.6936 6.58574
vertex 15.0045 12.4713 9.30604
vertex 15.6134 11.6295 7.14644
endloop
endfacet

facet normal -0.174026 0.462594 -0.869323
outer loop
vertex -42.0584 9.57868 -10.2224
vertex -43.5406 7.85708 -10.8418
vertex -44.7998 7.05218 -11.018
endloop
endfacet

facet normal -0.441215 -0.622222 -0.646661
outer loop
vertex -23.9965 -7.14532 -44.3703
vertex -26.8968 -5.40982 -44.0614
vertex -27.0365 -4.34882 -44.987
endloop
endfacet

facet normal -0.422075 -0.581552 -0.695449
outer loop
vertex -23.462 -8.32612 -43.7073
vertex -26.8968 -5.40982 -44.0614
vertex -23.9965 -7.14532 -44.3703
endloop
endfacet

facet normal 0.197188 -0.715477 -0.670232
outer loop
vertex 32.7113 4.01528 -18.7896
vertex 36.3453 4.52068 -18.26
vertex 34.697 3.25928 -17.3984
endloop
endfacet

facet normal -0.914955 0.154608 -0.372764
outer loop
vertex 32.2355 3.87358 8.36614
vertex 31.6998 4.32208 9.86694
vertex 32.6089 4.50248 7.71034
endloop
endfacet

facet normal -0.532956 0.845536 -0.0320577
outer loop
vertex -25.1558 10.9847 -28.79
vertex -20.536 13.8498 -30.0249
vertex -24.361 11.2955 -33.8061
endloop
endfacet

facet normal 0.777191 -0.369135 0.50962
outer loop
vertex 22.8966 3.56998 -15.7987
vertex 21.1223 -0.0452194 -15.7113
vertex 23.3051 1.67318 -17.7956
endloop
endfacet

facet normal 0.529417 -0.84611 -0.0617667
outer loop
vertex 25.0374 -5.82892 7.67774
vertex 26.2113 -5.54552 13.8574
vertex 25.1584 -6.11672 12.6581
endloop
endfacet

facet normal 0.0341281 0.99398 -0.104107
outer loop
vertex -11.2344 23.0903 18.5564
vertex -12.8977 22.9081 16.2712
vertex -14.1761 23.0561 17.265
endloop
endfacet

facet normal -0.641606 0.123357 -0.75705
outer loop
vertex -29.1147 2.03778 -14.6493
vertex -28.7749 -1.17612 -15.4609
vertex -30.0468 -0.254619 -14.2328
endloop
endfacet

facet normal 0.289051 -0.831394 -0.474587
outer loop
vertex -31.3057 -2.51152 -3.66576
vertex -31.0377 -4.40622 -0.183365
vertex -32.9822 -4.87402 -0.548165
endloop
endfacet

facet normal -0.700016 -0.660601 0.271262
outer loop
vertex -17.9342 15.5122 21.9064
vertex -17.0903 15.3968 23.8031
vertex -18.9435 16.277 21.1641
endloop
endfacet

facet normal 0.772942 -0.38966 -0.500725
outer loop
vertex 21.3848 -8.18802 -15.9931
vertex 20.7989 -11.3222 -14.4586
vertex 18.0263 -13.663 -16.9169
endloop
endfacet

facet normal 0.121535 -0.808309 -0.576078
outer loop
vertex -14.6545 20.9804 16.5295
vertex -15.5283 20.3586 17.2175
vertex -16.8169 20.9582 16.1043
endloop
endfacet

facet normal -0.669509 -0.493415 -0.555247
outer loop
vertex -5.92269 -22.6945 16.7864
vertex -7.92629 -18.4297 15.4126
vertex -5.52479 -20.2924 14.1721
endloop
endfacet

facet normal -0.323363 -0.671636 0.666589
outer loop
vertex 32.3538 2.89038 -16.1559
vertex 31.5504 3.78978 -15.6394
vertex 31.5308 2.69218 -16.7548
endloop
endfacet

facet normal -0.742232 -0.4329 0.511556
outer loop
vertex -5.56299 -15.9795 34.8746
vertex -4.22089 -17.1514 35.8302
vertex -5.34819 -14.8455 36.1459
endloop
endfacet

facet normal -0.244692 0.7479 -0.617067
outer loop
vertex 34.697 3.25928 -17.3984
vertex 35.741 3.73008 -17.2417
vertex 36.4903 3.35188 -17.9972
endloop
endfacet

facet normal 0.756113 0.552964 0.350033
outer loop
vertex 12.7333 -16.9245 0.903135
vertex 14.4518 -19.1073 0.639035
vertex 13.2567 -16.696 -0.588565
endloop
endfacet

facet normal -0.651246 0.519821 0.55287
outer loop
vertex -33.946 6.82828 9.45274
vertex -35.1615 6.88248 7.97004
vertex -33.8673 4.10558 12.1054
endloop
endfacet

facet normal 0.0787253 0.777287 -0.624202
outer loop
vertex 3.03541 20.3721 -21.0867
vertex 6.87741 21.021 -19.7941
vertex 9.06461 16.5999 -25.0237
endloop
endfacet

facet normal 0.538337 0.659039 -0.525225
outer loop
vertex -31.0476 8.65288 -2.49076
vertex -26.1441 5.54748 -1.36146
vertex -29.1281 5.97488 -3.88366
endloop
endfacet

facet normal 0.218772 -0.610003 0.7616
outer loop
vertex 0.139007 -19.826 32.5216
vertex -2.31689 -20.8274 32.4251
vertex -1.70869 -23.3067 30.2645
endloop
endfacet

facet normal -0.751538 0.0184283 0.659433
outer loop
vertex 27.4102 -5.60942 7.22474
vertex 26.4244 -7.87772 6.16464
vertex 29.6277 -3.53412 9.69394
endloop
endfacet

facet normal -0.152486 -0.916928 -0.368771
outer loop
vertex 11.2546 -10.1643 -27.3663
vertex 9.56331 -10.0167 -27.0339
vertex 11.0863 -7.23542 -34.5791
endloop
endfacet

facet normal -0.998233 0.0593318 0.00338658
outer loop
vertex -27.4431 4.64988 -15.7115
vertex -27.3649 6.45668 -24.3174
vertex -27.622 1.80518 -18.607
endloop
endfacet

facet normal -0.246729 0.876696 0.412951
outer loop
vertex 10.9195 13.2152 28.6469
vertex 9.48671 11.8172 30.7589
vertex 11.3734 12.9149 29.5556
endloop
endfacet

facet normal -0.25459 0.291653 0.922021
outer loop
vertex -6.01509 23.7103 -7.61246
vertex -9.18209 23.7125 -8.48766
vertex -7.47189 22.7825 -7.72126
endloop
endfacet

facet normal 0.865333 -0.449825 -0.221035
outer loop
vertex 4.09411 -18.0877 16.2438
vertex 5.10771 -16.2462 16.4642
vertex 6.40571 -15.0085 19.0273
endloop
endfacet

facet normal 0.2863 0.936986 -0.200224
outer loop
vertex 14.2415 14.2688 -30.8615
vertex 14.7604 14.752 -27.8582
vertex 17.011 13.4662 -30.6573
endloop
endfacet

facet normal 0.175775 0.295625 -0.938994
outer loop
vertex -17.8576 13.9081 -46.4837
vertex -14.3302 12.2348 -46.3502
vertex -17.4393 12.7477 -46.7708
endloop
endfacet

facet normal -0.250379 0.966114 -0.0627311
outer loop
vertex -6.80719 -9.35942 31.6611
vertex -9.25939 -10.1554 29.1892
vertex -7.92349 -9.63112 31.9322
endloop
endfacet

facet normal 0.533756 0.112211 0.838161
outer loop
vertex -7.70309 14.05 30.4557
vertex -8.39759 12.959 31.0439
vertex -6.53219 12.7208 29.8879
endloop
endfacet

facet normal 0.108846 -0.943831 0.311986
outer loop
vertex 35.3505 -4.97792 -5.31086
vertex 35.0785 -4.54302 -3.90016
vertex 33.7474 -5.62702 -6.71496
endloop
endfacet

facet normal -0.081124 -0.0148451 -0.996593
outer loop
vertex -28.5884 -9.58792 -48.6783
vertex -29.6686 -4.97652 -48.6591
vertex -23.1163 -10.388 -49.1118
endloop
endfacet

facet normal 0.0834084 0.506271 0.858332
outer loop
vertex 10.7803 14.6071 26.6633
vertex 9.03841 16.5864 25.6651
vertex 10.3902 12.7134 27.8182
endloop
endfacet

facet normal 0.184591 -0.844974 0.501942
outer loop
vertex 0.955207 -20.1701 9.83254
vertex 5.97791 -19.9997 8.27234
vertex 0.861807 -18.0782 13.3884
endloop
endfacet

facet normal -0.00712699 -0.999974 0.000791926
outer loop
vertex -35.7821 -5.40372 -2.55086
vertex -37.8141 -5.38782 -0.817865
vertex -39.2462 -5.37922 -2.84616
endloop
endfacet

facet normal -0.512529 -0.30641 -0.802139
outer loop
vertex -28.7749 -1.17612 -15.4609
vertex -24.0986 -9.79762 -15.1556
vertex -26.6722 -8.69022 -13.9342
endloop
endfacet

facet normal -0.106518 0.962701 0.248718
outer loop
vertex -11.9445 21.9137 15.0769
vertex -13.3987 21.3578 16.6058
vertex -11.9663 21.3501 17.2491
endloop
endfacet

facet normal 0.131199 0.841786 0.523625
outer loop
vertex 6.47601 22.8441 18.6344
vertex 5.73461 21.7133 20.6381
vertex 7.08691 22.566 18.9284
endloop
endfacet

facet normal 0.0885065 0.667742 -0.739112
outer loop
vertex 7.93391 22.3939 -8.45356
vertex 6.49581 22.8088 -8.25096
vertex 11.2137 22.7288 -7.75826
endloop
endfacet

facet normal 0.364168 0.883486 0.294676
outer loop
vertex 39.3683 8.04518 -10.2039
vertex 36.8993 8.90068 -9.71756
vertex 40.4135 7.30898 -9.28846
endloop
endfacet

facet normal -0.931011 -0.298885 -0.209493
outer loop
vertex 15.0577 -14.0123 -47.8939
vertex 14.3885 -12.7447 -46.7282
vertex 14.8431 -13.0502 -48.3129
endloop
endfacet

facet normal -0.864343 0.374678 -0.335452
outer loop
vertex 33.1513 4.63538 -11.6554
vertex 32.8257 6.61258 -8.60826
vertex 34.8914 5.67398 -14.979
endloop
endfacet

facet normal -0.344494 0.899313 0.269367
outer loop
vertex 33.0672 4.56598 -16.2908
vertex 30.987 3.82568 -16.4799
vertex 31.5504 3.78978 -15.6394
endloop
endfacet

facet normal 0.14694 -0.482342 -0.863571
outer loop
vertex -21.6298 -1.22702 8.06764
vertex -21.4225 -4.13012 9.72454
vertex -25.4951 -2.95152 8.37324
endloop
endfacet

facet normal 0.0821162 0.964682 -0.250291
outer loop
vertex -6.15879 21.8616 -19.756
vertex -4.59849 24.1207 -10.5369
vertex -3.33269 21.9124 -18.6331
endloop
endfacet

facet normal -0.948243 0.0925004 -0.303773
outer loop
vertex -10.5406 -24.1996 2.37654
vertex -10.9394 -23.0872 3.96034
vertex -10.6002 -23.3668 2.81634
endloop
endfacet

facet normal 0.521989 0.306924 0.795817
outer loop
vertex 1.67191 -10.3811 33.7323
vertex 1.52761 -11.6533 34.3176
vertex 2.80021 -11.3668 33.3724
endloop
endfacet

facet normal -0.562826 -0.291998 -0.773282
outer loop
vertex 22.3295 -3.13702 4.08974
vertex 17.9258 -3.25172 7.33814
vertex 19.6401 0.623781 4.62704
endloop
endfacet

facet normal -0.46841 -0.488724 0.73603
outer loop
vertex -3.47599 -15.8902 38.3584
vertex -3.78549 -16.923 37.4756
vertex -2.54529 -16.7299 38.3932
endloop
endfacet

facet normal -0.878587 -0.0484099 -0.475123
outer loop
vertex 33.1513 4.63538 -11.6554
vertex 34.8914 5.67398 -14.979
vertex 34.2029 2.58138 -13.3908
endloop
endfacet

facet normal 0.778189 0.289089 -0.557538
outer loop
vertex 31.4266 -3.16012 -13.8663
vertex 32.1684 -3.44382 -12.978
vertex 32.8204 -4.90592 -12.8262
endloop
endfacet

facet normal -0.280474 0.822395 -0.494976
outer loop
vertex -6.64569 -23.3265 22.3749
vertex -5.85099 -23.648 21.3905
vertex -6.69119 -23.91 21.4313
endloop
endfacet

facet normal 0.325913 0.272041 0.905414
outer loop
vertex 16.5262 -7.12702 30.268
vertex 16.413 -4.70662 29.5815
vertex 15.4296 -5.96002 30.3121
endloop
endfacet

facet normal -0.102565 0.465991 0.878825
outer loop
vertex -5.76569 -22.8939 21.0005
vertex -6.69119 -23.91 21.4313
vertex -5.85099 -23.648 21.3905
endloop
endfacet

facet normal -0.805496 0.51074 -0.300533
outer loop
vertex -43.8028 6.26718 -14.1836
vertex -44.5866 4.98818 -14.2563
vertex -45.0738 6.05958 -11.1298
endloop
endfacet

facet normal -0.805736 0.589526 -0.056992
outer loop
vertex -24.0178 13.1201 -11.4997
vertex -22.0549 15.9348 -10.1349
vertex -21.1548 16.8598 -13.2921
endloop
endfacet

facet normal -0.433461 0.100592 0.89554
outer loop
vertex -5.45999 -11.7048 34.6985
vertex -5.34839 -14.641 35.0824
vertex -4.29329 -15.3718 35.6751
endloop
endfacet

facet normal -0.758129 -0.538448 -0.367851
outer loop
vertex -41.9512 -4.35022 9.47304
vertex -43.2216 -3.89932 11.4312
vertex -42.3222 -3.47572 8.95764
endloop
endfacet

facet normal -0.480918 -0.413891 0.772924
outer loop
vertex -27.6203 -6.50062 -45.821
vertex -27.1253 -8.27032 -46.4607
vertex -25.6894 -8.11292 -45.483
endloop
endfacet

facet normal 0.288866 -0.0978421 -0.952357
outer loop
vertex -14.1749 -3.39212 -43.6301
vertex -12.9117 0.253181 -43.6215
vertex -11.0294 -1.92252 -42.827
endloop
endfacet

facet normal 0.684845 -0.572863 -0.450349
outer loop
vertex 18.6042 -13.7589 -47.0666
vertex 17.4525 -14.5382 -47.8268
vertex 18.8585 -12.7358 -47.9815
endloop
endfacet

facet normal -0.622579 -0.760989 -0.182459
outer loop
vertex 29.3594 -4.02722 -4.23086
vertex 30.9325 -5.54822 -3.25526
vertex 27.7095 -2.72892 -4.01596
endloop
endfacet

facet normal 0.385293 0.228388 -0.894085
outer loop
vertex 16.5781 12.4141 -47.0867
vertex 20.1954 10.3468 -46.056
vertex 18.7249 10.4514 -46.6629
endloop
endfacet

facet normal -0.675128 0.54006 -0.502531
outer loop
vertex 38.2734 -4.84922 -8.97546
vertex 37.1859 -6.99812 -9.82386
vertex 36.4949 -6.51162 -8.37266
endloop
endfacet

facet normal -0.755945 0.49346 0.430168
outer loop
vertex 8.94551 8.14428 -42.0204
vertex 12.3082 13.4455 -42.1923
vertex 7.96921 10.464 -46.3971
endloop
endfacet

facet normal 0.544053 -0.733798 0.406875
outer loop
vertex -10.0793 -20.6694 23.555
vertex -9.40859 -20.3022 23.3203
vertex -9.57799 -19.7715 24.5041
endloop
endfacet

facet normal -0.2203 0.752299 -0.620898
outer loop
vertex 33.8182 -5.49462 -1.64716
vertex 34.9555 -5.67142 -2.26476
vertex 33.5431 -6.56072 -2.84126
endloop
endfacet

facet normal 0.200557 0.943862 -0.262491
outer loop
vertex -2.83389 23.0578 -13.0107
vertex -4.59849 24.1207 -10.5369
vertex -0.960293 23.6335 -9.50896
endloop
endfacet

facet normal 0.200588 -0.959673 0.196957
outer loop
vertex 34.1032 -5.14182 -2.10386
vertex 33.145 -5.75572 -4.11896
vertex 34.8317 -5.35512 -3.88486
endloop
endfacet

facet normal 0.269261 -0.401679 -0.875301
outer loop
vertex -41.9512 -4.35022 9.47304
vertex -42.3222 -3.47572 8.95764
vertex -40.258 -3.36342 9.54104
endloop
endfacet

facet normal -0.911474 -0.22185 -0.346408
outer loop
vertex 33.8727 8.64768 -3.71296
vertex 34.6772 8.78568 -5.91806
vertex 34.2789 8.50498 -4.69036
endloop
endfacet

facet normal 0.806982 0.547449 0.221538
outer loop
vertex 14.2348 18.9995 20.2672
vertex 14.8857 18.4024 19.3717
vertex 13.5574 20.6926 18.5508
endloop
endfacet

facet normal -0.915878 0.121617 -0.382591
outer loop
vertex 29.6493 -1.33522 -6.87176
vertex 31.011 4.09388 -8.40576
vertex 30.2379 -4.82292 -9.38946
endloop
endfacet

facet normal 0.826891 0.560078 -0.0506339
outer loop
vertex 7.71501 -11.5283 25.4487
vertex 8.51701 -13.1509 20.5978
vertex 7.77791 -11.742 24.1119
endloop
endfacet

facet normal -0.992066 -0.123658 0.0226766
outer loop
vertex 30.3364 -2.87382 -16.6022
vertex 30.115 -1.01872 -16.1716
vertex 30.186 -1.72172 -16.8979
endloop
endfacet

facet normal -0.983349 -0.143297 0.111758
outer loop
vertex 30.3527 -2.42792 -15.8866
vertex 30.115 -1.01872 -16.1716
vertex 30.3364 -2.87382 -16.6022
endloop
endfacet

facet normal 0.678879 -0.433075 0.592933
outer loop
vertex 17.5028 -14.7024 -46.4947
vertex 18.6042 -13.7589 -47.0666
vertex 18.4538 -13.0198 -46.3545
endloop
endfacet

facet normal 0.8317 -0.521853 0.189593
outer loop
vertex -12.7368 -19.579 8.44794
vertex -12.392 -18.6189 9.57784
vertex -12.2341 -16.4671 14.8078
endloop
endfacet

facet normal 0.50472 0.469347 0.724549
outer loop
vertex -5.95859 -14.807 34.8906
vertex -6.26339 -13.6154 34.331
vertex -6.75139 -13.7246 34.7417
endloop
endfacet

facet normal -0.689846 0.577771 0.436226
outer loop
vertex -6.83819 15.7924 29.5157
vertex -7.46929 15.4911 28.9168
vertex -7.70309 14.05 30.4557
endloop
endfacet

facet normal 0.939053 -0.272852 0.209121
outer loop
vertex 20.2986 1.41318 1.27844
vertex 18.6223 -5.64682 -0.405665
vertex 20.5968 1.50968 0.0649352
endloop
endfacet

facet normal 0.351003 -0.0540763 -0.934811
outer loop
vertex -42.548 2.21478 8.18294
vertex -41.2987 1.74318 8.67934
vertex -40.9036 0.0738806 8.92424
endloop
endfacet

facet normal -0.170505 0.528196 0.831828
outer loop
vertex -14.5565 16.427 25.571
vertex -15.2295 14.3341 26.7621
vertex -11.0463 16.3442 26.3431
endloop
endfacet

facet normal -0.57679 -0.804783 0.140136
outer loop
vertex 31.1857 -7.17122 -9.75266
vertex 30.4504 -6.67562 -9.93326
vertex 30.6259 -7.28032 -12.6835
endloop
endfacet

facet normal -0.569035 0.166004 -0.805383
outer loop
vertex -18.3872 20.4447 17.108
vertex -16.8169 20.9582 16.1043
vertex -18.2524 19.8098 16.8819
endloop
endfacet

facet normal 0.874153 0.350293 0.336379
outer loop
vertex 19.466 6.68408 32.52
vertex 18.6507 7.34208 33.9534
vertex 19.3646 5.85338 33.6485
endloop
endfacet

facet normal 0.685478 -0.624723 0.373952
outer loop
vertex 40.5922 -4.23682 -9.13596
vertex 38.617 -3.50672 -4.29546
vertex 37.9202 -7.32772 -9.40156
endloop
endfacet

facet normal 0.415258 0.34224 0.842872
outer loop
vertex 16.8008 2.24748 35.5347
vertex 16.7567 5.29008 34.321
vertex 15.4413 2.01088 36.3005
endloop
endfacet

facet normal -0.767997 0.638501 0.0499761
outer loop
vertex 34.2098 4.93718 -16.0388
vertex 34.8914 5.67398 -14.979
vertex 35.01 5.96628 -16.8894
endloop
endfacet

facet normal 0.454382 -0.758552 0.46705
outer loop
vertex 14.5757 -11.9584 -17.5484
vertex 14.5859 -11.263 -16.429
vertex 11.8002 -13.8538 -17.9267
endloop
endfacet

facet normal 0.77351 -0.406127 0.486563
outer loop
vertex -42.3103 3.84678 -18.1157
vertex -42.1261 5.89058 -16.7025
vertex -42.9152 4.31648 -16.762
endloop
endfacet

facet normal -0.6161 -0.284522 0.734485
outer loop
vertex 10.145 -7.20662 32.1949
vertex 11.1288 -7.35702 32.9618
vertex 9.57021 -5.32032 32.4434
endloop
endfacet

facet normal -0.744225 0.536428 -0.397962
outer loop
vertex 7.94191 8.06038 -40.2565
vertex 9.15291 9.98938 -39.921
vertex 8.94551 8.14428 -42.0204
endloop
endfacet

facet normal 0.799383 -0.600117 -0.0291072
outer loop
vertex 22.3928 -5.69842 -44.1191
vertex 24.3826 -3.03902 -44.3011
vertex 22.9469 -4.99822 -43.338
endloop
endfacet

facet normal 0.470141 -0.248905 0.846767
outer loop
vertex -1.89129 0.418081 37.109
vertex 1.04781 3.85108 36.4862
vertex -1.66909 4.36908 38.147
endloop
endfacet

facet normal 0.638544 -0.352328 0.684198
outer loop
vertex 21.8471 -5.39932 -44.678
vertex 22.8635 -4.42742 -45.1261
vertex 23.2284 -3.66182 -45.0724
endloop
endfacet

facet normal -0.660849 0.0950244 0.744479
outer loop
vertex 11.8964 -2.28662 34.9456
vertex 11.1 -3.39902 34.3807
vertex 13.2247 -3.83932 36.3229
endloop
endfacet

facet normal 0.653138 0.266029 0.70897
outer loop
vertex 13.2202 17.9097 -9.21676
vertex 12.4099 20.5259 -9.45196
vertex 12.6506 18.9025 -9.06456
endloop
endfacet

facet normal -0.199874 0.939122 -0.279463
outer loop
vertex 4.19691 21.7559 -18.9048
vertex 1.90721 21.7238 -17.3751
vertex 2.65931 24.0353 -10.1452
endloop
endfacet

facet normal 0.512261 -0.85158 -0.111351
outer loop
vertex 11.8002 -13.8538 -17.9267
vertex 9.14321 -15.1322 -20.3735
vertex 15.0668 -11.5524 -20.4997
endloop
endfacet

facet normal 0.449128 -0.876106 0.175275
outer loop
vertex 25.676 -1.95742 10.969
vertex 22.045 -3.77352 11.1955
vertex 22.1502 -4.23252 8.63174
endloop
endfacet

facet normal 0.846134 -0.411299 -0.338955
outer loop
vertex 16.1773 -18.4807 -17.309
vertex 20.7989 -11.3222 -14.4586
vertex 15.5839 -20.7555 -16.0303
endloop
endfacet

facet normal -0.384087 0.75931 -0.525286
outer loop
vertex -15.5916 22.7403 -7.99136
vertex -18.9575 23.2966 -4.72606
vertex -14.9628 24.6328 -5.71536
endloop
endfacet

facet normal 0.683053 -0.63286 0.364591
outer loop
vertex 33.2655 -6.37792 -3.00976
vertex 32.8106 -7.10372 -3.41726
vertex 33.3411 -7.76282 -5.55516
endloop
endfacet

facet normal 0.58527 -0.486724 -0.648506
outer loop
vertex -37.227 -0.500219 -16.3768
vertex -39.1979 -0.421419 -18.2146
vertex -36.6788 -0.156019 -16.1403
endloop
endfacet

facet normal 0.614282 0.707919 -0.34858
outer loop
vertex -22.6401 14.0452 11.5356
vertex -21.0713 13.0318 12.2421
vertex -21.8899 12.4981 9.71554
endloop
endfacet

facet normal 0.272873 0.947025 -0.169365
outer loop
vertex 37.3403 7.16698 -10.2117
vertex 38.4053 6.50358 -12.2055
vertex 36.089 7.20028 -12.0412
endloop
endfacet

facet normal -0.883001 0.379687 -0.275948
outer loop
vertex -9.67029 -16.0696 21.2936
vertex -9.23689 -17.0319 18.5828
vertex -10.1278 -18.1645 19.8751
endloop
endfacet

facet normal -0.163023 0.192617 -0.967637
outer loop
vertex -2.58729 5.24118 -29.8317
vertex 1.08301 3.01928 -30.8923
vertex -2.21809 2.41358 -30.4568
endloop
endfacet

facet normal 0.44083 0.0680773 0.895005
outer loop
vertex -35.1615 6.88248 7.97004
vertex -38.2249 10.8291 9.17874
vertex -38.9837 3.86818 10.0819
endloop
endfacet

facet normal -0.0338366 0.0651099 -0.997304
outer loop
vertex 21.1223 -0.0452194 -15.7113
vertex 22.0225 -0.622219 -15.7795
vertex 20.7848 -2.34702 -15.8501
endloop
endfacet

facet normal -0.860665 -0.479451 0.171413
outer loop
vertex 17.8485 0.594381 33.9272
vertex 18.2222 0.654381 35.9715
vertex 17.7159 1.09138 34.6516
endloop
endfacet

facet normal -0.046661 0.650701 -0.757899
outer loop
vertex -12.0995 16.1194 -25.8079
vertex -5.51039 17.5623 -24.9748
vertex -10.1031 14.3002 -27.4927
endloop
endfacet

facet normal 0.493647 0.795004 0.352537
outer loop
vertex 9.00821 20.3915 18.2276
vertex 10.8722 17.6357 21.832
vertex 12.6227 17.0314 20.7434
endloop
endfacet

facet normal -0.867408 -0.494867 0.0520597
outer loop
vertex -28.2039 -3.06062 -43.5092
vertex -28.453 -2.72222 -44.4433
vertex -26.8968 -5.40982 -44.0614
endloop
endfacet

facet normal -0.81562 0.298468 0.495661
outer loop
vertex 34.2648 -1.15522 -14.5582
vertex 35.301 3.57498 -15.7014
vertex 34.0771 -0.895419 -15.0235
endloop
endfacet

facet normal -0.375303 0.332147 -0.865347
outer loop
vertex 31.9029 1.03278 -18.2809
vertex 31.8038 1.77318 -17.9537
vertex 34.8123 2.66558 -18.9159
endloop
endfacet

facet normal 0.283417 -0.183507 0.941276
outer loop
vertex 3.06001 -3.52322 35.0425
vertex 1.15581 -1.07172 36.0938
vertex 1.25901 -4.08752 35.4748
endloop
endfacet

facet normal 0.283675 0.434397 0.854885
outer loop
vertex 35.3454 13.9397 9.17014
vertex 34.9666 14.5842 8.96834
vertex 34.3742 13.498 9.71684
endloop
endfacet

facet normal -0.528113 -0.821118 0.216476
outer loop
vertex -6.17929 -23.6417 23.2957
vertex -3.54849 -24.9792 24.6404
vertex -6.56999 -23.1313 24.2784
endloop
endfacet

facet normal -0.387471 0.656398 -0.647309
outer loop
vertex 36.3286 0.898281 1.83604
vertex 36.2576 1.23308 2.21804
vertex 37.0082 1.14208 1.67654
endloop
endfacet

facet normal -0.499645 -0.769254 0.398249
outer loop
vertex -11.4887 -23.4416 2.65114
vertex -15.1804 -23.1676 -1.45126
vertex -10.5406 -24.1996 2.37654
endloop
endfacet

facet normal -0.81111 0.336165 0.478638
outer loop
vertex -24.6325 4.76748 24.7318
vertex -21.7083 4.20928 30.0795
vertex -22.4932 7.42998 26.4873
endloop
endfacet

facet normal 0.641967 -0.752627 0.146394
outer loop
vertex 20.8729 -4.96362 -30.7399
vertex 18.6453 -7.80742 -35.5912
vertex 21.3122 -5.35592 -34.683
endloop
endfacet

facet normal 0.71217 -0.19805 -0.673491
outer loop
vertex 37.474 -3.05862 -0.695565
vertex 38.7524 -2.12632 0.382135
vertex 36.6372 -5.34282 -0.908665
endloop
endfacet

facet normal 0.490159 -0.78654 -0.375631
outer loop
vertex -33.1525 -6.30762 5.31954
vertex -36.5923 -6.98982 2.25924
vertex -35.3914 -6.53662 2.87734
endloop
endfacet

facet normal -0.517248 0.757676 0.397972
outer loop
vertex 14.2348 18.9995 20.2672
vertex 13.6027 18.0073 21.3346
vertex 13.5606 17.3599 22.5125
endloop
endfacet

facet normal 0.801665 0.33562 -0.494664
outer loop
vertex -12.6995 6.90538 -41.9401
vertex -13.6914 9.29178 -41.9284
vertex -12.3854 8.74788 -40.1809
endloop
endfacet

facet normal -0.14463 0.904776 -0.400577
outer loop
vertex 12.3799 12.2073 -48.0335
vertex 13.2271 12.8589 -46.8677
vertex 15.002 12.5432 -48.2217
endloop
endfacet

facet normal 0.681026 -0.438079 0.586763
outer loop
vertex 1.25901 -4.08752 35.4748
vertex -1.39519 -4.82292 38.0063
vertex -0.605893 -8.62962 34.2481
endloop
endfacet

facet normal -0.464905 0.497382 0.732445
outer loop
vertex -5.04869 11.4742 31.2927
vertex -2.94129 11.4741 32.6304
vertex -2.46589 16.0214 29.8442
endloop
endfacet

facet normal -0.823763 -0.27708 0.494612
outer loop
vertex -24.9497 -7.77592 -5.01246
vertex -22.7845 -6.04532 -0.436865
vertex -24.9516 -0.0638194 -0.695265
endloop
endfacet

facet normal -0.570846 -0.740475 -0.354727
outer loop
vertex -43.7284 -2.36902 -16.3168
vertex -43.3682 -1.74572 -18.1975
vertex -42.3776 -2.82342 -17.5421
endloop
endfacet

facet normal -0.399959 -0.297204 0.867008
outer loop
vertex -23.9965 -7.14532 -44.3703
vertex -27.6203 -6.50062 -45.821
vertex -25.6894 -8.11292 -45.483
endloop
endfacet

facet normal 0.848796 -0.337331 0.407129
outer loop
vertex 16.4406 -4.56522 6.86724
vertex 19.903 -1.16002 2.47014
vertex 17.6441 -1.50952 6.89014
endloop
endfacet

facet normal -0.232907 0.190817 -0.953595
outer loop
vertex -12.0142 -17.0579 -19.6079
vertex -14.952 -14.9099 -18.4605
vertex -13.5714 -13.6587 -18.5473
endloop
endfacet

facet normal 0.84213 -0.303707 0.445621
outer loop
vertex 33.1936 10.6607 10.0141
vertex 35.2436 13.332 7.96054
vertex 34.3742 13.498 9.71684
endloop
endfacet

facet normal -0.202038 0.445458 0.872209
outer loop
vertex -10.1536 12.4212 31.2013
vertex -13.6575 11.7404 30.7374
vertex -10.4955 10.0825 32.3166
endloop
endfacet

facet normal 0.342337 -0.920486 -0.188446
outer loop
vertex 25.6017 -4.80122 3.68314
vertex 26.7784 -4.80862 5.85714
vertex 25.0374 -5.82892 7.67774
endloop
endfacet

facet normal -0.25646 -0.925205 0.279684
outer loop
vertex -4.71899 -28.8048 -5.68506
vertex -8.52549 -26.0003 0.102135
vertex -8.90709 -27.2947 -4.52996
endloop
endfacet

facet normal -0.0510202 -0.993798 0.0988001
outer loop
vertex -40.1467 -5.56602 -15.0993
vertex -41.5374 -5.46872 -14.8389
vertex -41.3181 -5.64752 -16.5239
endloop
endfacet

facet normal -0.253724 -0.966759 -0.0316336
outer loop
vertex 15.1273 -8.25332 -37.1103
vertex 14.6637 -8.10622 -37.8856
vertex 17.215 -8.77972 -37.7654
endloop
endfacet

facet normal 0.101011 0.878544 0.466859
outer loop
vertex -8.78999 17.8725 23.444
vertex -9.14079 16.5303 26.0456
vertex -5.94879 15.8626 26.6116
endloop
endfacet

facet normal -0.668278 -0.688952 0.280622
outer loop
vertex -13.3963 -20.9883 4.62814
vertex -13.7108 -21.1603 3.45724
vertex -13.4363 -21.9276 2.22674
endloop
endfacet

facet normal -0.895503 0.211491 0.391593
outer loop
vertex -46.2254 7.38728 -9.52216
vertex -47.7855 1.72998 -10.0343
vertex -45.0754 2.12978 -4.05276
endloop
endfacet

facet normal -0.948216 -0.313333 -0.0520529
outer loop
vertex 8.63951 1.09058 -43.6927
vertex 8.87921 0.769181 -46.1241
vertex 10.4391 -4.33452 -43.8182
endloop
endfacet

facet normal -0.0215581 -0.947467 0.319125
outer loop
vertex -43.543 3.82258 -18.2709
vertex -42.3103 3.84678 -18.1157
vertex -42.9152 4.31648 -16.762
endloop
endfacet

facet normal -0.137529 0.970799 0.19656
outer loop
vertex -2.25669 -8.92212 34.822
vertex -4.24419 -8.98772 33.7552
vertex -5.36479 -9.19492 33.9945
endloop
endfacet

facet normal 0.435606 -0.799245 0.41407
outer loop
vertex 6.95521 -20.0081 8.59104
vertex 4.88041 -21.805 7.30534
vertex 10.2001 -19.5939 5.97684
endloop
endfacet

facet normal 0.48661 -0.235448 -0.841294
outer loop
vertex 40.1227 -4.10712 -9.64856
vertex 41.0851 0.0411806 -10.2529
vertex 41.9191 -0.251719 -9.68846
endloop
endfacet

facet normal -0.293312 0.921115 -0.255959
outer loop
vertex 12.6667 12.7126 -37.4053
vertex 12.2212 14.0515 -32.0765
vertex 14.4626 13.3353 -37.2226
endloop
endfacet

facet normal -0.654636 -0.5337 0.535365
outer loop
vertex -15.7012 -17.0703 3.71544
vertex -15.6275 -14.1349 6.73174
vertex -17.6899 -11.2733 7.06264
endloop
endfacet

facet normal -0.81075 -0.127757 0.571282
outer loop
vertex -26.9873 0.633381 -2.78486
vertex -28.1646 1.90558 -4.17106
vertex -27.763 -1.49342 -4.36136
endloop
endfacet

facet normal -0.859589 -0.392759 0.326875
outer loop
vertex -15.7783 11.2995 28.4368
vertex -15.0599 10.7512 29.6672
vertex -16.7785 13.1215 27.9957
endloop
endfacet

facet normal -0.626957 0.428992 -0.6503
outer loop
vertex -46.5088 0.808781 -10.0192
vertex -47.5529 -0.460119 -9.84956
vertex -47.439 0.755581 -9.15736
endloop
endfacet

facet normal -0.118431 0.813471 0.56942
outer loop
vertex -21.9146 -18.2842 -6.65116
vertex -21.0663 -16.8389 -8.53956
vertex -23.6989 -14.7935 -12.0092
endloop
endfacet

facet normal -0.852028 -0.326923 -0.408865
outer loop
vertex -10.0814 -16.3824 25.7151
vertex -10.5487 -14.9564 25.5486
vertex -10.008 -15.1745 24.5963
endloop
endfacet

facet normal 0.676465 -0.658038 0.330729
outer loop
vertex 28.6911 -2.86282 10.0169
vertex 29.7124 -2.97262 7.70954
vertex 30.1133 -2.11792 8.58984
endloop
endfacet

facet normal 0.212912 -0.908623 -0.359267
outer loop
vertex -15.4601 -5.90622 -40.0354
vertex -16.7753 -5.45702 -41.9511
vertex -14.8229 -4.46042 -43.3146
endloop
endfacet

facet normal -0.176418 -0.447276 -0.876824
outer loop
vertex 2.59581 17.5104 26.3692
vertex 5.74761 17.1399 25.9241
vertex 4.36681 16.16 26.7018
endloop
endfacet

facet normal -0.252626 -0.833472 -0.491431
outer loop
vertex -37.3705 -6.89642 -12.5644
vertex -38.4372 -7.19232 -11.514
vertex -38.7025 -6.37212 -12.7687
endloop
endfacet

facet normal 0.281337 0.711975 -0.643382
outer loop
vertex -13.9333 14.9676 -28.429
vertex -10.1031 14.3002 -27.4927
vertex -10.0934 11.017 -31.1217
endloop
endfacet

facet normal 0.862216 -0.452796 0.227067
outer loop
vertex 6.84531 -15.2792 24.3799
vertex 6.00321 -17.1591 23.8286
vertex 7.35321 -15.3557 22.2986
endloop
endfacet

facet normal -0.496515 0.112745 -0.860675
outer loop
vertex -28.2738 1.50158 -45.5312
vertex -26.6422 3.46068 -46.2158
vertex -27.3419 1.34368 -46.0895
endloop
endfacet

facet normal 0.865854 -0.159219 0.474285
outer loop
vertex 24.4523 -4.17602 -6.80576
vertex 25.6398 -1.91612 -8.21496
vertex 24.2984 1.32198 -4.67906
endloop
endfacet

facet normal -0.16593 -0.846096 -0.506547
outer loop
vertex -17.3718 -6.87162 18.028
vertex -18.1465 -6.65052 17.9125
vertex -18.0561 -5.05082 15.2108
endloop
endfacet

facet normal 0.226353 -0.950049 -0.214876
outer loop
vertex -13.3246 -9.39222 -27.42
vertex -16.7618 -10.4861 -26.2042
vertex -13.8983 -9.04812 -29.5456
endloop
endfacet

facet normal -0.898938 0.269258 0.345558
outer loop
vertex -9.84639 19.7991 21.8676
vertex -9.71639 22.3231 20.2393
vertex -10.1031 21.1378 20.1569
endloop
endfacet

facet normal -0.425495 -0.500343 0.754063
outer loop
vertex -11.2814 21.2531 18.2341
vertex -11.1828 21.9877 18.7771
vertex -13.2356 21.6824 17.4162
endloop
endfacet

facet normal 0.10853 0.989149 0.0990243
outer loop
vertex -2.18439 17.6464 27.8569
vertex -0.430993 17.8487 23.9153
vertex -2.70559 18.1308 23.59
endloop
endfacet

facet normal 0.167667 0.230465 -0.958527
outer loop
vertex -17.4393 12.7477 -46.7708
vertex -14.3302 12.2348 -46.3502
vertex -12.2373 10.5039 -46.4003
endloop
endfacet

facet normal 0.0849426 0.0325125 -0.995855
outer loop
vertex -17.4393 12.7477 -46.7708
vertex -12.2373 10.5039 -46.4003
vertex -14.6856 10.2955 -46.6159
endloop
endfacet

facet normal -0.364524 0.10759 0.924957
outer loop
vertex 34.0771 -0.895419 -15.0235
vertex 32.6155 -0.204319 -15.6799
vertex 32.8086 -2.17502 -15.3746
endloop
endfacet

facet normal -0.928959 -0.3697 0.0189107
outer loop
vertex -26.5662 -2.79042 -24.0551
vertex -27.0227 -1.46182 -20.5066
vertex -28.3773 1.32478 -32.5714
endloop
endfacet

facet normal -0.268607 0.962933 0.0247091
outer loop
vertex -20.4882 13.1034 -43.7182
vertex -17.8576 13.9081 -46.4837
vertex -21.3444 12.9365 -46.5235
endloop
endfacet

facet normal 0.900048 0.21141 0.381078
outer loop
vertex 23.012 7.98538 -38.3141
vertex 20.6288 10.9331 -34.3206
vertex 23.2535 3.79388 -36.5592
endloop
endfacet

facet normal 0.567531 0.154541 0.808719
outer loop
vertex -6.53219 12.7208 29.8879
vertex -6.83819 15.7924 29.5157
vertex -7.70309 14.05 30.4557
endloop
endfacet

facet normal 0.755236 0.102344 -0.647414
outer loop
vertex 24.974 -6.04832 -48.4853
vertex 24.323 -1.40032 -48.51
vertex 25.329 -4.27642 -47.791
endloop
endfacet

facet normal -0.492424 -0.471843 -0.731357
outer loop
vertex 11.9446 -8.87142 31.8308
vertex 11.1861 -7.98482 31.7695
vertex 13.8972 -8.84082 30.4964
endloop
endfacet

facet normal -0.934186 -0.30159 0.190628
outer loop
vertex -6.62919 -15.2558 33.5154
vertex -6.58249 -14.7925 34.4774
vertex -6.84379 -14.3981 33.821
endloop
endfacet

facet normal 0.713029 0.446769 0.540359
outer loop
vertex 14.2348 18.9995 20.2672
vertex 13.5606 17.3599 22.5125
vertex 14.4299 17.3165 21.4013
endloop
endfacet

facet normal -0.0530973 -0.663417 0.746364
outer loop
vertex -2.31689 -20.8274 32.4251
vertex -3.81909 -21.8056 31.4487
vertex -1.70869 -23.3067 30.2645
endloop
endfacet

facet normal 0.794868 0.538829 -0.279013
outer loop
vertex 7.45401 -12.1629 22.2166
vertex 7.06471 -12.69 20.0897
vertex 7.28091 -11.6996 22.6184
endloop
endfacet

facet normal -0.805671 -0.557485 -0.200263
outer loop
vertex -15.6275 -14.1349 6.73174
vertex -16.8714 -12.8806 8.24414
vertex -17.6899 -11.2733 7.06264
endloop
endfacet

facet normal -0.0660115 -0.978586 -0.194968
outer loop
vertex -28.6605 -4.06342 1.22404
vertex -31.2591 -4.02502 1.91154
vertex -30.1598 -3.67992 -0.192865
endloop
endfacet

facet normal 0.0794507 -0.968054 -0.23782
outer loop
vertex 25.0374 -5.82892 7.67774
vertex 23.5395 -5.13342 4.34664
vertex 25.6017 -4.80122 3.68314
endloop
endfacet

facet normal -0.179135 -0.97556 0.127251
outer loop
vertex -29.2906 -2.48962 10.2381
vertex -30.9176 -2.30912 9.33194
vertex -29.8354 -2.81152 7.00304
endloop
endfacet

facet normal 0.749049 -5.37727e-05 -0.662514
outer loop
vertex 41.0142 5.51878 -11.2238
vertex 41.6397 5.91468 -10.5166
vertex 42.1521 1.84878 -9.93686
endloop
endfacet

facet normal 0.948471 -0.264929 0.173829
outer loop
vertex 18.0426 0.599381 31.7176
vertex 18.8834 3.17568 31.0561
vertex 18.427 2.09838 31.9045
endloop
endfacet

facet normal -0.929637 0.329995 0.163947
outer loop
vertex -13.8271 -14.1296 18.0107
vertex -14.3789 -14.5325 15.6926
vertex -15.1603 -15.6087 13.428
endloop
endfacet

facet normal 0.226728 -0.785726 -0.575525
outer loop
vertex -15.4601 -5.90622 -40.0354
vertex -18.5211 -7.88412 -38.541
vertex -20.7866 -8.29662 -38.8704
endloop
endfacet

facet normal 0.589967 -0.707077 0.389848
outer loop
vertex -2.20029 -18.3626 36.8468
vertex -0.683393 -17.602 35.9308
vertex -1.35039 -17.3221 37.4477
endloop
endfacet

facet normal 0.440295 -0.838533 -0.32094
outer loop
vertex -43.5406 7.85708 -10.8418
vertex -41.7693 8.66998 -10.5358
vertex -41.9025 8.09558 -9.21776
endloop
endfacet

facet normal 0.00688966 -0.439244 -0.898341
outer loop
vertex 7.61041 -21.3638 -20.7985
vertex 7.65521 -22.1078 -20.4344
vertex -2.73639 -25.5768 -18.8179
endloop
endfacet

facet normal 0.767684 -0.436869 0.468836
outer loop
vertex 18.6154 7.85558 3.08794
vertex 20.2486 8.75148 1.24854
vertex 19.4043 10.4718 4.23394
endloop
endfacet

facet normal 0.824991 0.452717 0.338286
outer loop
vertex 19.4109 6.20558 1.50004
vertex 18.3541 6.66528 3.46204
vertex 19.8845 3.99168 3.30774
endloop
endfacet

facet normal -0.269387 -0.951396 -0.149254
outer loop
vertex -9.55669 -27.7553 -9.97846
vertex -9.30189 -26.7941 -16.5655
vertex -3.77919 -29.3136 -10.4731
endloop
endfacet

facet normal 0.886495 0.388094 -0.25201
outer loop
vertex 20.6288 10.9331 -34.3206
vertex 21.8799 9.67628 -31.8552
vertex 23.4387 6.21858 -31.6965
endloop
endfacet

facet normal 0.395885 -0.275128 0.876116
outer loop
vertex 30.0644 9.39098 13.5463
vertex 30.3838 14.0367 14.8608
vertex 29.5332 12.5905 14.791
endloop
endfacet

facet normal 0.671844 -0.244076 0.699323
outer loop
vertex 30.3838 14.0367 14.8608
vertex 30.0644 9.39098 13.5463
vertex 30.6608 10.2043 13.2571
endloop
endfacet

facet normal 0.873667 0.476991 -0.0958382
outer loop
vertex 6.00321 -17.1591 23.8286
vertex 5.79251 -16.3776 25.7974
vertex 6.29951 -17.7033 23.8213
endloop
endfacet

facet normal 0.0490839 -0.618071 0.784589
outer loop
vertex 4.75461 -21.064 7.89694
vertex 4.88041 -21.805 7.30534
vertex 6.95521 -20.0081 8.59104
endloop
endfacet

facet normal 0.137159 0.137691 0.980933
outer loop
vertex 18.4538 -13.0198 -46.3545
vertex 15.9545 -12.734 -46.0452
vertex 16.3986 -13.968 -45.9341
endloop
endfacet

facet normal 0.128477 0.991595 0.0152509
outer loop
vertex -4.03839 23.9988 -7.33176
vertex -0.960293 23.6335 -9.50896
vertex -4.59849 24.1207 -10.5369
endloop
endfacet

facet normal -0.638511 0.406401 -0.653561
outer loop
vertex -24.9787 8.80548 -40.527
vertex -29.6081 2.47968 -39.9377
vertex -29.2733 4.31848 -39.1214
endloop
endfacet

facet normal 0.896865 -0.437999 0.061571
outer loop
vertex 30.0506 -0.300219 14.4811
vertex 29.6653 -1.52312 11.3944
vertex 31.5255 2.08808 9.98734
endloop
endfacet

facet normal 0.283117 -0.650138 0.705099
outer loop
vertex 6.35071 17.6991 25.5021
vertex 7.56011 18.6934 25.9332
vertex 5.31041 18.4443 26.6069
endloop
endfacet

facet normal -0.530917 -0.782972 0.324163
outer loop
vertex -19.4373 -18.7621 1.30404
vertex -14.0176 -22.023 2.30434
vertex -18.0266 -18.168 5.04944
endloop
endfacet

facet normal 0.830478 0.0700876 0.552624
outer loop
vertex 22.394 3.58968 23.4796
vertex 25.9288 3.81058 18.1395
vertex 23.4178 8.28218 21.3459
endloop
endfacet

facet normal 0.887968 0.115619 0.445135
outer loop
vertex 25.329 -4.27642 -47.791
vertex 24.2469 -1.42692 -46.3724
vertex 24.8911 -4.96952 -46.7374
endloop
endfacet

facet normal -0.332858 0.882782 0.331512
outer loop
vertex 31.3985 1.76238 -15.4379
vertex 31.3577 2.14478 -16.4971
vertex 30.1073 1.49778 -16.0298
endloop
endfacet

facet normal 0.0153228 -0.995269 -0.0959425
outer loop
vertex -1.84459 -21.9791 23.2382
vertex -5.31739 -22.0181 23.0884
vertex -5.70839 -21.8809 21.6028
endloop
endfacet

facet normal 0.324522 0.731384 0.599803
outer loop
vertex 12.4943 8.25468 32.1449
vertex 9.86481 10.6939 30.5933
vertex 9.48081 9.69468 32.0195
endloop
endfacet

facet normal -0.922036 0.111956 -0.370561
outer loop
vertex 34.8317 -5.35512 -3.88486
vertex 36.3896 -5.24032 -7.72656
vertex 36.4949 -6.51162 -8.37266
endloop
endfacet

facet normal -0.767002 0.300281 -0.567044
outer loop
vertex 1.94191 3.16678 -31.4581
vertex 6.77821 8.57758 -35.1344
vertex 4.61221 2.32318 -35.5167
endloop
endfacet

facet normal 0.101397 -0.852667 -0.512521
outer loop
vertex -20.1147 -9.07782 -35.8784
vertex -21.4672 -8.83422 -36.5513
vertex -18.8888 -8.06172 -37.3263
endloop
endfacet

facet normal 0.680648 -0.731772 -0.0350509
outer loop
vertex 18.7207 4.13618 31.8705
vertex 19.0208 4.49378 30.2326
vertex 19.5125 4.86338 32.0639
endloop
endfacet

facet normal 0.514635 -0.73502 -0.441472
outer loop
vertex -18.8888 -8.06172 -37.3263
vertex -11.1433 -3.64302 -35.654
vertex -15.6572 -7.80672 -33.9837
endloop
endfacet

facet normal 0.0825169 0.986882 -0.138761
outer loop
vertex -11.2344 23.0903 18.5564
vertex -10.6294 22.9189 17.697
vertex -12.8977 22.9081 16.2712
endloop
endfacet

facet normal 0.883189 0.237692 0.404327
outer loop
vertex 9.48671 11.8172 30.7589
vertex 9.48081 9.69468 32.0195
vertex 9.86481 10.6939 30.5933
endloop
endfacet

facet normal 0.624508 0.437457 -0.647009
outer loop
vertex -7.80749 10.1504 -29.7137
vertex -6.47619 7.89538 -29.9535
vertex -8.31249 7.86398 -31.7471
endloop
endfacet

facet normal -0.803273 0.255148 -0.538193
outer loop
vertex 37.7065 2.60538 1.94624
vertex 36.5971 4.57198 4.53434
vertex 38.859 3.03158 0.428235
endloop
endfacet

facet normal -0.943195 0.329112 -0.0454872
outer loop
vertex -30.6472 2.10568 -11.8241
vertex -29.4378 6.05318 -8.33966
vertex -29.8556 4.35098 -11.9922
endloop
endfacet

facet normal -0.99036 -0.0931178 -0.102544
outer loop
vertex 29.6493 -1.33522 -6.87176
vertex 30.2379 -4.82292 -9.38946
vertex 30.0457 -4.57162 -7.76206
endloop
endfacet

facet normal -0.415069 -0.815975 -0.402372
outer loop
vertex 10.7892 -7.40712 24.1756
vertex 11.5191 -6.22592 21.0274
vertex 12.2236 -7.31412 22.5075
endloop
endfacet

facet normal 0.81399 -0.307958 0.492526
outer loop
vertex 36.8468 10.6678 3.82634
vertex 38.7639 12.0377 1.51454
vertex 37.8338 13.0329 3.67404
endloop
endfacet

facet normal -0.62458 -0.780634 -0.0226136
outer loop
vertex -21.4672 -8.83422 -36.5513
vertex -24.4637 -6.46242 -35.6621
vertex -22.4679 -8.02402 -36.8787
endloop
endfacet

facet normal 0.857456 0.486618 -0.167246
outer loop
vertex 22.4586 12.0064 -8.25336
vertex 20.5336 16.6799 -4.52506
vertex 24.363 8.62468 -8.32916
endloop
endfacet

facet normal -0.610945 -0.726827 0.313796
outer loop
vertex 7.44311 -3.56582 -41.4271
vertex 14.6637 -8.10622 -37.8856
vertex 9.53521 -3.92432 -38.1843
endloop
endfacet

facet normal -0.887193 -0.131031 -0.442402
outer loop
vertex -45.8898 1.07248 -3.25506
vertex -45.7112 -4.83012 -1.86506
vertex -46.3895 6.61718 -3.89526
endloop
endfacet

facet normal 0.106491 0.0226061 -0.994057
outer loop
vertex 10.0294 7.27338 -46.5013
vertex 11.7525 1.70958 -46.4432
vertex 9.12481 1.45248 -46.7305
endloop
endfacet

facet normal 0.0943796 -0.652809 -0.75162
outer loop
vertex -10.0793 -20.6694 23.555
vertex -9.51239 -20.0924 23.1251
vertex -9.40859 -20.3022 23.3203
endloop
endfacet

facet normal -0.332429 -0.352625 0.874726
outer loop
vertex 11.8964 -2.28662 34.9456
vertex 13.3862 -3.00132 35.2237
vertex 13.3631 -1.32292 35.8916
endloop
endfacet

facet normal 0.206098 -0.809004 0.550487
outer loop
vertex -14.0176 -22.023 2.30434
vertex -13.4363 -21.9276 2.22674
vertex -13.7108 -21.1603 3.45724
endloop
endfacet

facet normal -0.640404 -0.430602 0.635975
outer loop
vertex -17.1924 -3.60192 32.9177
vertex -17.6964 -1.87832 33.5772
vertex -20.5263 -2.66552 30.1946
endloop
endfacet

facet normal 0.769869 0.176468 0.613319
outer loop
vertex 34.2536 4.98358 4.24994
vertex 35.2744 2.11168 3.79484
vertex 35.1314 5.05348 3.12794
endloop
endfacet

facet normal -0.349429 0.428874 -0.833046
outer loop
vertex 37.0082 1.14208 1.67654
vertex 36.6197 -0.172819 1.16254
vertex 36.3286 0.898281 1.83604
endloop
endfacet

facet normal -0.676791 0.432755 -0.595548
outer loop
vertex 37.0082 1.14208 1.67654
vertex 37.7065 2.60538 1.94624
vertex 36.6197 -0.172819 1.16254
endloop
endfacet

facet normal 0.825172 -0.328305 -0.459681
outer loop
vertex 5.79251 -16.3776 25.7974
vertex 5.68421 -15.1163 24.7022
vertex 6.43181 -15.4021 26.2483
endloop
endfacet

facet normal -0.572276 0.679484 0.459131
outer loop
vertex -16.3979 21.4906 13.6014
vertex -15.2946 20.1438 16.9696
vertex -14.6545 20.9804 16.5295
endloop
endfacet

facet normal -0.324047 0.159552 -0.93249
outer loop
vertex 29.2714 2.09608 -6.86516
vertex 30.8306 7.56988 -6.47036
vertex 30.1052 3.15698 -6.97336
endloop
endfacet

facet normal -0.0845173 0.962214 0.258847
outer loop
vertex -1.86389 25.5196 0.116335
vertex -0.425593 23.1064 9.55634
vertex 4.44941 25.6223 1.79584
endloop
endfacet

facet normal -0.927176 0.105111 0.359577
outer loop
vertex -18.5002 17.7615 21.8732
vertex -19.4262 18.3472 19.3142
vertex -18.9435 16.277 21.1641
endloop
endfacet

facet normal -0.97738 0.0341301 -0.208718
outer loop
vertex -10.2839 -17.1458 26.5384
vertex -10.3415 -15.306 27.1089
vertex -10.0814 -16.3824 25.7151
endloop
endfacet

facet normal -0.030055 0.0734961 0.996843
outer loop
vertex 8.92231 17.491 25.595
vertex 6.35071 17.6991 25.5021
vertex 9.03841 16.5864 25.6651
endloop
endfacet

facet normal -0.534404 -0.281724 0.796896
outer loop
vertex -6.75139 -13.7246 34.7417
vertex -6.58249 -14.7925 34.4774
vertex -5.95859 -14.807 34.8906
endloop
endfacet

facet normal -0.558224 0.450735 -0.69658
outer loop
vertex 29.7361 5.96498 -5.79366
vertex 25.6612 7.19138 -1.73446
vertex 30.6945 7.86998 -5.32906
endloop
endfacet

facet normal -0.599892 -0.400841 -0.692427
outer loop
vertex -18.0894 -21.1015 -17.0839
vertex -20.0027 -17.0555 -17.7685
vertex -15.411 -20.3599 -19.8337
endloop
endfacet

facet normal -0.788578 -0.173519 -0.589946
outer loop
vertex 1.94331 15.1651 27.9312
vertex 1.66251 14.4878 28.5058
vertex 2.59581 17.5104 26.3692
endloop
endfacet

facet normal 0.25439 -0.857562 0.447072
outer loop
vertex 26.7784 -4.80862 5.85714
vertex 29.5718 -4.09682 5.63304
vertex 29.7124 -2.97262 7.70954
endloop
endfacet

facet normal -0.146401 0.979336 0.13953
outer loop
vertex 5.92101 22.0124 11.4393
vertex 1.97521 20.3949 18.6519
vertex 8.42871 21.9229 14.6984
endloop
endfacet

facet normal 0.139756 -0.206182 -0.968482
outer loop
vertex 10.4141 -3.07752 -46.0836
vertex 12.5116 -0.931119 -46.2379
vertex 12.8284 -4.76362 -45.3763
endloop
endfacet

facet normal -0.740539 -0.541477 -0.398002
outer loop
vertex -10.5487 -14.9564 25.5486
vertex -11.3689 -14.4686 26.4111
vertex -11.7103 -13.495 25.7216
endloop
endfacet

facet normal 0.827054 -0.0552068 -0.559405
outer loop
vertex -37.8141 -5.38782 -0.817865
vertex -37.5163 -4.75562 -0.439865
vertex -35.3914 -6.53662 2.87734
endloop
endfacet

facet normal 0.916153 0.394273 -0.0721998
outer loop
vertex 22.1012 4.17838 -46.2379
vertex 24.323 -1.40032 -48.51
vertex 20.4212 7.80698 -47.7401
endloop
endfacet

facet normal -0.652563 -0.756278 -0.0469514
outer loop
vertex 36.4949 -6.51162 -8.37266
vertex 35.479 -5.92962 -3.62606
vertex 34.8317 -5.35512 -3.88486
endloop
endfacet

facet normal 0.762508 0.548332 0.343384
outer loop
vertex 13.1679 16.7417 20.4952
vertex 13.4383 15.9687 21.1292
vertex 15.5618 16.2253 16.0039
endloop
endfacet

facet normal 0.239136 0.961649 -0.134331
outer loop
vertex 20.6584 13.6297 14.5149
vertex 17.7052 14.4642 15.2312
vertex 17.4318 14.9783 18.4251
endloop
endfacet

facet normal 0.596517 0.790137 -0.140896
outer loop
vertex -30.8208 8.24288 -3.82956
vertex -32.2108 9.54718 -2.40006
vertex -31.0476 8.65288 -2.49076
endloop
endfacet

facet normal 0.601259 0.755676 0.259696
outer loop
vertex -32.2108 9.54718 -2.40006
vertex -31.923 9.07648 -1.69666
vertex -31.0476 8.65288 -2.49076
endloop
endfacet

facet normal -0.845363 0.462893 0.266631
outer loop
vertex 23.7012 -4.77202 8.30004
vertex 24.5626 -5.65882 12.5704
vertex 26.1627 -1.94832 11.202
endloop
endfacet

facet normal 0.184904 0.251699 -0.949978
outer loop
vertex 12.6506 18.9025 -9.06456
vertex 17.8884 17.7902 -8.33976
vertex 13.2202 17.9097 -9.21676
endloop
endfacet

facet normal 0.920299 -0.164401 0.354997
outer loop
vertex 20.2486 8.75148 1.24854
vertex 19.8834 11.5988 3.51394
vertex 19.4043 10.4718 4.23394
endloop
endfacet

facet normal 0.984906 0.0726432 0.157108
outer loop
vertex 16.0448 -5.37742 8.20994
vertex 15.5637 -3.70702 10.453
vertex 15.2819 -5.30002 12.9566
endloop
endfacet

facet normal -0.346915 -0.802506 0.485421
outer loop
vertex -11.8306 -9.03162 26.1738
vertex -8.93769 -7.21982 31.2367
vertex -11.429 -5.64612 32.0579
endloop
endfacet

facet normal -0.85036 0.181891 0.493764
outer loop
vertex -27.4853 9.73168 -5.21726
vertex -28.5883 4.32828 -5.12636
vertex -27.2726 4.97638 -3.09916
endloop
endfacet

facet normal 0.523597 0.743422 -0.416137
outer loop
vertex -22.6401 14.0452 11.5356
vertex -21.8899 12.4981 9.71554
vertex -23.8415 12.0181 6.40244
endloop
endfacet

facet normal -0.502725 0.836783 -0.216937
outer loop
vertex -20.996 15.9974 -19.5327
vertex -14.2828 22.6288 -9.51046
vertex -12.6028 21.7291 -16.8744
endloop
endfacet

facet normal -0.260716 -0.00642154 0.965394
outer loop
vertex 32.8086 -2.17502 -15.3746
vertex 34.7412 -4.69102 -14.8694
vertex 34.0771 -0.895419 -15.0235
endloop
endfacet

facet normal 0.039318 -0.692298 -0.72054
outer loop
vertex -1.59679 -25.38 24.1926
vertex 1.71111 -23.7402 22.7975
vertex 0.597707 -24.4798 23.4474
endloop
endfacet

facet normal -0.576196 -0.800395 0.165426
outer loop
vertex -22.9855 -7.00022 -33.4713
vertex -21.5994 -7.53572 -31.2343
vertex -24.8356 -5.11832 -30.8103
endloop
endfacet

facet normal -0.383195 0.511498 0.769111
outer loop
vertex -6.01509 23.7103 -7.61246
vertex -7.47189 22.7825 -7.72126
vertex -6.33849 22.9 -7.23476
endloop
endfacet

facet normal -0.715814 0.610509 0.338953
outer loop
vertex 9.15291 9.98938 -39.921
vertex 12.6667 12.7126 -37.4053
vertex 12.6157 13.928 -39.702
endloop
endfacet

facet normal 0.81959 -0.351692 0.452311
outer loop
vertex 17.3685 -2.33512 31.3778
vertex 17.369 -3.81952 30.2225
vertex 19.7399 -2.22942 27.1629
endloop
endfacet

facet normal -0.103436 0.129342 -0.98619
outer loop
vertex 7.96921 10.464 -46.3971
vertex 11.5622 13.1693 -46.4191
vertex 11.0049 11.2686 -46.61
endloop
endfacet

facet normal 0.436222 -0.760978 0.480231
outer loop
vertex 4.88041 -21.805 7.30534
vertex 5.38221 -25.8953 0.368035
vertex 10.2001 -19.5939 5.97684
endloop
endfacet

facet normal -0.367222 0.457145 -0.810041
outer loop
vertex 13.8972 -8.84082 30.4964
vertex 13.107 -8.07132 31.2889
vertex 15.0207 -7.38792 30.807
endloop
endfacet

facet normal -0.629566 -0.775936 -0.039619
outer loop
vertex 36.4949 -6.51162 -8.37266
vertex 37.1859 -6.99812 -9.82386
vertex 35.479 -5.92962 -3.62606
endloop
endfacet

facet normal -0.42732 -0.9033 0.0380397
outer loop
vertex 37.9202 -7.32772 -9.40156
vertex 35.479 -5.92962 -3.62606
vertex 37.1859 -6.99812 -9.82386
endloop
endfacet

facet normal 0.806332 -0.522114 0.277894
outer loop
vertex -12.2033 -4.00552 -41.4136
vertex -11.3559 -3.20852 -42.3752
vertex -10.0754 0.727681 -38.6951
endloop
endfacet

facet normal 0.0345249 -0.852816 -0.521069
outer loop
vertex -21.2796 -5.84612 11.8965
vertex -23.6243 -5.61292 11.3594
vertex -23.6207 -4.82742 10.0741
endloop
endfacet

facet normal -0.148151 -0.710881 -0.687532
outer loop
vertex -4.20629 -15.3776 -23.9075
vertex -10.9602 -10.3195 -27.682
vertex -2.91279 -11.9639 -27.7159
endloop
endfacet

facet normal -0.997844 0.0389181 -0.0528484
outer loop
vertex -10.1278 -18.1645 19.8751
vertex -10.2936 -17.7324 23.325
vertex -10.1708 -16.9605 21.5745
endloop
endfacet

facet normal -0.916471 -0.169792 -0.362287
outer loop
vertex -43.4726 -1.57792 10.9781
vertex -42.3222 -3.47572 8.95764
vertex -43.2216 -3.89932 11.4312
endloop
endfacet

facet normal -0.608614 -0.763334 0.216587
outer loop
vertex -9.99039 -17.0821 27.5875
vertex -10.2839 -17.1458 26.5384
vertex -9.25209 -17.8188 27.066
endloop
endfacet

facet normal -0.119664 0.94707 0.297892
outer loop
vertex -9.18209 23.7125 -8.48766
vertex -4.03839 23.9988 -7.33176
vertex -8.61389 24.1979 -9.80266
endloop
endfacet

facet normal 0.327013 -0.337537 0.882684
outer loop
vertex -41.3496 5.51608 -17.8333
vertex -42.3103 3.84678 -18.1157
vertex -40.3043 4.23318 -18.7111
endloop
endfacet

facet normal -0.920787 -0.258485 -0.292124
outer loop
vertex -4.13999 -24.0266 25.8298
vertex -4.32589 -23.1214 25.6148
vertex -3.96089 -24.0416 25.2787
endloop
endfacet

facet normal -0.460819 -0.868552 0.182385
outer loop
vertex -18.2435 -4.69712 30.3527
vertex -21.1748 -3.83462 27.0538
vertex -13.8085 -8.05342 25.5749
endloop
endfacet

facet normal -0.821738 0.569852 0.00402419
outer loop
vertex -24.0178 13.1201 -11.4997
vertex -22.9446 14.7106 -17.5846
vertex -26.2714 9.95898 -24.0658
endloop
endfacet

facet normal 0.310521 -0.918824 0.243596
outer loop
vertex 8.54101 -26.4932 -5.91386
vertex 5.38221 -25.8953 0.368035
vertex 0.608307 -28.6323 -3.87026
endloop
endfacet

facet normal 0.615355 -0.349541 -0.706512
outer loop
vertex -33.7066 -5.06562 3.61704
vertex -35.3914 -6.53662 2.87734
vertex -35.1538 -5.20482 2.42544
endloop
endfacet

facet normal -0.340395 0.347156 0.87385
outer loop
vertex -8.19769 16.3394 26.8725
vertex -9.45979 17.736 25.826
vertex -9.19339 16.7299 26.3295
endloop
endfacet

facet normal 0.558803 -0.437642 -0.704421
outer loop
vertex -26.2187 -1.91222 -0.593565
vertex -28.6951 -0.456819 -3.46226
vertex -26.9873 0.633381 -2.78486
endloop
endfacet

facet normal 0.962048 -0.272292 -0.0178887
outer loop
vertex 37.8109 -4.87732 -13.882
vertex 37.901 -4.36572 -16.822
vertex 38.1904 -3.45112 -15.1793
endloop
endfacet

facet normal 0.472017 -0.869893 0.143126
outer loop
vertex 18.7662 -12.5965 -46.8309
vertex 18.8585 -12.7358 -47.9815
vertex 19.2461 -12.2909 -46.5563
endloop
endfacet

facet normal 0.342226 -0.526279 -0.778403
outer loop
vertex 13.8215 -20.3046 -18.9425
vertex 7.65521 -22.1078 -20.4344
vertex 12.5235 -19.3473 -20.1604
endloop
endfacet

facet normal 0.101832 0.475195 -0.873968
outer loop
vertex 17.8884 17.7902 -8.33976
vertex 16.9094 15.5825 -9.65426
vertex 15.0851 16.0839 -9.59416
endloop
endfacet

facet normal -0.199317 -0.403489 0.893011
outer loop
vertex -22.9943 -10.0835 -45.3781
vertex -20.2081 -13.0765 -46.1086
vertex -21.024 -8.83262 -44.3732
endloop
endfacet

facet normal -0.277067 -0.954024 0.114333
outer loop
vertex -18.557 -8.44472 -31.4463
vertex -21.5994 -7.53572 -31.2343
vertex -20.1945 -8.19872 -33.3622
endloop
endfacet

facet normal 0.296796 0.459032 -0.837378
outer loop
vertex -8.15659 24.3349 -7.13156
vertex -2.42239 24.1573 -5.19646
vertex -4.78779 22.7273 -6.81876
endloop
endfacet

facet normal -0.461202 0.135312 0.876917
outer loop
vertex -28.3127 -6.30692 -46.7877
vertex -29.5265 -7.12462 -47.2999
vertex -29.3506 -8.21872 -47.0386
endloop
endfacet

facet normal 0.199601 0.956722 0.21176
outer loop
vertex 8.98371 21.3846 16.6073
vertex 12.2564 21.4473 13.2393
vertex 8.42871 21.9229 14.6984
endloop
endfacet

facet normal 0.951035 -0.0573116 0.303722
outer loop
vertex 15.5618 16.2253 16.0039
vertex 15.5122 13.4955 15.6444
vertex 16.2347 15.1658 13.6971
endloop
endfacet

facet normal 0.0472318 -0.0692142 0.996483
outer loop
vertex -1.70319 -25.3719 22.7229
vertex -2.59579 -25.6368 22.7468
vertex -2.53999 -26.3075 22.6976
endloop
endfacet

facet normal -0.513493 -0.857344 -0.0358596
outer loop
vertex -15.6489 -24.1106 -15.4127
vertex -12.8518 -26.0982 -7.94386
vertex -18.1642 -22.8054 -10.5986
endloop
endfacet

facet normal 0.808615 -0.383765 0.445944
outer loop
vertex 17.0634 -0.476219 35.3375
vertex 17.67 -1.78092 33.1149
vertex 17.8311 -0.728719 33.7282
endloop
endfacet

facet normal 0.646528 0.73285 -0.211971
outer loop
vertex 15.2821 22.889 -4.33976
vertex 18.5657 19.8606 -4.79446
vertex 15.774 21.9605 -6.04966
endloop
endfacet

facet normal 0.550692 -0.564872 -0.614539
outer loop
vertex -39.5624 -5.89952 -10.2852
vertex -40.8889 -5.84082 -11.5278
vertex -39.5156 -4.64372 -11.3975
endloop
endfacet

facet normal -0.968794 0.23649 0.074238
outer loop
vertex -7.46929 15.4911 28.9168
vertex -7.66209 15.0374 27.8462
vertex -7.70309 14.05 30.4557
endloop
endfacet

facet normal -0.583667 -0.721838 0.371862
outer loop
vertex -38.8026 -3.87432 10.8337
vertex -40.258 -3.36342 9.54104
vertex -45.7112 -4.83012 -1.86506
endloop
endfacet

facet normal -0.901161 -0.147645 0.407565
outer loop
vertex -47.5529 -0.460119 -9.84956
vertex -44.9874 0.755081 -3.73676
vertex -47.439 0.755581 -9.15736
endloop
endfacet

facet normal -0.427885 0.884591 -0.185507
outer loop
vertex 33.7263 2.55788 -16.9246
vertex 34.8123 2.66558 -18.9159
vertex 32.6111 2.10188 -16.5268
endloop
endfacet

facet normal 0.965039 0.090573 0.245959
outer loop
vertex 38.7779 1.75668 -0.216365
vertex 39.9364 0.779581 -4.40206
vertex 39.7567 5.42968 -5.40946
endloop
endfacet

facet normal 0.75838 0.638169 0.132664
outer loop
vertex -42.1665 6.72538 -18.5088
vertex -42.3392 6.52808 -16.5726
vertex -40.4215 4.89978 -19.7025
endloop
endfacet

facet normal -0.992263 0.122898 -0.0176283
outer loop
vertex -45.471 3.25898 -10.3175
vertex -45.1985 5.19938 -12.1313
vertex -45.8704 0.0572806 -10.1596
endloop
endfacet

facet normal -0.95217 -0.161994 -0.259095
outer loop
vertex -45.7807 -2.47632 -10.2882
vertex -43.9171 -4.77712 -15.6984
vertex -45.5484 -4.23972 -10.0391
endloop
endfacet

facet normal 0.928826 -0.282993 -0.239159
outer loop
vertex -15.9394 1.82898 -46.6184
vertex -16.9483 -1.84862 -46.1852
vertex -16.7497 0.0947806 -47.7133
endloop
endfacet

facet normal 0.723697 0.67825 0.127436
outer loop
vertex 3.72711 13.9439 29.5714
vertex 5.12251 12.1295 31.304
vertex 4.88881 12.6778 29.7129
endloop
endfacet

facet normal -0.58719 -0.801694 -0.111781
outer loop
vertex -14.9217 -15.6391 11.1459
vertex -17.1944 -14.0489 11.68
vertex -14.4166 -15.8341 9.89144
endloop
endfacet

facet normal -0.471381 -0.878203 0.080994
outer loop
vertex -16.9602 -6.58352 21.7765
vertex -21.1748 -3.83462 27.0538
vertex -21.0014 -4.48532 21.0083
endloop
endfacet

facet normal 0.326384 -0.485393 0.81109
outer loop
vertex 6.10491 -15.5274 -19.3873
vertex 9.14321 -15.1322 -20.3735
vertex 6.26371 -15.2452 -19.2824
endloop
endfacet

facet normal -0.253435 0.748183 0.613182
outer loop
vertex 28.2452 15.4177 12.2918
vertex 30.3838 14.0367 14.8608
vertex 30.541 14.4629 14.4058
endloop
endfacet

facet normal -0.972745 0.126456 0.194361
outer loop
vertex -30.5316 -0.130319 -9.79096
vertex -29.4378 6.05318 -8.33966
vertex -30.6472 2.10568 -11.8241
endloop
endfacet

facet normal 0.961285 -0.241813 0.132125
outer loop
vertex 10.7892 -7.40712 24.1756
vertex 10.81 -8.56782 21.9004
vertex 11.5191 -6.22592 21.0274
endloop
endfacet

facet normal 0.862013 0.161933 0.480324
outer loop
vertex 37.7137 1.72348 -0.313865
vertex 37.1204 7.25748 -1.11476
vertex 36.8885 4.71278 0.159335
endloop
endfacet

facet normal 0.802238 0.587266 -0.107396
outer loop
vertex 17.3055 16.43 4.61074
vertex 18.5325 14.4654 3.03404
vertex 14.2213 20.7189 5.02504
endloop
endfacet

facet normal 0.527655 0.726895 0.43955
outer loop
vertex 1.73241 14.8716 27.8152
vertex 0.819307 16.7041 25.8809
vertex -1.17229 15.8699 29.6512
endloop
endfacet

facet normal 0.0270552 -0.695955 0.717576
outer loop
vertex 18.0332 6.44088 35.0985
vertex 16.6201 7.09958 35.7906
vertex 14.5823 6.28318 35.0756
endloop
endfacet

facet normal 0.897125 0.398045 -0.19164
outer loop
vertex 26.1454 3.03008 -11.6058
vertex 24.8376 5.78828 -11.9987
vertex 24.363 8.62468 -8.32916
endloop
endfacet

facet normal 0.645405 -0.47291 0.599841
outer loop
vertex -42.3103 3.84678 -18.1157
vertex -41.3496 5.51608 -17.8333
vertex -42.1261 5.89058 -16.7025
endloop
endfacet

facet normal 0.338139 0.736885 0.585375
outer loop
vertex 12.4943 8.25468 32.1449
vertex 11.4877 11.2164 28.9981
vertex 9.86481 10.6939 30.5933
endloop
endfacet

facet normal 0.21455 0.217865 -0.952105
outer loop
vertex -37.6448 -3.40702 -14.2072
vertex -35.8147 -3.69562 -13.8609
vertex -37.6041 -4.49322 -14.4466
endloop
endfacet

facet normal -0.3024 -0.889015 0.343812
outer loop
vertex -18.2435 -4.69712 30.3527
vertex -13.8085 -8.05342 25.5749
vertex -15.1395 -4.90782 32.538
endloop
endfacet

facet normal -0.75384 -0.211386 -0.622127
outer loop
vertex -30.4879 -1.89022 -13.1427
vertex -30.0468 -0.254619 -14.2328
vertex -28.7749 -1.17612 -15.4609
endloop
endfacet

facet normal -0.150621 0.942051 -0.299755
outer loop
vertex 5.65781 -17.5244 -20.0158
vertex -2.73189 -18.952 -20.2868
vertex -2.04929 -18.7166 -19.8899
endloop
endfacet

facet normal -0.924251 -0.0472288 0.378854
outer loop
vertex -8.60509 -17.8995 28.9968
vertex -7.90649 -16.337 30.8958
vertex -8.56529 -16.6384 29.2511
endloop
endfacet

facet normal 0.765416 -0.421708 -0.486107
outer loop
vertex 19.081 -7.15402 -36.6364
vertex 22.3605 -3.47302 -34.6659
vertex 21.3122 -5.35592 -34.683
endloop
endfacet

facet normal -0.72284 0.553575 -0.41359
outer loop
vertex 2.59581 17.5104 26.3692
vertex 2.29851 17.6584 27.0869
vertex 4.48751 19.3791 25.5642
endloop
endfacet

facet normal 0.842101 0.156066 0.516245
outer loop
vertex -4.73389 -25.2727 22.2353
vertex -5.89809 -24.9191 24.0275
vertex -5.50479 -25.5995 23.5917
endloop
endfacet

facet normal 0.733458 -0.554924 0.392555
outer loop
vertex 33.7389 -5.22082 3.76444
vertex 35.5436 -1.55652 5.57254
vertex 32.2236 -2.23052 10.8227
endloop
endfacet

facet normal -0.885435 -0.399217 0.237971
outer loop
vertex -20.4028 -4.89472 7.66944
vertex -22.9622 -0.252919 5.93324
vertex -17.6899 -11.2733 7.06264
endloop
endfacet

facet normal 0.882928 0.355598 -0.306575
outer loop
vertex 20.6288 10.9331 -34.3206
vertex 23.4387 6.21858 -31.6965
vertex 23.0152 3.73098 -35.8016
endloop
endfacet

facet normal -0.381009 -0.89853 0.217889
outer loop
vertex -17.1639 -6.98742 19.7988
vertex -24.5369 -4.73502 16.1945
vertex -24.733 -5.43772 12.9541
endloop
endfacet

facet normal 0.887768 0.454005 0.0758144
outer loop
vertex 17.67 -1.78092 33.1149
vertex 18.1967 -2.95782 33.9957
vertex 18.3212 -3.03072 32.973
endloop
endfacet

facet normal 0.539716 -0.39929 0.74113
outer loop
vertex 1.74221 -8.87332 32.5445
vertex 3.24231 -9.18522 31.284
vertex 1.25901 -4.08752 35.4748
endloop
endfacet

facet normal 0.381373 -0.125364 0.915881
outer loop
vertex 1.49821 -14.6552 35.3574
vertex 1.57721 -13.9017 35.4277
vertex 0.121807 -15.8094 35.7726
endloop
endfacet

facet normal -0.655182 0.607514 0.44907
outer loop
vertex -22.3158 19.8319 0.119135
vertex -21.9023 17.5677 3.78544
vertex -19.1951 22.4313 1.15564
endloop
endfacet

facet normal 0.994692 0.102548 0.00850652
outer loop
vertex 30.6608 10.2043 13.2571
vertex 31.1333 5.61578 13.3279
vertex 31.5255 2.08808 9.98734
endloop
endfacet

facet normal 0.648378 -0.761312 0.00317149
outer loop
vertex 14.5757 -11.9584 -17.5484
vertex 15.0668 -11.5524 -20.4997
vertex 16.921 -9.95952 -17.1969
endloop
endfacet

facet normal 0.145998 -0.910765 0.386254
outer loop
vertex -1.38899 -25.9253 23.8476
vertex -0.462993 -26.3337 22.5344
vertex -0.368693 -25.8169 23.7175
endloop
endfacet

facet normal 0.124144 0.989907 -0.0683506
outer loop
vertex 5.92101 22.0124 11.4393
vertex 8.42871 21.9229 14.6984
vertex 11.8774 21.0649 8.53514
endloop
endfacet

facet normal 0.936508 -0.018781 0.350144
outer loop
vertex 15.18 13.784 18.6813
vertex 12.8492 13.9432 24.9238
vertex 14.1662 13.6072 21.3832
endloop
endfacet

facet normal -0.952693 0.120558 -0.279002
outer loop
vertex -28.0457 5.41538 -31.9359
vertex -27.1008 3.48288 -35.9975
vertex -28.3773 1.32478 -32.5714
endloop
endfacet

facet normal 0.329838 0.290395 0.898264
outer loop
vertex -15.8155 15.162 27.3859
vertex -15.3077 17.0744 26.5812
vertex -15.9708 17.467 26.6978
endloop
endfacet

facet normal 0.942254 0.274141 -0.192363
outer loop
vertex -10.4791 3.24078 -38.6914
vertex -10.0429 0.913781 -39.8714
vertex -12.3854 8.74788 -40.1809
endloop
endfacet

facet normal -0.541563 -0.205933 -0.815047
outer loop
vertex 29.6789 -4.03122 -6.21026
vertex 29.1306 -2.94712 -6.11986
vertex 29.6493 -1.33522 -6.87176
endloop
endfacet

facet normal 0.306432 0.4486 -0.839558
outer loop
vertex -32.0524 8.69168 -4.03936
vertex -30.8208 8.24288 -3.82956
vertex -32.0476 6.37758 -5.27406
endloop
endfacet

facet normal -0.737508 -0.0582011 0.672826
outer loop
vertex -7.92349 -9.63112 31.9322
vertex -9.87799 -11.593 29.6201
vertex -6.08579 -10.3809 33.8817
endloop
endfacet

facet normal 0.252097 -0.617161 0.745359
outer loop
vertex -1.70869 -23.3067 30.2645
vertex 0.901407 -22.3508 30.1732
vertex 0.139007 -19.826 32.5216
endloop
endfacet

facet normal -0.399949 -0.772245 0.493637
outer loop
vertex -18.2435 -4.69712 30.3527
vertex -15.1395 -4.90782 32.538
vertex -17.1924 -3.60192 32.9177
endloop
endfacet

facet normal 0.0259049 0.74929 0.661735
outer loop
vertex -5.94879 15.8626 26.6116
vertex -6.77399 14.6307 28.0387
vertex -6.27109 14.1475 28.5662
endloop
endfacet

facet normal 0.210037 -0.335189 0.91844
outer loop
vertex -21.024 -8.83262 -44.3732
vertex -20.2081 -13.0765 -46.1086
vertex -19.1023 -10.647 -45.4749
endloop
endfacet

facet normal 0.862109 -0.373498 0.342444
outer loop
vertex 23.3407 -7.66692 -7.81476
vertex 25.8968 -3.67622 -9.89716
vertex 24.4523 -4.17602 -6.80576
endloop
endfacet

facet normal -0.0279206 0.773289 0.633438
outer loop
vertex -8.22829 13.4591 28.785
vertex -10.1111 13.4275 28.7406
vertex -9.19519 12.5955 29.7966
endloop
endfacet

facet normal -0.470258 -0.814046 0.340862
outer loop
vertex -20.7486 -10.3378 -16.1067
vertex -20.5301 -10.8572 -17.0457
vertex -18.984 -11.5744 -16.6255
endloop
endfacet

facet normal -0.753918 -0.038959 0.655812
outer loop
vertex -9.99039 -17.0821 27.5875
vertex -9.25759 -17.996 28.3757
vertex -9.13639 -16.8697 28.5819
endloop
endfacet

facet normal -0.00204926 -0.985019 -0.172434
outer loop
vertex 15.3067 -8.23232 -32.7052
vertex 15.1742 -8.76892 -29.6383
vertex 12.3265 -8.09032 -33.4808
endloop
endfacet

facet normal 0.978595 0.15348 0.137096
outer loop
vertex 5.73461 21.7133 20.6381
vertex 6.00091 19.1469 21.6107
vertex 6.09811 20.1377 19.8073
endloop
endfacet

facet normal 0.367802 -0.170884 -0.914068
outer loop
vertex 0.199807 -5.89712 -30.0944
vertex 1.73491 -3.44392 -29.9353
vertex 3.56811 -6.01582 -28.7168
endloop
endfacet

facet normal 0.282792 -0.948569 0.142288
outer loop
vertex -31.2515 -3.42122 5.92204
vertex -32.1501 -3.86802 4.72924
vertex -31.2591 -4.02502 1.91154
endloop
endfacet

facet normal 0.921261 0.0576052 0.384655
outer loop
vertex 21.6212 9.39738 -13.6166
vertex 22.8966 3.56998 -15.7987
vertex 23.0121 6.13798 -16.4598
endloop
endfacet

facet normal -0.504907 0.717669 -0.479604
outer loop
vertex -31.3556 11.3738 6.36394
vertex -30.0181 13.244 7.75434
vertex -28.9993 10.759 2.96334
endloop
endfacet

facet normal 0.861049 -0.156899 0.483713
outer loop
vertex 37.091 -1.74872 -0.379665
vertex 37.2393 1.71978 0.481435
vertex 36.3286 0.898281 1.83604
endloop
endfacet

facet normal 0.710518 0.53373 -0.458581
outer loop
vertex -13.0895 10.6999 -36.1328
vertex -10.0934 11.017 -31.1217
vertex -12.6581 8.09928 -38.4913
endloop
endfacet

facet normal 0.681818 -0.236964 -0.692078
outer loop
vertex 20.886 -2.30512 -36.5184
vertex 22.3605 -3.47302 -34.6659
vertex 19.081 -7.15402 -36.6364
endloop
endfacet

facet normal 0.897742 -0.125949 -0.422133
outer loop
vertex -12.1275 5.92678 -45.953
vertex -13.1671 1.09038 -46.7209
vertex -12.6213 4.82928 -46.6757
endloop
endfacet

facet normal 0.721182 -0.651885 0.234399
outer loop
vertex 17.364 14.9644 9.66224
vertex 16.2347 15.1658 13.6971
vertex 15.8954 13.7382 10.7707
endloop
endfacet

facet normal -0.655991 0.737236 0.161738
outer loop
vertex -46.0733 7.57578 -3.64786
vertex -39.6846 10.5396 8.75454
vertex -38.6773 11.4335 8.76494
endloop
endfacet

facet normal -0.69967 -0.512471 -0.49783
outer loop
vertex -23.3501 -12.2339 -12.2926
vertex -21.7218 -11.6466 -15.1857
vertex -21.6659 -12.2355 -14.6579
endloop
endfacet

facet normal 0.0738441 0.618475 0.782327
outer loop
vertex 17.2165 -2.67712 33.8663
vertex 18.1967 -2.95782 33.9957
vertex 17.67 -1.78092 33.1149
endloop
endfacet

facet normal -0.566206 -0.791947 0.228539
outer loop
vertex -27.9958 -2.81292 12.3255
vertex -31.8459 0.354481 13.7628
vertex -29.2906 -2.48962 10.2381
endloop
endfacet

facet normal -0.312299 0.0228657 0.949709
outer loop
vertex -39.7872 -3.47852 -15.0313
vertex -40.1467 -5.56602 -15.0993
vertex -38.3777 -5.15162 -14.5276
endloop
endfacet

facet normal 0.0814466 -0.552704 0.829388
outer loop
vertex 1.64081 -22.5045 21.2734
vertex -2.15969 -22.1139 21.9068
vertex -2.41629 -23.0289 21.3223
endloop
endfacet

facet normal -0.765871 -0.585448 -0.265882
outer loop
vertex -17.6899 -11.2733 7.06264
vertex -16.8714 -12.8806 8.24414
vertex -19.6738 -10.3969 10.8474
endloop
endfacet

facet normal 0.965083 0.251129 -0.074491
outer loop
vertex 3.50031 14.3894 28.1346
vertex 3.26801 15.5015 28.875
vertex 3.72711 13.9439 29.5714
endloop
endfacet

facet normal 0.902609 0.352141 -0.247574
outer loop
vertex -42.3392 6.52808 -16.5726
vertex -40.9107 4.45958 -14.3069
vertex -42.1261 5.89058 -16.7025
endloop
endfacet

facet normal 0.628005 -0.706679 0.325907
outer loop
vertex -18.8888 -8.06172 -37.3263
vertex -12.2033 -4.00552 -41.4136
vertex -13.3228 -3.53112 -38.2277
endloop
endfacet

facet normal -0.512825 0.7075 0.486266
outer loop
vertex -16.3856 18.9586 18.3504
vertex -17.0407 16.8251 20.7637
vertex -15.5283 20.3586 17.2175
endloop
endfacet

facet normal -0.779778 -0.348001 0.520424
outer loop
vertex -28.8041 -0.265419 16.4729
vertex -25.5136 0.401281 21.849
vertex -25.7637 2.58138 22.9321
endloop
endfacet

facet normal 0.419317 0.828596 -0.370947
outer loop
vertex 29.3754 -5.84492 -10.0471
vertex 30.5174 -5.83632 -8.73696
vertex 30.2946 -6.19802 -9.79686
endloop
endfacet

facet normal -0.854913 -0.13488 -0.50093
outer loop
vertex -46.3895 6.61718 -3.89526
vertex -46.1577 6.74738 -4.32606
vertex -45.8898 1.07248 -3.25506
endloop
endfacet

facet normal -0.964584 0.235526 -0.118763
outer loop
vertex -28.7805 1.09168 -42.337
vertex -27.3171 5.32208 -45.8324
vertex -27.7358 3.50708 -46.0312
endloop
endfacet

facet normal 0.000471851 -0.997582 0.0695012
outer loop
vertex -41.5374 -5.46872 -14.8389
vertex -41.6628 -5.32242 -12.7369
vertex -43.3791 -5.35012 -13.1229
endloop
endfacet

facet normal -0.380681 -0.537498 -0.752448
outer loop
vertex 8.56281 21.1844 17.1824
vertex 6.46981 20.7838 18.5274
vertex 5.48641 21.8594 18.2566
endloop
endfacet

facet normal -0.106348 -0.076841 0.991355
outer loop
vertex -2.97059 -14.8241 38.4953
vertex -3.47599 -15.8902 38.3584
vertex -2.54529 -16.7299 38.3932
endloop
endfacet

facet normal -0.561506 -0.807508 0.18067
outer loop
vertex -22.9855 -7.00022 -33.4713
vertex -24.8356 -5.11832 -30.8103
vertex -24.4637 -6.46242 -35.6621
endloop
endfacet

facet normal 0.566109 0.706161 0.425274
outer loop
vertex -9.71639 22.3231 20.2393
vertex -9.25799 20.486 22.6796
vertex -8.73439 21.6638 20.0269
endloop
endfacet

facet normal 0.651873 0.636979 0.411484
outer loop
vertex -8.73439 21.6638 20.0269
vertex -9.25799 20.486 22.6796
vertex -8.24799 19.8354 22.0867
endloop
endfacet

facet normal 0.582418 -0.396523 -0.709619
outer loop
vertex -38.8467 -5.50372 -16.532
vertex -39.3495 -4.74852 -17.3667
vertex -37.4253 -5.18412 -15.5439
endloop
endfacet

facet normal 0.13311 -0.0553357 -0.989555
outer loop
vertex 21.8064 -11.788 -48.5904
vertex 19.2822 -7.80422 -49.1527
vertex 24.974 -6.04832 -48.4853
endloop
endfacet

facet normal 0.125909 -0.762812 0.634243
outer loop
vertex -33.1974 -5.40522 7.87984
vertex -38.8026 -3.87432 10.8337
vertex -33.5054 -6.13202 7.06684
endloop
endfacet

facet normal 0.478935 -0.0341351 0.877186
outer loop
vertex 20.5002 -10.8987 -46.3367
vertex 21.9413 -11.7032 -47.1548
vertex 21.112 -10.2972 -46.6473
endloop
endfacet

facet normal -0.0701214 0.983301 -0.167932
outer loop
vertex -2.47659 23.868 -7.50306
vertex 4.78171 24.1063 -9.13826
vertex -0.960293 23.6335 -9.50896
endloop
endfacet

facet normal 0.25751 0.329065 0.908518
outer loop
vertex 0.129407 -10.4223 34.689
vertex -0.605893 -8.62962 34.2481
vertex -2.25669 -8.92212 34.822
endloop
endfacet

facet normal -0.584627 -0.456354 0.670785
outer loop
vertex -24.9817 -13.3634 -47.4024
vertex -26.2199 -12.014 -47.5635
vertex -27.5397 -11.2298 -48.1802
endloop
endfacet

facet normal -0.963027 0.115838 0.24323
outer loop
vertex 26.2979 11.2934 8.58444
vertex 27.39 14.5213 11.3712
vertex 26.7421 14.083 9.01494
endloop
endfacet

facet normal 0.0425928 0.717603 0.695149
outer loop
vertex 2.50061 12.3603 30.1615
vertex 5.28161 10.5312 31.8793
vertex 4.53641 11.3287 31.1017
endloop
endfacet

facet normal -0.00296279 -0.240797 0.970571
outer loop
vertex 13.2202 17.9097 -9.21676
vertex 13.3445 17.2423 -9.38196
vertex 14.2527 16.959 -9.44946
endloop
endfacet

facet normal 0.979977 -0.150897 -0.129902
outer loop
vertex -6.27109 14.1475 28.5662
vertex -6.11319 15.8711 27.7548
vertex -6.03369 15.5585 28.718
endloop
endfacet

facet normal -0.316382 -0.939438 0.131755
outer loop
vertex -38.261 -6.75172 -7.94906
vertex -39.2626 -6.43362 -8.08586
vertex -38.4372 -7.19232 -11.514
endloop
endfacet

facet normal -0.725458 -0.402257 0.55848
outer loop
vertex -8.99179 -9.67942 29.3948
vertex -8.93769 -7.21982 31.2367
vertex -11.8306 -9.03162 26.1738
endloop
endfacet

facet normal -0.301806 0.204135 0.931258
outer loop
vertex 32.8685 -5.61362 -3.09486
vertex 30.8088 -6.03622 -3.66976
vertex 32.6838 -6.75712 -2.90406
endloop
endfacet

facet normal 0.337912 0.231014 0.912386
outer loop
vertex 28.6231 -3.27732 15.7636
vertex 30.0506 -0.300219 14.4811
vertex 29.6425 0.0451806 14.5448
endloop
endfacet

facet normal -0.950283 -0.310223 -0.0269124
outer loop
vertex -29.9389 -3.84052 -10.0442
vertex -30.4879 -1.89022 -13.1427
vertex -29.0312 -6.57922 -10.5284
endloop
endfacet

facet normal 0.540341 -0.790568 0.288156
outer loop
vertex 16.413 -4.70662 29.5815
vertex 16.1225 -5.35872 28.3372
vertex 17.369 -3.81952 30.2225
endloop
endfacet

facet normal -0.723209 -0.403483 -0.560509
outer loop
vertex 2.01661 -23.8512 22.5892
vertex 1.25161 -22.2136 22.3974
vertex 2.49891 -23.356 21.6104
endloop
endfacet

facet normal 0.96827 -0.0836773 0.235482
outer loop
vertex 26.3134 0.726781 -10.0455
vertex 25.6398 -1.91612 -8.21496
vertex 25.8968 -3.67622 -9.89716
endloop
endfacet

facet normal -0.659384 -0.640467 0.39372
outer loop
vertex -46.1441 -4.66512 -9.33446
vertex -43.3516 -7.71452 -9.61816
vertex -43.4525 -3.66632 -3.20186
endloop
endfacet

facet normal 0.575121 -0.807505 -0.131038
outer loop
vertex -0.683393 -17.602 35.9308
vertex -2.03569 -18.4458 35.1952
vertex 0.345007 -16.494 33.6167
endloop
endfacet

facet normal -0.296136 0.950142 -0.0976433
outer loop
vertex -14.2828 22.6288 -9.51046
vertex -10.7822 23.7897 -8.83086
vertex -12.1667 23.0564 -11.7679
endloop
endfacet

facet normal 0.811388 0.148806 0.565249
outer loop
vertex 12.8841 14.849 27.2039
vertex 12.1184 14.4246 28.4147
vertex 12.1965 12.4931 28.8111
endloop
endfacet

facet normal 0.912241 0.291344 0.287985
outer loop
vertex 17.5929 17.8164 8.39464
vertex 16.2372 18.418 12.0805
vertex 18.3275 16.2556 7.64644
endloop
endfacet

facet normal 0.831358 -0.0274241 -0.555059
outer loop
vertex -38.5066 -0.870419 11.0306
vertex -38.9837 3.86818 10.0819
vertex -37.1659 -2.63812 13.126
endloop
endfacet

facet normal 0.521369 0.616952 -0.589529
outer loop
vertex 19.7892 12.9932 -9.58146
vertex 22.4586 12.0064 -8.25336
vertex 22.564 8.02288 -12.329
endloop
endfacet

facet normal -0.737917 -0.34262 0.581455
outer loop
vertex -11.149 -11.1317 25.8014
vertex -8.99179 -9.67942 29.3948
vertex -11.8306 -9.03162 26.1738
endloop
endfacet

facet normal -0.779259 0.624833 -0.0483638
outer loop
vertex -26.2714 9.95898 -24.0658
vertex -25.1558 10.9847 -28.79
vertex -25.9086 9.90188 -30.6494
endloop
endfacet

facet normal 0.81878 -0.295104 0.492456
outer loop
vertex 22.6296 0.466981 21.6213
vertex 28.4154 2.55528 13.253
vertex 25.9288 3.81058 18.1395
endloop
endfacet

facet normal -0.47694 -0.419076 -0.772596
outer loop
vertex 18.1138 5.72938 34.0083
vertex 16.2923 6.44178 34.7463
vertex 17.7108 7.03498 33.5489
endloop
endfacet

facet normal 0.0318443 -0.95603 0.291536
outer loop
vertex -37.5062 -5.31582 -4.61206
vertex -40.4557 -5.92732 -6.29536
vertex -39.2626 -6.43362 -8.08586
endloop
endfacet

facet normal -0.514643 0.805543 -0.29367
outer loop
vertex -20.0837 18.7175 -10.0735
vertex -14.2828 22.6288 -9.51046
vertex -21.1548 16.8598 -13.2921
endloop
endfacet

facet normal -0.854743 -0.516418 -0.052211
outer loop
vertex -7.92729 -22.3649 23.1335
vertex -8.38869 -21.9737 26.8171
vertex -9.57799 -19.7715 24.5041
endloop
endfacet

facet normal -0.788961 -0.37384 -0.48763
outer loop
vertex 26.4244 -7.87772 6.16464
vertex 26.2423 -7.05602 5.82934
vertex 28.4392 -7.24992 2.42344
endloop
endfacet

facet normal -0.458912 -0.882776 -0.100532
outer loop
vertex -43.3791 -5.35012 -13.1229
vertex -44.9541 -4.87872 -10.0726
vertex -43.9171 -4.77712 -15.6984
endloop
endfacet

facet normal 0.867035 0.253429 0.428981
outer loop
vertex 33.139 4.43478 6.73844
vertex 33.6587 2.46228 6.85334
vertex 35.2744 2.11168 3.79484
endloop
endfacet

facet normal -0.892965 0.314367 0.322158
outer loop
vertex -29.3542 -3.49732 -46.9432
vertex -27.3419 1.34368 -46.0895
vertex -26.6422 3.46068 -46.2158
endloop
endfacet

facet normal -0.851954 -0.351073 0.388487
outer loop
vertex -29.0312 -6.57922 -10.5284
vertex -29.5812 -1.50522 -7.14916
vertex -29.9389 -3.84052 -10.0442
endloop
endfacet

facet normal -0.558184 0.738977 -0.377284
outer loop
vertex 7.52231 11.3234 -32.4521
vertex 9.24811 14.51 -28.7638
vertex 10.7381 10.9602 -37.9212
endloop
endfacet

facet normal -0.857871 0.456708 0.235534
outer loop
vertex -16.3957 17.2422 25.5863
vertex -17.0887 15.2723 26.8819
vertex -15.9708 17.467 26.6978
endloop
endfacet

facet normal 0.899247 0.14505 -0.412693
outer loop
vertex -10.0754 0.727681 -38.6951
vertex -10.4791 3.24078 -38.6914
vertex -9.00789 3.06778 -35.5465
endloop
endfacet

facet normal -0.995165 0.00513835 -0.098078
outer loop
vertex 12.424 -5.43442 -46.6321
vertex 12.5172 -0.138919 -47.3002
vertex 12.5531 -5.99152 -47.9714
endloop
endfacet

facet normal 0.975325 0.00157931 -0.22077
outer loop
vertex -36.521 -3.23502 15.9708
vertex -37.1659 -2.63812 13.126
vertex -36.8633 9.32438 14.5487
endloop
endfacet

facet normal -0.744728 0.0925665 0.660917
outer loop
vertex -17.0903 15.3968 23.8031
vertex -14.9106 14.6621 26.3621
vertex -16.1413 15.5271 24.8542
endloop
endfacet

facet normal 0.298338 0.937232 0.18053
outer loop
vertex 18.0048 5.63628 32.6014
vertex 18.1445 5.57728 32.6766
vertex 19.0143 5.65168 30.8534
endloop
endfacet

facet normal 0.393245 -0.0288778 -0.91898
outer loop
vertex 33.5431 -6.56072 -2.84126
vertex 34.9555 -5.67142 -2.26476
vertex 33.3212 -8.18592 -2.88506
endloop
endfacet

facet normal -0.983885 0.14998 0.0973455
outer loop
vertex -10.0814 -16.3824 25.7151
vertex -10.008 -15.1745 24.5963
vertex -10.4414 -17.3496 23.5668
endloop
endfacet

facet normal -0.835584 0.477222 0.272137
outer loop
vertex 9.11411 9.06528 -38.4196
vertex 9.15291 9.98938 -39.921
vertex 7.94191 8.06038 -40.2565
endloop
endfacet

facet normal -0.120904 0.85819 -0.498891
outer loop
vertex 19.0143 5.65168 30.8534
vertex 17.7108 7.03498 33.5489
vertex 19.466 6.68408 32.52
endloop
endfacet

facet normal -0.298377 0.943016 -0.147283
outer loop
vertex 12.3431 18.3305 18.4852
vertex 12.203 18.4107 19.2821
vertex 12.5824 18.4627 18.8468
endloop
endfacet

facet normal 0.0538308 -0.35794 0.932192
outer loop
vertex 1.15581 -1.07172 36.0938
vertex 3.06001 -3.52322 35.0425
vertex 11.9113 -1.14602 35.4442
endloop
endfacet

facet normal -0.572989 0.723512 -0.384986
outer loop
vertex 6.95621 22.3899 17.0661
vertex 5.48641 21.8594 18.2566
vertex 6.47601 22.8441 18.6344
endloop
endfacet

facet normal -0.464742 -0.79689 0.38598
outer loop
vertex -16.4509 -17.0862 9.18024
vertex -18.0266 -18.168 5.04944
vertex -12.7865 -20.287 6.98394
endloop
endfacet

facet normal -0.901345 -0.340115 0.268139
outer loop
vertex -11.8306 -9.03162 26.1738
vertex -11.7748 -10.0666 25.0488
vertex -11.149 -11.1317 25.8014
endloop
endfacet

facet normal -0.454108 -0.844016 -0.285348
outer loop
vertex -37.4926 -5.52912 -4.00256
vertex -39.1421 -4.82792 -3.45176
vertex -37.5062 -5.31582 -4.61206
endloop
endfacet

facet normal -0.344794 0.93864 0.00849409
outer loop
vertex 12.6227 17.0314 20.7434
vertex 12.0683 16.8001 23.801
vertex 13.5606 17.3599 22.5125
endloop
endfacet

facet normal -0.659643 0.634532 0.402792
outer loop
vertex -19.7928 18.3935 -9.08666
vertex -17.2808 20.8218 -8.79816
vertex -20.0837 18.7175 -10.0735
endloop
endfacet

facet normal -0.984938 -0.0851955 0.15046
outer loop
vertex 30.2946 -6.19802 -9.79686
vertex 30.2379 -4.82292 -9.38946
vertex 29.8596 -6.12612 -12.6038
endloop
endfacet

facet normal 0.302535 -0.247644 0.920405
outer loop
vertex 18.4538 -13.0198 -46.3545
vertex 16.3986 -13.968 -45.9341
vertex 17.5028 -14.7024 -46.4947
endloop
endfacet

facet normal 0.787339 0.48363 0.382361
outer loop
vertex 2.56661 16.1797 29.1332
vertex 3.35701 13.7471 30.5824
vertex 3.72711 13.9439 29.5714
endloop
endfacet

facet normal -0.493341 0.863222 0.107067
outer loop
vertex -19.1951 22.4313 1.15564
vertex -15.3455 24.7494 0.204335
vertex -18.9575 23.2966 -4.72606
endloop
endfacet

facet normal -0.498168 0.555197 0.666022
outer loop
vertex 25.188 11.1949 7.83644
vertex 27.1371 10.5587 9.82464
vertex 26.2979 11.2934 8.58444
endloop
endfacet

facet normal -0.210102 -0.765493 -0.608176
outer loop
vertex 12.0867 19.6513 17.9158
vertex 10.8623 20.3953 17.4024
vertex 12.9904 20.5144 16.5172
endloop
endfacet

facet normal -0.196908 0.881887 -0.428371
outer loop
vertex -2.17249 25.4292 -2.69286
vertex 4.91461 26.1291 -4.50976
vertex -2.42239 24.1573 -5.19646
endloop
endfacet

facet normal -0.512982 -0.815154 -0.269023
outer loop
vertex -18.5939 -10.4065 -25.3619
vertex -15.9726 -13.3597 -21.4119
vertex -21.5988 -9.00572 -23.8765
endloop
endfacet

facet normal -0.375747 0.233746 -0.896759
outer loop
vertex 32.5386 -4.96802 -17.3999
vertex 31.4403 -3.25532 -16.4933
vertex 34.3652 -3.13412 -17.6872
endloop
endfacet

facet normal -0.361351 0.904833 0.225173
outer loop
vertex -21.9146 -18.2842 -6.65116
vertex -20.7064 -18.7976 -2.64936
vertex -20.0846 -17.6431 -6.29086
endloop
endfacet

facet normal 0.674416 0.62311 -0.396103
outer loop
vertex -41.1888 5.67178 -14.2364
vertex -40.5675 6.89418 -11.2556
vertex -38.6034 5.45258 -10.1791
endloop
endfacet

facet normal 0.858805 -0.459522 0.226482
outer loop
vertex 6.84531 -15.2792 24.3799
vertex 7.35321 -15.3557 22.2986
vertex 7.80751 -13.5409 24.2582
endloop
endfacet

facet normal -0.798925 -0.423833 0.426714
outer loop
vertex -11.5307 -13.8625 22.5754
vertex -13.2933 -13.2758 19.8583
vertex -13.8271 -14.1296 18.0107
endloop
endfacet

facet normal 0.514725 -0.662042 -0.544756
outer loop
vertex 0.744207 -22.8375 27.1114
vertex -0.595593 -23.4039 26.5338
vertex 0.379007 -22.5956 26.4724
endloop
endfacet

facet normal 0.723864 0.357802 0.589915
outer loop
vertex 20.2648 -12.8658 -13.0739
vertex 19.0966 -12.3402 -11.9591
vertex 17.2125 -18.496 -5.91346
endloop
endfacet

facet normal 0.871592 -0.427228 0.240423
outer loop
vertex 12.7333 -16.9245 0.903135
vertex 13.2567 -16.696 -0.588565
vertex 18.6223 -5.64682 -0.405665
endloop
endfacet

facet normal 0.262647 -0.864818 0.427909
outer loop
vertex 2.37881 -22.7118 28.0421
vertex 2.45211 -22.296 28.8375
vertex 0.120607 -23.5737 27.6864
endloop
endfacet

facet normal -0.853627 0.498715 0.150346
outer loop
vertex -28.8701 13.4215 13.6832
vertex -30.0181 13.244 7.75434
vertex -31.3556 11.3738 6.36394
endloop
endfacet

facet normal -0.648887 0.702028 -0.293433
outer loop
vertex 24.9099 9.58068 2.98524
vertex 24.9666 10.6866 5.50584
vertex 26.3602 10.7856 2.66084
endloop
endfacet

facet normal -0.788868 0.61419 0.0214111
outer loop
vertex -24.0178 13.1201 -11.4997
vertex -21.1548 16.8598 -13.2921
vertex -22.9446 14.7106 -17.5846
endloop
endfacet

facet normal 0.462341 -0.80026 0.38187
outer loop
vertex 32.8208 -5.72462 -14.7102
vertex 33.8729 -5.48932 -15.4911
vertex 34.7412 -4.69102 -14.8694
endloop
endfacet

facet normal 0.48542 -0.791456 -0.371436
outer loop
vertex -26.5656 -2.76622 6.57954
vertex -22.9622 -0.252919 5.93324
vertex -25.4951 -2.95152 8.37324
endloop
endfacet

facet normal -0.353929 0.263142 0.897491
outer loop
vertex 29.5987 2.54488 13.7946
vertex 28.6314 -0.880919 14.4176
vertex 29.6425 0.0451806 14.5448
endloop
endfacet

facet normal -0.420377 -0.764921 -0.488036
outer loop
vertex -39.7822 -6.88742 -2.53826
vertex -41.4304 -5.62782 -3.09276
vertex -40.2952 -6.19042 -3.18876
endloop
endfacet

facet normal 0.138513 0.462903 0.87552
outer loop
vertex 6.35071 17.6991 25.5021
vertex 5.75041 16.6994 26.1256
vertex 9.03841 16.5864 25.6651
endloop
endfacet

facet normal 0.212824 -0.413785 0.885149
outer loop
vertex 23.4734 -10.5333 -46.9763
vertex 21.7069 -9.99892 -46.3017
vertex 21.9413 -11.7032 -47.1548
endloop
endfacet

facet normal -0.450284 -0.792003 0.41228
outer loop
vertex -12.7368 -19.579 8.44794
vertex -15.1603 -15.6087 13.428
vertex -16.4509 -17.0862 9.18024
endloop
endfacet

facet normal -0.541049 0.670872 -0.507146
outer loop
vertex 25.6612 7.19138 -1.73446
vertex 25.0575 9.00388 1.30714
vertex 27.3646 9.10708 -1.01766
endloop
endfacet

facet normal 0.823323 -0.566718 -0.0311402
outer loop
vertex 28.6231 -3.27732 15.7636
vertex 28.6911 -2.86282 10.0169
vertex 29.6653 -1.52312 11.3944
endloop
endfacet

facet normal -0.323122 0.423088 0.846516
outer loop
vertex 14.5573 6.11038 34.272
vertex 12.8254 3.97698 34.6772
vertex 14.3631 2.18088 36.1618
endloop
endfacet

facet normal -0.950234 0.00472423 -0.311502
outer loop
vertex -45.8704 0.0572806 -10.1596
vertex -45.1985 5.19938 -12.1313
vertex -43.7531 0.695681 -16.6085
endloop
endfacet

facet normal 0.151812 0.869915 0.469256
outer loop
vertex -8.78999 17.8725 23.444
vertex -10.6351 17.4769 24.7743
vertex -9.14079 16.5303 26.0456
endloop
endfacet

facet normal 0.902034 -0.348455 0.254781
outer loop
vertex 23.0152 3.73098 -35.8016
vertex 20.886 -2.30512 -36.5184
vertex 23.2535 3.79388 -36.5592
endloop
endfacet

facet normal 0.0455772 0.614846 0.787329
outer loop
vertex 5.90631 13.506 28.6852
vertex 4.36681 16.16 26.7018
vertex 3.50031 14.3894 28.1346
endloop
endfacet

facet normal 0.781654 0.00091936 -0.623712
outer loop
vertex -40.9107 4.45958 -14.3069
vertex -35.1609 0.357381 -7.10696
vertex -38.4682 0.0624806 -11.2523
endloop
endfacet

facet normal -0.0915233 0.574403 -0.81344
outer loop
vertex 19.4043 10.4718 4.23394
vertex 24.9099 9.58068 2.98524
vertex 24.039 8.27988 2.16474
endloop
endfacet

facet normal -0.240952 -0.968041 -0.0695697
outer loop
vertex -42.0814 -6.19252 -9.18256
vertex -43.003 -5.91092 -9.90976
vertex -40.9639 -6.47372 -9.14076
endloop
endfacet

facet normal 0.913536 0.119527 0.3888
outer loop
vertex 39.7567 5.42968 -5.40946
vertex 39.9364 0.779581 -4.40206
vertex 42.1521 1.84878 -9.93686
endloop
endfacet

facet normal 0.57552 0.809857 0.113618
outer loop
vertex 12.1662 24.6617 -1.19196
vertex 14.9254 22.395 0.988235
vertex 15.2821 22.889 -4.33976
endloop
endfacet

facet normal -0.288511 0.69651 0.656989
outer loop
vertex 12.0867 19.6513 17.9158
vertex 11.7919 19.2328 18.2301
vertex 12.203 18.4107 19.2821
endloop
endfacet

facet normal 0.329198 -0.927048 0.179473
outer loop
vertex 18.8047 -5.03652 10.615
vertex 22.1502 -4.23252 8.63174
vertex 22.045 -3.77352 11.1955
endloop
endfacet

facet normal -0.368852 -0.490124 0.789764
outer loop
vertex 23.7012 -4.77202 8.30004
vertex 26.1627 -1.94832 11.202
vertex 25.676 -1.95742 10.969
endloop
endfacet

facet normal -0.973165 -0.230077 0.00387465
outer loop
vertex 18.1138 5.72938 34.0083
vertex 18.1445 5.57728 32.6766
vertex 18.2703 5.04828 32.8618
endloop
endfacet

facet normal 0.24375 0.335056 0.910123
outer loop
vertex 14.7491 18.2177 -10.0458
vertex 14.2527 16.959 -9.44946
vertex 16.9094 15.5825 -9.65426
endloop
endfacet

facet normal 0.248983 0.778836 0.575693
outer loop
vertex 5.90631 13.506 28.6852
vertex 9.71961 12.2848 28.6881
vertex 10.3902 12.7134 27.8182
endloop
endfacet

facet normal 0.350147 -0.833683 0.427047
outer loop
vertex -1.13039 -24.6357 27.3786
vertex 0.901407 -22.3508 30.1732
vertex -2.04989 -24.4051 28.5828
endloop
endfacet

facet normal 0.389588 -0.38018 0.838859
outer loop
vertex 8.96581 21.153 17.4154
vertex 9.01641 22.1922 17.8629
vertex 7.08691 22.566 18.9284
endloop
endfacet

facet normal 0.559363 0.0136838 -0.82881
outer loop
vertex 37.8585 -1.50292 -0.321865
vertex 38.859 3.03158 0.428235
vertex 39.7264 0.969681 0.979535
endloop
endfacet

facet normal 0.274896 -0.0710717 -0.958843
outer loop
vertex -40.5018 -2.44892 9.40344
vertex -40.258 -3.36342 9.54104
vertex -42.3222 -3.47572 8.95764
endloop
endfacet

facet normal -0.615863 -0.757082 0.218035
outer loop
vertex -13.8085 -8.05342 25.5749
vertex -16.9602 -6.58352 21.7765
vertex -17.1639 -6.98742 19.7988
endloop
endfacet

facet normal -0.303831 -0.935167 0.182073
outer loop
vertex -36.5923 -6.98982 2.25924
vertex -45.7112 -4.83012 -1.86506
vertex -39.7822 -6.88742 -2.53826
endloop
endfacet

facet normal -0.667943 -0.366756 0.647567
outer loop
vertex 11.1 -3.39902 34.3807
vertex 12.8142 -4.71042 35.4061
vertex 13.2247 -3.83932 36.3229
endloop
endfacet

facet normal 0.9187 0.359196 0.164224
outer loop
vertex 20.5336 16.6799 -4.52506
vertex 20.2768 15.4633 -0.427765
vertex 24.363 8.62468 -8.32916
endloop
endfacet

facet normal -0.874827 0.244002 0.418498
outer loop
vertex -45.0754 2.12978 -4.05276
vertex -44.2575 7.23158 -5.31756
vertex -46.2254 7.38728 -9.52216
endloop
endfacet

facet normal 0.0611215 0.797146 0.600685
outer loop
vertex 36.5971 4.57198 4.53434
vertex 36.0497 4.24688 5.02144
vertex 37.6611 4.10458 5.04634
endloop
endfacet

facet normal -0.266997 0.301603 -0.915286
outer loop
vertex -1.30689 6.63038 -29.3691
vertex 3.22881 10.2707 -29.4926
vertex 1.94191 3.16678 -31.4581
endloop
endfacet

facet normal 0.810605 0.584961 -0.0272207
outer loop
vertex 9.94421 -16.1166 10.6377
vertex 9.99541 -16.0803 12.944
vertex 10.6614 -17.1193 10.448
endloop
endfacet

facet normal 0.496029 -0.829808 -0.255683
outer loop
vertex 15.0668 -11.5524 -20.4997
vertex 9.14321 -15.1322 -20.3735
vertex 17.5551 -8.17462 -26.6347
endloop
endfacet

facet normal 0.471144 -0.874534 -0.114947
outer loop
vertex -19.4582 -7.96152 -44.4527
vertex -16.7649 -6.54372 -44.2011
vertex -21.4574 -9.15662 -43.5545
endloop
endfacet

facet normal 0.484936 0.279826 0.828574
outer loop
vertex -36.8633 9.32438 14.5487
vertex -37.2589 11.7568 13.9588
vertex -39.1344 11.5224 15.1356
endloop
endfacet

facet normal -0.2204 0.97306 0.0676591
outer loop
vertex -5.36479 -9.19492 33.9945
vertex -6.80719 -9.35942 31.6611
vertex -7.92349 -9.63112 31.9322
endloop
endfacet

facet normal 0.772443 -0.306714 0.55611
outer loop
vertex 21.1223 -0.0452194 -15.7113
vertex 20.3709 -4.25922 -16.9918
vertex 23.3051 1.67318 -17.7956
endloop
endfacet

facet normal -0.798351 0.0672895 0.598421
outer loop
vertex 27.4102 -5.60942 7.22474
vertex 26.2423 -7.05602 5.82934
vertex 26.4244 -7.87772 6.16464
endloop
endfacet

facet normal -0.787297 0.438631 0.433319
outer loop
vertex -19.5994 19.7942 12.5474
vertex -22.9685 17.8697 8.37444
vertex -19.2013 17.9223 15.1655
endloop
endfacet

facet normal 0.114807 0.0352303 -0.992763
outer loop
vertex 19.6537 -6.39772 -16.1298
vertex 21.8931 -4.32202 -15.7971
vertex 21.3848 -8.18802 -15.9931
endloop
endfacet

facet normal 0.22059 0.383569 0.89678
outer loop
vertex -0.988193 -16.5663 36.425
vertex -1.01479 -15.273 35.8783
vertex -3.09169 -16.026 36.7113
endloop
endfacet

facet normal -0.910539 0.0363538 0.411822
outer loop
vertex -45.0754 2.12978 -4.05276
vertex -47.439 0.755581 -9.15736
vertex -44.9874 0.755081 -3.73676
endloop
endfacet

facet normal -0.853083 -0.395866 0.33991
outer loop
vertex -26.3264 0.433881 -15.78
vertex -23.7594 -6.38242 -17.2757
vertex -25.4212 -1.69702 -15.9898
endloop
endfacet

facet normal -0.346646 -0.934951 0.0755202
outer loop
vertex 31.4504 -0.448019 -15.1936
vertex 30.3758 -0.0758194 -15.519
vertex 30.772 -0.270019 -16.1039
endloop
endfacet

facet normal 0.565049 -0.783501 0.258546
outer loop
vertex 7.06471 -12.69 20.0897
vertex 10.8842 -9.82412 20.4269
vertex 7.28091 -11.6996 22.6184
endloop
endfacet

facet normal -0.455016 -0.795499 0.400178
outer loop
vertex -16.4509 -17.0862 9.18024
vertex -12.7865 -20.287 6.98394
vertex -12.7368 -19.579 8.44794
endloop
endfacet

facet normal 0.0115498 -0.14503 0.98936
outer loop
vertex 12.6506 18.9025 -9.06456
vertex 12.5999 18.1814 -9.16966
vertex 13.2202 17.9097 -9.21676
endloop
endfacet

facet normal 0.260122 0.918307 -0.29841
outer loop
vertex -42.3775 3.82518 -15.7932
vertex -41.5804 3.78558 -15.2205
vertex -40.8994 3.08718 -16.776
endloop
endfacet

facet normal 0.0483536 0.951093 -0.305097
outer loop
vertex -34.1562 13.6579 5.22584
vertex -36.0209 12.4269 1.09284
vertex -37.8934 11.7875 -1.19696
endloop
endfacet

facet normal -0.880222 -0.341196 0.329839
outer loop
vertex -11.7479 -12.9599 24.3092
vertex -12.4257 -12.2529 23.2316
vertex -13.2933 -13.2758 19.8583
endloop
endfacet

facet normal 0.454855 -0.773075 0.44211
outer loop
vertex 6.95521 -20.0081 8.59104
vertex 10.2001 -19.5939 5.97684
vertex 7.52021 -19.4669 8.95614
endloop
endfacet

facet normal -0.241802 -0.902543 0.356297
outer loop
vertex -6.62919 -15.2558 33.5154
vertex -9.03489 -15.7248 30.6948
vertex -6.56509 -15.7327 32.3509
endloop
endfacet

facet normal 0.671424 0.524705 0.52333
outer loop
vertex -6.03369 15.5585 28.718
vertex -7.42589 17.9681 28.0882
vertex -6.83819 15.7924 29.5157
endloop
endfacet

facet normal -0.104497 -0.973063 0.205498
outer loop
vertex -39.2626 -6.43362 -8.08586
vertex -40.4557 -5.92732 -6.29536
vertex -40.9639 -6.47372 -9.14076
endloop
endfacet

facet normal -0.139274 -0.986798 0.0826551
outer loop
vertex -1.13039 -24.6357 27.3786
vertex -2.04989 -24.4051 28.5828
vertex -3.53739 -24.272 27.6649
endloop
endfacet

facet normal -0.0958373 0.229964 -0.968469
outer loop
vertex 37.3403 7.16698 -10.2117
vertex 39.3683 8.04518 -10.2039
vertex 39.3237 6.62138 -10.5375
endloop
endfacet

facet normal 0.20149 0.343355 -0.917338
outer loop
vertex 14.2527 16.959 -9.44946
vertex 17.8884 17.7902 -8.33976
vertex 15.0851 16.0839 -9.59416
endloop
endfacet

facet normal 0.574772 0.319298 0.75345
outer loop
vertex -39.0093 -2.43072 -15.3541
vertex -39.7493 2.25678 -16.7761
vertex -40.3974 -1.23152 -14.8034
endloop
endfacet

facet normal 0.437652 -0.12074 0.891001
outer loop
vertex 33.5375 3.16708 -16.6998
vertex 31.5504 3.78978 -15.6394
vertex 32.3538 2.89038 -16.1559
endloop
endfacet

facet normal -0.686711 -0.712288 0.145169
outer loop
vertex 35.6016 -5.17092 -13.1538
vertex 35.1719 -4.77282 -13.2332
vertex 34.7412 -4.69102 -14.8694
endloop
endfacet

facet normal -0.122798 0.959884 0.252079
outer loop
vertex 32.4429 3.56808 11.4898
vertex 33.3347 3.57768 11.8875
vertex 33.4106 4.18308 9.61944
endloop
endfacet

facet normal -0.419968 -0.881154 0.217242
outer loop
vertex 11.4915 -6.97132 29.9045
vertex 11.1492 -6.35252 31.753
vertex 10.7689 -6.26352 31.3786
endloop
endfacet

facet normal 0.555213 -0.752299 0.354662
outer loop
vertex 11.4136 -5.89072 32.3187
vertex 11.1492 -6.35252 31.753
vertex 11.4915 -6.97132 29.9045
endloop
endfacet

facet normal 0.846739 -0.248957 0.470162
outer loop
vertex 17.3685 -2.33512 31.3778
vertex 19.7399 -2.22942 27.1629
vertex 18.0426 0.599381 31.7176
endloop
endfacet

facet normal 0.920767 0.382313 0.0776216
outer loop
vertex -13.6914 9.29178 -41.9284
vertex -12.6995 6.90538 -41.9401
vertex -12.9599 7.62878 -42.4147
endloop
endfacet

facet normal -0.523189 -0.0732898 -0.849059
outer loop
vertex -44.4542 4.34248 -15.0766
vertex -43.2176 3.88578 -15.7992
vertex -44.3122 3.47388 -15.0891
endloop
endfacet

facet normal 0.661044 -0.739353 0.127978
outer loop
vertex 17.369 -3.81952 30.2225
vertex 20.7243 -2.39482 21.1226
vertex 19.7399 -2.22942 27.1629
endloop
endfacet

facet normal -0.601168 -0.470487 0.64594
outer loop
vertex -6.80719 -9.35942 31.6611
vertex -8.93769 -7.21982 31.2367
vertex -8.99179 -9.67942 29.3948
endloop
endfacet

facet normal 0.55609 0.480567 0.678099
outer loop
vertex 18.0332 6.44088 35.0985
vertex 18.6507 7.34208 33.9534
vertex 16.6201 7.09958 35.7906
endloop
endfacet

facet normal -0.874347 -0.392051 0.286032
outer loop
vertex -27.0227 -1.46182 -20.5066
vertex -23.7594 -6.38242 -17.2757
vertex -26.3264 0.433881 -15.78
endloop
endfacet

facet normal 0.551364 0.757606 0.349329
outer loop
vertex 3.72711 13.9439 29.5714
vertex 3.35701 13.7471 30.5824
vertex 5.12251 12.1295 31.304
endloop
endfacet

facet normal -0.830327 0.0442227 -0.555519
outer loop
vertex 32.6404 0.347381 -11.2332
vertex 33.1513 4.63538 -11.6554
vertex 34.2029 2.58138 -13.3908
endloop
endfacet

facet normal -0.54511 -0.405107 0.733991
outer loop
vertex 25.8785 -4.67652 14.0899
vertex 24.5626 -5.65882 12.5704
vertex 26.2113 -5.54552 13.8574
endloop
endfacet

facet normal -0.737878 -0.674723 -0.0168959
outer loop
vertex -19.7852 -20.9556 -13.6785
vertex -18.1642 -22.8054 -10.5986
vertex -21.7721 -18.87 -10.1928
endloop
endfacet

facet normal -0.531191 0.767662 -0.358513
outer loop
vertex 31.8038 1.77318 -17.9537
vertex 30.1073 1.49778 -16.0298
vertex 31.3577 2.14478 -16.4971
endloop
endfacet

facet normal -0.829398 -0.316716 0.460206
outer loop
vertex 29.5332 12.5905 14.791
vertex 28.2134 10.4585 10.9451
vertex 30.0644 9.39098 13.5463
endloop
endfacet

facet normal -0.753084 -0.0310367 -0.657192
outer loop
vertex 20.2606 2.13258 2.96454
vertex 19.8845 3.99168 3.30774
vertex 21.3555 3.07858 1.66524
endloop
endfacet

facet normal 0.366733 0.925993 -0.0896869
outer loop
vertex -31.4019 9.49698 4.77544
vertex -31.0476 8.65288 -2.49076
vertex -31.923 9.07648 -1.69666
endloop
endfacet

facet normal 0.706386 0.370729 0.602975
outer loop
vertex 19.7097 7.39098 27.7605
vertex 21.3906 9.01458 24.793
vertex 19.7743 11.5638 25.1192
endloop
endfacet

facet normal 0.940018 0.0978228 -0.326799
outer loop
vertex 38.1904 -3.45112 -15.1793
vertex 37.4154 -2.49252 -17.1216
vertex 39.5582 -3.06012 -11.1278
endloop
endfacet

facet normal 0.467698 0.7898 -0.39683
outer loop
vertex -3.15619 20.5568 -21.1231
vertex -3.33269 21.9124 -18.6331
vertex -0.234593 19.7445 -19.2963
endloop
endfacet

facet normal -0.934354 -0.355878 -0.0182577
outer loop
vertex -10.4921 -15.2526 17.9607
vertex -10.7205 -14.8437 21.6784
vertex -11.0487 -13.9737 21.512
endloop
endfacet

facet normal 0.873168 -0.152348 -0.462999
outer loop
vertex 22.3605 -3.47302 -34.6659
vertex 23.0152 3.73098 -35.8016
vertex 23.3846 -0.769019 -33.6242
endloop
endfacet

facet normal 0.168371 -0.533922 -0.828601
outer loop
vertex -14.6545 20.9804 16.5295
vertex -16.8169 20.9582 16.1043
vertex -14.6658 22.1105 15.7989
endloop
endfacet

facet normal -0.2947 -0.818936 0.492439
outer loop
vertex 17.5028 -14.7024 -46.4947
vertex 16.3986 -13.968 -45.9341
vertex 15.1844 -13.9732 -46.6694
endloop
endfacet

facet normal 0.700988 -0.169543 -0.692727
outer loop
vertex -46.6655 1.31958 -10.6019
vertex -46.5565 5.69868 -11.5634
vertex -45.7391 3.67388 -10.2407
endloop
endfacet

facet normal 0.564648 0.185658 -0.804179
outer loop
vertex -14.9429 10.0674 -47.6827
vertex -14.6531 8.05228 -47.9444
vertex -16.4355 11.2898 -48.4485
endloop
endfacet

facet normal -0.825518 0.521948 -0.214688
outer loop
vertex 28.7817 -6.61042 -9.62516
vertex 29.5332 -4.74502 -7.97986
vertex 29.3754 -5.84492 -10.0471
endloop
endfacet

facet normal -0.997975 -0.0630424 0.00843564
outer loop
vertex -11.7748 -10.0666 25.0488
vertex -11.8306 -9.03162 26.1738
vertex -11.6829 -11.9358 21.9538
endloop
endfacet

facet normal 0.845949 -0.388602 0.365183
outer loop
vertex 16.4406 -4.56522 6.86724
vertex 13.7383 -11.2105 6.05584
vertex 19.903 -1.16002 2.47014
endloop
endfacet

facet normal -0.258091 0.0417694 0.965217
outer loop
vertex 8.92231 17.491 25.595
vertex 9.03841 16.5864 25.6651
vertex 10.3592 16.2503 26.0328
endloop
endfacet

facet normal 0.867685 -0.419007 -0.267498
outer loop
vertex -8.40709 -3.05492 -30.5413
vertex -8.41889 -1.43172 -33.1221
vertex -7.46779 -0.894919 -30.878
endloop
endfacet

facet normal 0.71786 0.351969 -0.600662
outer loop
vertex -40.3708 11.0528 8.54634
vertex -38.0937 11.5668 11.5688
vertex -39.1336 10.21 9.53104
endloop
endfacet

facet normal 0.149311 -0.81793 0.555605
outer loop
vertex 13.8041 -9.30292 31.2838
vertex 14.4419 -8.82572 31.8149
vertex 12.6237 -8.57222 32.6767
endloop
endfacet

facet normal 0.226151 -0.804138 0.549743
outer loop
vertex 0.597707 -24.4798 23.4474
vertex 1.66121 -23.0094 25.1607
vertex 0.446507 -23.1351 25.4766
endloop
endfacet

facet normal -0.898208 -0.281704 -0.337439
outer loop
vertex 11.7525 1.70958 -46.4432
vertex 10.0294 7.27338 -46.5013
vertex 10.1354 8.85158 -48.1011
endloop
endfacet

facet normal 0.707436 0.169418 0.686172
outer loop
vertex 12.1965 12.4931 28.8111
vertex 12.1184 14.4246 28.4147
vertex 11.3734 12.9149 29.5556
endloop
endfacet

facet normal -0.347056 0.926125 -0.147801
outer loop
vertex -15.5984 -15.9655 11.8429
vertex -14.4166 -15.8341 9.89144
vertex -17.4501 -17.5702 6.13634
endloop
endfacet

facet normal -0.571143 -0.688722 -0.446607
outer loop
vertex -17.3661 -13.8707 10.4036
vertex -16.8714 -12.8806 8.24414
vertex -13.2692 -15.8446 8.20824
endloop
endfacet

facet normal -0.257524 0.836848 -0.48308
outer loop
vertex -0.527193 21.7422 -13.0163
vertex -0.960293 23.6335 -9.50896
vertex 0.619807 22.963 -11.513
endloop
endfacet

facet normal -0.730655 0.619646 0.286674
outer loop
vertex -9.19519 12.5955 29.7966
vertex -8.39759 12.959 31.0439
vertex -7.70309 14.05 30.4557
endloop
endfacet

facet normal -0.52015 -0.176213 -0.835699
outer loop
vertex 1.73491 -3.44392 -29.9353
vertex 1.08301 3.01928 -30.8923
vertex 1.94191 3.16678 -31.4581
endloop
endfacet

facet normal -0.361011 0.137916 0.922307
outer loop
vertex 28.6231 -3.27732 15.7636
vertex 27.8377 -2.68262 15.3672
vertex 27.9916 -3.78082 15.5917
endloop
endfacet

facet normal 0.260746 -0.938402 -0.226743
outer loop
vertex -21.0921 -5.73302 12.5117
vertex -19.3422 -5.58462 13.9098
vertex -20.2436 -6.21962 15.5014
endloop
endfacet

facet normal 0.138874 0.711303 0.68903
outer loop
vertex 32.6155 -0.204319 -15.6799
vertex 31.4504 -0.448019 -15.1936
vertex 31.54 -0.856819 -14.7896
endloop
endfacet

facet normal 0.0648862 0.589044 -0.805492
outer loop
vertex 15.3774 7.34658 34.1459
vertex 14.3037 7.47028 34.1499
vertex 17.1 7.87338 34.6699
endloop
endfacet

facet normal 0.724396 -0.451148 -0.521263
outer loop
vertex -5.31739 -22.0181 23.0884
vertex -6.17929 -23.6417 23.2957
vertex -6.64569 -23.3265 22.3749
endloop
endfacet

facet normal 0.973524 0.0650173 0.219144
outer loop
vertex -2.76879 -26.0324 23.6325
vertex -2.53999 -26.3075 22.6976
vertex -2.59579 -25.6368 22.7468
endloop
endfacet

facet normal -0.784281 0.537784 0.309341
outer loop
vertex -33.4419 8.39448 10.8317
vertex -28.1266 12.6079 16.9827
vertex -28.8701 13.4215 13.6832
endloop
endfacet

facet normal 0.761558 0.242062 0.601195
outer loop
vertex 18.6507 7.34208 33.9534
vertex 18.0332 6.44088 35.0985
vertex 19.3646 5.85338 33.6485
endloop
endfacet

facet normal -0.254313 -0.586918 -0.768669
outer loop
vertex -2.11549 -25.6632 17.145
vertex -5.52479 -20.2924 14.1721
vertex -2.00559 -21.3469 13.813
endloop
endfacet

facet normal 0.211222 0.975915 0.0545413
outer loop
vertex 13.1008 13.834 -44.7013
vertex 16.3676 13.0958 -44.1433
vertex 17.2802 13.0155 -46.2413
endloop
endfacet

facet normal 0.291198 -0.857187 0.424775
outer loop
vertex -41.3749 3.43608 -19.5857
vertex -40.3043 4.23318 -18.7111
vertex -42.3103 3.84678 -18.1157
endloop
endfacet

facet normal 0.570863 -0.429812 -0.699555
outer loop
vertex -26.2187 -1.91222 -0.593565
vertex -26.9873 0.633381 -2.78486
vertex -24.9516 -0.0638194 -0.695265
endloop
endfacet

facet normal 0.403409 -0.611627 -0.680569
outer loop
vertex -1.13039 -24.6357 27.3786
vertex -1.36539 -24.3477 26.9805
vertex -0.110093 -23.5643 27.0206
endloop
endfacet

facet normal 0.977074 0.119828 0.175978
outer loop
vertex 19.777 5.70908 31.4572
vertex 19.466 6.68408 32.52
vertex 19.3646 5.85338 33.6485
endloop
endfacet

facet normal 0.863735 0.223527 0.451661
outer loop
vertex 28.5139 7.92168 11.7788
vertex 23.4178 8.28218 21.3459
vertex 28.9581 4.56738 12.5894
endloop
endfacet

facet normal -0.648472 0.671309 -0.358926
outer loop
vertex 35.4915 9.34718 -6.33906
vertex 36.8993 8.90068 -9.71756
vertex 34.6772 8.78568 -5.91806
endloop
endfacet

facet normal -0.0868492 0.27294 0.958103
outer loop
vertex -6.05319 4.49388 36.0882
vertex -13.7645 4.74938 35.3164
vertex -9.66679 1.54438 36.6008
endloop
endfacet

facet normal -0.88944 0.456201 0.0278733
outer loop
vertex 21.2778 2.97688 0.851135
vertex 21.3555 3.07858 1.66524
vertex 24.039 8.27988 2.16474
endloop
endfacet

facet normal -0.291875 -0.435835 -0.851386
outer loop
vertex 16.5723 -14.7524 -48.0343
vertex 15.0577 -14.0123 -47.8939
vertex 14.8431 -13.0502 -48.3129
endloop
endfacet

facet normal -0.718896 -0.603704 -0.344572
outer loop
vertex -5.98979 -25.5168 22.7832
vertex -6.69119 -23.91 21.4313
vertex -5.10209 -26.0202 21.8129
endloop
endfacet

facet normal -0.295025 0.90839 0.296289
outer loop
vertex -32.7419 8.87058 5.36154
vertex -31.4019 9.49698 4.77544
vertex -34.7719 9.26528 2.13024
endloop
endfacet

facet normal -0.867549 -0.491604 0.0754
outer loop
vertex -20.0846 -17.6431 -6.29086
vertex -21.922 -14.2718 -5.45146
vertex -22.3886 -14.4788 -12.1698
endloop
endfacet

facet normal -0.0807155 -0.987639 -0.134365
outer loop
vertex -17.1639 -6.98742 19.7988
vertex -24.733 -5.43772 12.9541
vertex -18.1465 -6.65052 17.9125
endloop
endfacet

facet normal 0.966745 0.241792 -0.0833119
outer loop
vertex -33.7994 12.8321 4.58824
vertex -33.8336 13.3745 5.76584
vertex -32.7419 8.87058 5.36154
endloop
endfacet

facet normal 0.445036 0.889127 0.106753
outer loop
vertex -42.3392 6.52808 -16.5726
vertex -42.9723 6.58638 -14.4187
vertex -41.1888 5.67178 -14.2364
endloop
endfacet

facet normal -0.637174 -0.571739 0.516841
outer loop
vertex -9.57799 -19.7715 24.5041
vertex -9.25209 -17.8188 27.066
vertex -10.2839 -17.1458 26.5384
endloop
endfacet

facet normal 0.804159 0.594365 0.00761313
outer loop
vertex 20.7283 11.2023 -29.3515
vertex 23.0063 8.08598 -26.6823
vertex 21.8799 9.67628 -31.8552
endloop
endfacet

facet normal 0.530105 -0.350674 -0.772021
outer loop
vertex -26.9873 0.633381 -2.78486
vertex -28.6951 -0.456819 -3.46226
vertex -28.1646 1.90558 -4.17106
endloop
endfacet

facet normal -0.916502 0.0484879 -0.397081
outer loop
vertex -45.0754 2.12978 -4.05276
vertex -44.4032 7.96458 -4.89176
vertex -44.2575 7.23158 -5.31756
endloop
endfacet

facet normal 0.996072 -0.0835649 -0.0292968
outer loop
vertex 6.03951 -12.0559 28.0849
vertex 5.90521 -13.498 27.6308
vertex 5.96851 -12.5218 26.9992
endloop
endfacet

facet normal 0.838127 0.544055 -0.039324
outer loop
vertex 8.51701 -13.1509 20.5978
vertex 9.29451 -14.6462 16.4807
vertex 8.52771 -13.2472 19.4934
endloop
endfacet

facet normal -0.802747 -0.517534 -0.296236
outer loop
vertex 31.4851 -5.94402 -16.4218
vertex 31.0659 -6.06882 -15.0679
vertex 30.4878 -4.66482 -15.9541
endloop
endfacet

facet normal -0.637705 -0.560774 -0.528077
outer loop
vertex -35.1538 -5.20482 2.42544
vertex -35.3357 -4.70002 2.10904
vertex -32.9822 -4.87402 -0.548165
endloop
endfacet

facet normal 0.703291 -0.213999 -0.677928
outer loop
vertex -41.7912 7.39838 -8.88226
vertex -43.5406 7.85708 -10.8418
vertex -41.9025 8.09558 -9.21776
endloop
endfacet

facet normal 0.458537 -0.262391 0.849055
outer loop
vertex -17.9417 -6.50492 -44.8216
vertex -19.4582 -7.96152 -44.4527
vertex -19.1023 -10.647 -45.4749
endloop
endfacet

facet normal 0.028793 0.0492321 -0.998372
outer loop
vertex -2.54079 -18.4833 13.2703
vertex -3.67029 -18.0582 13.2587
vertex 0.861807 -18.0782 13.3884
endloop
endfacet

facet normal 0.724453 0.550565 -0.414785
outer loop
vertex -30.8208 8.24288 -3.82956
vertex -29.1281 5.97488 -3.88366
vertex -28.5883 4.32828 -5.12636
endloop
endfacet

facet normal 0.234657 0.0213895 -0.971843
outer loop
vertex 20.3846 7.77438 -46.0669
vertex 20.1954 10.3468 -46.056
vertex 22.4612 6.50798 -45.5934
endloop
endfacet

facet normal 0.774451 0.523101 0.355795
outer loop
vertex 15.2819 -5.30002 12.9566
vertex 14.5061 -4.36042 13.264
vertex 15.7799 -7.29322 14.8033
endloop
endfacet

facet normal 0.615394 0.761189 0.204649
outer loop
vertex -8.65359 19.525 25.9892
vertex -7.42589 17.9681 28.0882
vertex -6.55569 17.5706 26.9501
endloop
endfacet

facet normal -0.94557 0.0557451 0.320608
outer loop
vertex -46.3895 6.61718 -3.89526
vertex -45.8739 0.751281 -1.35486
vertex -43.7014 2.54308 4.74104
endloop
endfacet

facet normal 0.914099 -0.344179 0.214392
outer loop
vertex 33.2655 -6.37792 -3.00976
vertex 33.3411 -7.76282 -5.55516
vertex 33.6567 -6.79182 -5.34206
endloop
endfacet

facet normal 0.0391862 0.963858 0.263519
outer loop
vertex 31.3577 2.14478 -16.4971
vertex 32.6111 2.10188 -16.5268
vertex 34.8123 2.66558 -18.9159
endloop
endfacet

facet normal 0.752187 0.506075 -0.422022
outer loop
vertex 34.735 14.1129 7.99054
vertex 34.9666 14.5842 8.96834
vertex 35.2436 13.332 7.96054
endloop
endfacet

facet normal -0.53333 -0.844718 -0.0448457
outer loop
vertex 35.479 -5.92962 -3.62606
vertex 34.9555 -5.67142 -2.26476
vertex 34.1032 -5.14182 -2.10386
endloop
endfacet

facet normal -0.0944853 -0.912293 0.39849
outer loop
vertex 12.6237 -8.57222 32.6767
vertex 11.9446 -8.87142 31.8308
vertex 13.8041 -9.30292 31.2838
endloop
endfacet

facet normal -0.986426 0.145583 0.0759577
outer loop
vertex 21.3555 3.07858 1.66524
vertex 21.2778 2.97688 0.851135
vertex 21.007 1.15058 0.833935
endloop
endfacet

facet normal -0.527445 0.376373 -0.761672
outer loop
vertex -39.4089 7.36938 -4.22046
vertex -37.5102 7.48828 -5.47656
vertex -36.8116 6.54228 -6.42776
endloop
endfacet

facet normal 0.606364 -0.147974 0.781298
outer loop
vertex -36.6788 -0.156019 -16.1403
vertex -36.3869 0.968781 -16.1538
vertex -37.6989 0.262381 -15.2693
endloop
endfacet

facet normal -0.82323 0.0977504 0.559229
outer loop
vertex -19.803 -7.58672 14.3744
vertex -21.2796 -5.84612 11.8965
vertex -18.7747 -9.14582 16.1607
endloop
endfacet

facet normal 0.329225 0.935951 -0.124927
outer loop
vertex 7.43731 26.134 -2.62336
vertex 12.1662 24.6617 -1.19196
vertex 9.54061 24.9958 -5.60776
endloop
endfacet

facet normal 0.242865 -0.461917 0.853024
outer loop
vertex -0.168093 -24.2318 25.9638
vertex -0.595593 -23.4039 26.5338
vertex -1.74079 -25.3293 25.8172
endloop
endfacet

facet normal 0.192896 -0.927519 0.320155
outer loop
vertex -2.76879 -26.0324 23.6325
vertex -3.66149 -26.6521 22.3749
vertex -2.53999 -26.3075 22.6976
endloop
endfacet

facet normal 0.448054 0.790498 -0.417565
outer loop
vertex -41.1888 5.67178 -14.2364
vertex -42.9723 6.58638 -14.4187
vertex -40.5675 6.89418 -11.2556
endloop
endfacet

facet normal 0.12208 -0.351095 -0.928347
outer loop
vertex 4.48811 -9.67512 -28.1017
vertex 3.34861 -11.435 -27.586
vertex 0.199807 -5.89712 -30.0944
endloop
endfacet

facet normal 0.0158362 -0.214138 -0.976675
outer loop
vertex -3.06509 -4.39492 -30.4767
vertex 0.199807 -5.89712 -30.0944
vertex -6.46549 -4.87772 -30.426
endloop
endfacet

facet normal -0.929566 0.353308 0.105264
outer loop
vertex -27.4853 9.73168 -5.21726
vertex -25.7479 13.1806 -1.45046
vertex -27.0462 11.6559 -7.79796
endloop
endfacet

facet normal 0.026984 -0.954334 -0.29752
outer loop
vertex 15.9716 -8.68272 -35.6564
vertex 15.1273 -8.25332 -37.1103
vertex 17.3777 -8.33012 -36.6596
endloop
endfacet

facet normal 0.486015 -0.428502 -0.761693
outer loop
vertex 11.2485 -6.26532 32.4241
vertex 11.4136 -5.89072 32.3187
vertex 11.1288 -7.35702 32.9618
endloop
endfacet

facet normal 0.849575 0.484092 -0.209471
outer loop
vertex 38.4053 6.50358 -12.2055
vertex 39.122 5.99408 -10.4757
vertex 39.1726 5.28278 -11.9147
endloop
endfacet

facet normal -0.913369 -0.350741 -0.206732
outer loop
vertex -24.3658 -11.0266 -15.4536
vertex -22.497 -16.7936 -13.9256
vertex -23.6989 -14.7935 -12.0092
endloop
endfacet

facet normal -0.00601115 0.998244 0.05893
outer loop
vertex 15.1288 13.8933 -38.858
vertex 13.0236 14.0648 -41.9784
vertex 12.6157 13.928 -39.702
endloop
endfacet

facet normal 0.117051 -0.84252 0.525793
outer loop
vertex 21.112 -10.2972 -46.6473
vertex 21.7069 -9.99892 -46.3017
vertex 18.7606 -9.60732 -45.0183
endloop
endfacet

facet normal -0.00248001 -0.820615 -0.571477
outer loop
vertex 12.8142 -4.71042 35.4061
vertex 11.8231 -3.67802 33.9279
vertex 12.8962 -4.08352 34.5056
endloop
endfacet

facet normal 0.417194 0.625108 -0.659688
outer loop
vertex -3.15619 20.5568 -21.1231
vertex -0.442093 16.6565 -23.1025
vertex -3.37859 16.2685 -25.3272
endloop
endfacet

facet normal 0.803471 -0.35449 0.4783
outer loop
vertex -16.7171 -6.83732 -46.6581
vertex -19.1023 -10.647 -45.4749
vertex -18.1474 -10.1054 -46.6775
endloop
endfacet

facet normal -0.281073 -0.656723 0.699795
outer loop
vertex 15.1955 -5.41782 35.6987
vertex 14.6981 -4.35762 36.4939
vertex 12.8142 -4.71042 35.4061
endloop
endfacet

facet normal 0.886411 0.441174 0.140143
outer loop
vertex 18.5325 14.4654 3.03404
vertex 17.3055 16.43 4.61074
vertex 19.8834 11.5988 3.51394
endloop
endfacet

facet normal -0.662622 0.441854 0.604729
outer loop
vertex 11.5215 6.77208 33.6817
vertex 11.5098 5.78988 34.3865
vertex 12.7177 7.34208 34.5759
endloop
endfacet

facet normal 0.954601 0.165368 0.247771
outer loop
vertex 20.5968 1.50968 0.0649352
vertex 19.4109 6.20558 1.50004
vertex 20.2986 1.41318 1.27844
endloop
endfacet

facet normal 0.799957 0.598163 -0.0476399
outer loop
vertex -31.0476 8.65288 -2.49076
vertex -29.1281 5.97488 -3.88366
vertex -30.8208 8.24288 -3.82956
endloop
endfacet

facet normal 0.856999 0.263591 -0.442801
outer loop
vertex 6.91641 -14.0669 22.2206
vertex 7.80751 -13.5409 24.2582
vertex 7.35321 -15.3557 22.2986
endloop
endfacet

facet normal -0.519509 -0.472128 -0.712184
outer loop
vertex -31.3057 -2.51152 -3.66576
vertex -33.2389 -4.29002 -1.07656
vertex -31.7007 -1.89422 -3.78676
endloop
endfacet

facet normal 0.372059 0.928117 -0.0130819
outer loop
vertex 17.4318 14.9783 18.4251
vertex 20.3729 13.8299 20.6005
vertex 20.6584 13.6297 14.5149
endloop
endfacet

facet normal 0.668461 0.738506 0.0881377
outer loop
vertex 10.439 -16.362 5.78884
vertex 10.6614 -17.1193 10.448
vertex 12.7959 -18.3808 4.82914
endloop
endfacet

facet normal 0.25262 -0.740076 0.623274
outer loop
vertex 19.3646 5.85338 33.6485
vertex 18.1138 5.72938 34.0083
vertex 18.7207 4.13618 31.8705
endloop
endfacet

facet normal 0.11066 0.699375 -0.706137
outer loop
vertex 3.71701 24.5945 -6.91776
vertex 9.54061 24.9958 -5.60776
vertex 6.49581 22.8088 -8.25096
endloop
endfacet

facet normal 0.786889 0.309043 -0.534133
outer loop
vertex -8.31249 7.86398 -31.7471
vertex -6.63339 4.68118 -31.1149
vertex -9.00789 3.06778 -35.5465
endloop
endfacet

facet normal 0.721188 -0.099618 0.685539
outer loop
vertex -0.595593 -23.4039 26.5338
vertex -0.168093 -24.2318 25.9638
vertex 0.446507 -23.1351 25.4766
endloop
endfacet

facet normal 0.498968 -0.323712 -0.803891
outer loop
vertex -45.7391 3.67388 -10.2407
vertex -46.5565 5.69868 -11.5634
vertex -44.7998 7.05218 -11.018
endloop
endfacet

facet normal -0.963767 0.266687 -0.00565869
outer loop
vertex -45.0738 6.05958 -11.1298
vertex -45.7391 3.67388 -10.2407
vertex -44.7998 7.05218 -11.018
endloop
endfacet

facet normal 0.493005 -0.292838 0.819263
outer loop
vertex 18.2715 11.0997 5.14004
vertex 19.4043 10.4718 4.23394
vertex 18.8815 13.626 5.67604
endloop
endfacet

facet normal -0.689038 0.135268 0.71199
outer loop
vertex -22.0549 15.9348 -10.1349
vertex -24.0178 13.1201 -11.4997
vertex -23.2657 11.8582 -10.5321
endloop
endfacet

facet normal 0.713719 0.594026 0.371132
outer loop
vertex 14.2213 20.7189 5.02504
vertex 18.7531 18.7388 -0.520665
vertex 14.9254 22.395 0.988235
endloop
endfacet

facet normal -0.899616 -0.263133 -0.3485
outer loop
vertex -21.4225 -4.13012 9.72454
vertex -21.6298 -1.22702 8.06764
vertex -20.4028 -4.89472 7.66944
endloop
endfacet

facet normal -0.646455 0.65252 0.395365
outer loop
vertex 4.03911 19.8772 21.6931
vertex 5.19801 20.553 22.4726
vertex 4.70061 21.6761 19.8057
endloop
endfacet

facet normal -0.945943 -0.0238377 0.323457
outer loop
vertex -25.2168 11.6293 4.71114
vertex -24.6208 13.9537 6.62534
vertex -24.5094 15.3438 7.05354
endloop
endfacet

facet normal 0.785952 -0.161745 -0.596757
outer loop
vertex -41.7912 7.39838 -8.88226
vertex -41.9025 8.09558 -9.21776
vertex -40.736 7.42248 -7.49896
endloop
endfacet

facet normal -0.108364 0.356278 0.928075
outer loop
vertex -11.398 18.235 25.5762
vertex -13.1526 17.8705 25.5112
vertex -11.0463 16.3442 26.3431
endloop
endfacet

facet normal 0.0382627 -0.824188 -0.565022
outer loop
vertex 1.64811 -27.2886 -16.7315
vertex -0.276893 -28.4942 -15.1033
vertex -5.13339 -26.9485 -17.6869
endloop
endfacet

facet normal -0.966958 0.112938 0.228555
outer loop
vertex -4.22089 -17.1514 35.8302
vertex -3.47599 -15.8902 38.3584
vertex -4.04089 -16.2914 36.1668
endloop
endfacet

facet normal -0.553649 0.810735 -0.190212
outer loop
vertex -20.536 13.8498 -30.0249
vertex -25.1558 10.9847 -28.79
vertex -20.996 15.9974 -19.5327
endloop
endfacet

facet normal -0.36774 0.907743 -0.201919
outer loop
vertex -20.996 15.9974 -19.5327
vertex -18.7153 15.4636 -26.0863
vertex -20.536 13.8498 -30.0249
endloop
endfacet

facet normal 0.0922901 -0.77638 0.623471
outer loop
vertex 14.5823 6.28318 35.0756
vertex 16.6201 7.09958 35.7906
vertex 14.5417 6.84708 35.7838
endloop
endfacet

facet normal 0.427091 -0.836821 -0.342526
outer loop
vertex 8.36621 -24.925 -17.269
vertex 13.1244 -22.8699 -16.3567
vertex 7.23821 -26.9229 -13.7945
endloop
endfacet

facet normal 0.0234234 0.540444 -0.841054
outer loop
vertex 16.4601 -11.4833 -16.3457
vertex 17.5278 -12.9167 -17.237
vertex 11.2583 -15.7531 -19.2342
endloop
endfacet

facet normal 0.908325 0.258609 -0.328735
outer loop
vertex -11.2714 2.33638 -42.1464
vertex -12.3854 8.74788 -40.1809
vertex -10.0429 0.913781 -39.8714
endloop
endfacet

facet normal 0.47429 -0.327718 0.817099
outer loop
vertex 25.0638 -7.01392 -47.6576
vertex 25.467 -6.01922 -47.4927
vertex 24.8911 -4.96952 -46.7374
endloop
endfacet

facet normal -0.576971 0.551763 -0.602214
outer loop
vertex -46.0733 7.57578 -3.64786
vertex -44.4032 7.96458 -4.89176
vertex -46.1577 6.74738 -4.32606
endloop
endfacet

facet normal 0.672288 -0.546262 0.499627
outer loop
vertex 10.81 -8.56782 21.9004
vertex 10.8842 -9.82412 20.4269
vertex 13.5874 -9.17762 17.4965
endloop
endfacet

facet normal 0.361695 -0.0970629 -0.92723
outer loop
vertex -46.7086 -0.0941194 -10.4707
vertex -46.6655 1.31958 -10.6019
vertex -45.8704 0.0572806 -10.1596
endloop
endfacet

facet normal 0.452569 0.175601 0.874269
outer loop
vertex -10.6351 17.4769 24.7743
vertex -10.3184 18.747 24.3552
vertex -11.0102 18.299 24.8033
endloop
endfacet

facet normal 0.104333 -0.884627 0.454477
outer loop
vertex 4.74151 -15.7405 -19.4405
vertex 0.672107 -16.2788 -19.5539
vertex 2.77731 -16.5442 -20.5538
endloop
endfacet

facet normal -0.705947 0.474592 0.525739
outer loop
vertex 12.3609 2.01258 35.3858
vertex 11.8691 0.988581 35.6498
vertex 13.3967 1.91638 36.8634
endloop
endfacet

facet normal -0.240121 -0.707167 -0.665024
outer loop
vertex -31.3057 -2.51152 -3.66576
vertex -32.9822 -4.87402 -0.548165
vertex -33.2389 -4.29002 -1.07656
endloop
endfacet

facet normal 0.417368 -0.834505 0.35973
outer loop
vertex 10.2805 -7.13002 27.1098
vertex 9.06041 -6.03712 31.0607
vertex 7.21521 -7.99192 28.6667
endloop
endfacet

facet normal -0.820557 -0.542161 -0.180963
outer loop
vertex -38.7025 -6.37212 -12.7687
vertex -38.4372 -7.19232 -11.514
vertex -39.5624 -5.89952 -10.2852
endloop
endfacet

facet normal 0.983233 -0.12106 0.136371
outer loop
vertex 24.8897 -7.55842 -46.8857
vertex 24.7839 -9.28622 -47.6567
vertex 25.0638 -7.01392 -47.6576
endloop
endfacet

facet normal -0.520443 0.702711 -0.485116
outer loop
vertex -24.9985 11.8455 -37.581
vertex -22.4224 13.5404 -37.8896
vertex -21.7706 12.1137 -40.6555
endloop
endfacet

facet normal -0.610769 0.297509 0.733791
outer loop
vertex -8.19769 16.3394 26.8725
vertex -8.46419 16.0236 26.7787
vertex -7.66209 15.0374 27.8462
endloop
endfacet

facet normal -0.308274 -0.317865 -0.896621
outer loop
vertex -43.3516 -7.71452 -9.61816
vertex -44.9541 -4.87872 -10.0726
vertex -42.6273 -7.25182 -10.0313
endloop
endfacet

facet normal -0.582616 -0.62278 0.52221
outer loop
vertex -23.462 -8.32612 -43.7073
vertex -25.5397 -3.35562 -40.0974
vertex -26.8968 -5.40982 -44.0614
endloop
endfacet

facet normal -0.102981 -0.993576 0.0469244
outer loop
vertex 0.672107 -16.2788 -19.5539
vertex -1.25859 -16.0757 -19.4917
vertex 2.77731 -16.5442 -20.5538
endloop
endfacet

facet normal -0.942029 0.14308 0.303497
outer loop
vertex -27.4853 9.73168 -5.21726
vertex -26.3922 9.74338 -1.82996
vertex -25.7479 13.1806 -1.45046
endloop
endfacet

facet normal 0.153231 0.410903 -0.89871
outer loop
vertex 21.3385 6.44838 -13.6841
vertex 23.9932 3.71528 -14.4811
vertex 21.9622 4.62658 -14.4107
endloop
endfacet

facet normal 0.486187 -0.812445 0.3218
outer loop
vertex 5.38221 -25.8953 0.368035
vertex 8.54101 -26.4932 -5.91386
vertex 11.3338 -22.65 -0.430465
endloop
endfacet

facet normal 0.477978 0.755649 -0.447807
outer loop
vertex -38.7117 6.49068 -8.54316
vertex -36.8116 6.54228 -6.42776
vertex -38.6034 5.45258 -10.1791
endloop
endfacet

facet normal -0.783303 0.351986 -0.512389
outer loop
vertex 1.94191 3.16678 -31.4581
vertex 4.53931 9.40538 -31.1432
vertex 6.77821 8.57758 -35.1344
endloop
endfacet

facet normal 0.438344 0.388494 0.81051
outer loop
vertex 14.4419 -8.82572 31.8149
vertex 13.7693 -7.96802 31.7675
vertex 12.6237 -8.57222 32.6767
endloop
endfacet

facet normal -0.0067236 -0.676004 -0.736867
outer loop
vertex -41.3181 -5.64752 -16.5239
vertex -41.2673 -4.59562 -17.4894
vertex -39.3495 -4.74852 -17.3667
endloop
endfacet

facet normal 0.967087 -0.101309 -0.233408
outer loop
vertex -35.348 -3.19412 -6.34096
vertex -36.253 -4.84932 -9.37216
vertex -35.1609 0.357381 -7.10696
endloop
endfacet

facet normal -0.755194 -0.655 0.0256526
outer loop
vertex -10.4921 -15.2526 17.9607
vertex -9.67029 -16.0696 21.2936
vertex -10.7205 -14.8437 21.6784
endloop
endfacet

facet normal -0.629042 -0.677085 0.381918
outer loop
vertex -18.2435 -4.69712 30.3527
vertex -20.5263 -2.66552 30.1946
vertex -21.1748 -3.83462 27.0538
endloop
endfacet

facet normal -0.883877 0.194424 -0.425395
outer loop
vertex 4.36581 20.6944 20.0525
vertex 4.70061 21.6761 19.8057
vertex 5.48641 21.8594 18.2566
endloop
endfacet

facet normal -0.77743 -0.509858 -0.368304
outer loop
vertex -28.0879 -8.05332 -11.8274
vertex -29.2611 -4.70542 -13.9856
vertex -26.6722 -8.69022 -13.9342
endloop
endfacet

facet normal 0.78825 -0.00690752 0.615316
outer loop
vertex 24.2984 1.32198 -4.67906
vertex 22.1488 6.35678 -1.86876
vertex 20.5968 1.50968 0.0649352
endloop
endfacet

facet normal 0.375991 -0.06092 -0.924618
outer loop
vertex 4.48811 -9.67512 -28.1017
vertex 0.199807 -5.89712 -30.0944
vertex 3.56811 -6.01582 -28.7168
endloop
endfacet

facet normal 0.279396 -0.113005 -0.953503
outer loop
vertex 1.08301 3.01928 -30.8923
vertex 1.73491 -3.44392 -29.9353
vertex 0.199807 -5.89712 -30.0944
endloop
endfacet

facet normal -0.337002 -0.681766 -0.649327
outer loop
vertex 34.697 3.25928 -17.3984
vertex 34.2823 3.08448 -16.9996
vertex 33.5375 3.16708 -16.6998
endloop
endfacet

facet normal -0.695794 0.717933 -0.0210441
outer loop
vertex -19.7227 19.3635 6.62914
vertex -18.5851 20.4403 5.74864
vertex -22.8511 16.2709 4.55674
endloop
endfacet

facet normal -0.712151 0.661247 0.235783
outer loop
vertex -22.8511 16.2709 4.55674
vertex -18.5851 20.4403 5.74864
vertex -21.9023 17.5677 3.78544
endloop
endfacet

facet normal 0.126117 -0.935248 0.330766
outer loop
vertex -15.6572 -7.80672 -33.9837
vertex -20.1945 -8.19872 -33.3622
vertex -20.1147 -9.07782 -35.8784
endloop
endfacet

facet normal 0.756787 -0.506131 0.413649
outer loop
vertex 13.7383 -11.2105 6.05584
vertex 10.439 -16.362 5.78884
vertex 12.7333 -16.9245 0.903135
endloop
endfacet

facet normal 0.716275 -0.484762 0.501953
outer loop
vertex 10.439 -16.362 5.78884
vertex 13.7383 -11.2105 6.05584
vertex 9.18361 -15.7098 8.21004
endloop
endfacet

facet normal 0.470557 -0.209671 -0.857096
outer loop
vertex -35.348 -3.19412 -6.34096
vertex -35.1609 0.357381 -7.10696
vertex -33.057 -0.835719 -5.66006
endloop
endfacet

facet normal -0.411711 0.754219 0.511515
outer loop
vertex 25.188 11.1949 7.83644
vertex 26.2979 11.2934 8.58444
vertex 25.8709 12.1475 6.98144
endloop
endfacet

facet normal 0.77215 -0.598377 0.213844
outer loop
vertex 18.1201 -4.05002 33.3927
vertex 17.4176 -4.17292 35.5854
vertex 16.6603 -5.27022 35.2498
endloop
endfacet

facet normal -0.149942 -0.887791 -0.435137
outer loop
vertex -9.30189 -26.7941 -16.5655
vertex -5.13339 -26.9485 -17.6869
vertex -3.47969 -28.5429 -15.0037
endloop
endfacet

facet normal 0.410119 -0.820773 0.397661
outer loop
vertex -39.4272 -4.13902 10.9315
vertex -38.8026 -3.87432 10.8337
vertex -38.4086 -3.44482 11.3138
endloop
endfacet

facet normal 0.568309 0.749591 0.33932
outer loop
vertex 14.4061 17.9303 15.9141
vertex 10.3892 20.4433 17.0903
vertex 12.3431 18.3305 18.4852
endloop
endfacet

facet normal -0.197932 0.464853 0.86298
outer loop
vertex -4.03839 23.9988 -7.33176
vertex -4.78779 22.7273 -6.81876
vertex -3.49619 22.576 -6.44096
endloop
endfacet

facet normal -0.752849 0.25811 -0.605473
outer loop
vertex 30.8306 7.56988 -6.47036
vertex 29.2714 2.09608 -6.86516
vertex 29.7361 5.96498 -5.79366
endloop
endfacet

facet normal 0.846573 0.284928 -0.449589
outer loop
vertex -12.6995 6.90538 -41.9401
vertex -12.3854 8.74788 -40.1809
vertex -11.2714 2.33638 -42.1464
endloop
endfacet

facet normal -0.0715183 -0.394912 -0.915931
outer loop
vertex -14.9397 12.8275 27.389
vertex -15.718 11.6794 27.9448
vertex -15.2295 14.3341 26.7621
endloop
endfacet

facet normal 0.547827 0.829736 -0.106885
outer loop
vertex 7.08091 -11.135 25.252
vertex 7.71501 -11.5283 25.4487
vertex 7.77791 -11.742 24.1119
endloop
endfacet

facet normal -0.0326363 -0.773721 0.632685
outer loop
vertex -3.27329 -24.0862 4.91194
vertex 1.20951 -22.9541 6.52764
vertex -1.23499 -21.2262 8.51464
endloop
endfacet

facet normal 0.777966 0.120125 -0.616716
outer loop
vertex 39.3237 6.62138 -10.5375
vertex 39.3683 8.04518 -10.2039
vertex 39.8675 6.61138 -9.85336
endloop
endfacet

facet normal -0.945 0.165268 -0.282245
outer loop
vertex 31.8833 1.36608 11.4906
vertex 32.497 2.29198 9.97814
vertex 33.0302 1.98588 8.01364
endloop
endfacet

facet normal 0.747783 0.641728 0.170309
outer loop
vertex 17.5929 17.8164 8.39464
vertex 14.6809 19.9924 12.9811
vertex 16.2372 18.418 12.0805
endloop
endfacet

facet normal 0.620607 0.542714 -0.565959
outer loop
vertex 11.5821 -7.42582 31.677
vertex 11.2485 -6.26532 32.4241
vertex 12.2933 -7.41782 32.4646
endloop
endfacet

facet normal 0.161141 -0.715838 0.679418
outer loop
vertex 16.3013 -6.63442 -40.7397
vertex 17.3813 -9.03192 -43.5219
vertex 17.8127 -6.21582 -40.6571
endloop
endfacet

facet normal 0.0330199 -0.995566 -0.0880759
outer loop
vertex 13.8972 -8.84082 30.4964
vertex 15.1251 -8.76452 30.094
vertex 15.5204 -8.80542 30.7052
endloop
endfacet

facet normal -0.583948 0.811272 -0.0290342
outer loop
vertex 12.3799 12.2073 -48.0335
vertex 11.0049 11.2686 -46.61
vertex 13.2271 12.8589 -46.8677
endloop
endfacet

facet normal -0.0324653 0.0168188 -0.999331
outer loop
vertex -12.6213 4.82928 -46.6757
vertex -13.1671 1.09038 -46.7209
vertex -15.9394 1.82898 -46.6184
endloop
endfacet

facet normal 0.437992 0.894039 -0.0941133
outer loop
vertex 36.5971 4.57198 4.53434
vertex 37.6611 4.10458 5.04634
vertex 38.859 3.03158 0.428235
endloop
endfacet

facet normal -0.886687 0.0163074 0.462083
outer loop
vertex -11.7103 -13.495 25.7216
vertex -11.3689 -14.4686 26.4111
vertex -11.1633 -13.9883 26.7886
endloop
endfacet

facet normal -0.447651 -0.88255 -0.143923
outer loop
vertex 12.7705 -3.65012 14.3067
vertex 14.5061 -4.36042 13.264
vertex 15.1941 -5.10012 15.66
endloop
endfacet

facet normal -0.610497 0.786763 0.0910848
outer loop
vertex -22.3272 20.5914 -3.94516
vertex -19.1951 22.4313 1.15564
vertex -18.9575 23.2966 -4.72606
endloop
endfacet

facet normal 0.506141 0.196134 -0.839853
outer loop
vertex -12.9117 0.253181 -43.6215
vertex -12.6995 6.90538 -41.9401
vertex -11.2714 2.33638 -42.1464
endloop
endfacet

facet normal 0.954473 -0.26255 -0.141596
outer loop
vertex -36.3952 -5.82062 -8.52956
vertex -36.253 -4.84932 -9.37216
vertex -35.348 -3.19412 -6.34096
endloop
endfacet

facet normal 0.499641 0.827112 -0.257381
outer loop
vertex -8.59429 21.3479 19.2838
vertex -9.71639 22.3231 20.2393
vertex -8.73439 21.6638 20.0269
endloop
endfacet

facet normal -0.361293 -0.415295 0.834864
outer loop
vertex 14.3885 -12.7447 -46.7282
vertex 15.9545 -12.734 -46.0452
vertex 14.922 -10.8149 -45.5374
endloop
endfacet

facet normal -0.0224496 0.486535 -0.873373
outer loop
vertex 15.002 12.5432 -48.2217
vertex 16.4453 11.7438 -48.7041
vertex 12.7705 11.434 -48.7822
endloop
endfacet

facet normal 0.637135 0.767657 -0.0690107
outer loop
vertex 11.8875 21.8707 16.2383
vertex 11.6298 22.2048 17.575
vertex 13.5574 20.6926 18.5508
endloop
endfacet

facet normal -0.253138 -0.869756 0.423611
outer loop
vertex -6.98589 -24.5237 4.05374
vertex -10.0279 -23.7788 3.76534
vertex -8.52549 -26.0003 0.102135
endloop
endfacet

facet normal -0.203829 -0.442948 -0.87307
outer loop
vertex -42.255 0.207181 -17.8959
vertex -43.0494 1.38098 -18.306
vertex -39.326 0.911081 -18.9368
endloop
endfacet

facet normal 0.667828 -0.268594 0.694163
outer loop
vertex 18.1729 -6.62562 -16.1134
vertex 17.3439 -8.53712 -16.0554
vertex 18.9391 -7.09172 -17.0308
endloop
endfacet

facet normal 0.845587 -0.142909 -0.514354
outer loop
vertex -42.1261 5.89058 -16.7025
vertex -40.9107 4.45958 -14.3069
vertex -41.5804 3.78558 -15.2205
endloop
endfacet

facet normal -0.802377 0.298085 0.517046
outer loop
vertex 34.0771 -0.895419 -15.0235
vertex 35.301 3.57498 -15.7014
vertex 34.2823 3.08448 -16.9996
endloop
endfacet

facet normal 0.604938 -0.769864 0.203369
outer loop
vertex -11.7629 -16.0675 14.9193
vertex -11.5307 -13.8625 22.5754
vertex -12.2341 -16.4671 14.8078
endloop
endfacet

facet normal 0.665658 -0.698698 0.262148
outer loop
vertex 8.51701 -13.1509 20.5978
vertex 7.37271 -12.9661 23.996
vertex 6.91641 -14.0669 22.2206
endloop
endfacet

facet normal -0.142147 0.33599 0.931077
outer loop
vertex -6.05319 4.49388 36.0882
vertex -9.66679 1.54438 36.6008
vertex -5.23229 3.61928 36.5291
endloop
endfacet

facet normal 0.329784 0.856565 0.396913
outer loop
vertex 10.129 24.2881 3.03174
vertex 5.92101 22.0124 11.4393
vertex 11.8774 21.0649 8.53514
endloop
endfacet

facet normal 0.847475 -0.412938 -0.333569
outer loop
vertex 17.9035 -18.1856 -13.3183
vertex 15.5839 -20.7555 -16.0303
vertex 20.7989 -11.3222 -14.4586
endloop
endfacet

facet normal 0.753907 -0.5135 -0.409807
outer loop
vertex 12.0844 -13.1797 7.72614
vertex 14.1546 -10.0779 7.64804
vertex 14.0204 -12.2369 10.1062
endloop
endfacet

facet normal -0.879787 -0.411906 0.237294
outer loop
vertex -11.7543 -15.2646 22.3185
vertex -10.4414 -17.3496 23.5668
vertex -11.1882 -15.3601 24.2515
endloop
endfacet

facet normal 0.0799157 -0.13665 0.987391
outer loop
vertex -5.23229 3.61928 36.5291
vertex -9.66679 1.54438 36.6008
vertex -5.80259 -2.89512 35.6737
endloop
endfacet

facet normal 0.502968 -0.851305 0.149343
outer loop
vertex 19.2962 -4.47432 16.4582
vertex 22.045 -3.77352 11.1955
vertex 18.9582 -3.87942 20.9879
endloop
endfacet

facet normal 0.894949 -0.232987 0.380504
outer loop
vertex 25.6398 -1.91612 -8.21496
vertex 24.4523 -4.17602 -6.80576
vertex 25.8968 -3.67622 -9.89716
endloop
endfacet

facet normal 0.542363 0.168027 0.82317
outer loop
vertex -33.1151 8.37458 6.31304
vertex -33.8336 13.3745 5.76584
vertex -38.2249 10.8291 9.17874
endloop
endfacet

facet normal -0.101494 0.86093 0.498497
outer loop
vertex 4.16781 18.9543 21.586
vertex 2.41181 16.214 25.961
vertex 4.86901 17.8081 23.7083
endloop
endfacet

facet normal 0.245649 0.494506 0.833739
outer loop
vertex 9.48671 11.8172 30.7589
vertex 5.99181 12.6669 31.2846
vertex 9.48081 9.69468 32.0195
endloop
endfacet

facet normal -0.163776 0.62113 -0.766404
outer loop
vertex 13.8972 -8.84082 30.4964
vertex 11.1861 -7.98482 31.7695
vertex 13.107 -8.07132 31.2889
endloop
endfacet

facet normal 0.80956 0.287899 -0.511591
outer loop
vertex -12.6581 8.09928 -38.4913
vertex -8.31249 7.86398 -31.7471
vertex -9.00789 3.06778 -35.5465
endloop
endfacet

facet normal 0.187548 0.144435 -0.971578
outer loop
vertex 11.1492 -6.35252 31.753
vertex 11.5821 -7.42582 31.677
vertex 9.65381 -6.13472 31.4967
endloop
endfacet

facet normal -0.506949 -0.757109 -0.412055
outer loop
vertex 6.38681 -3.40522 -35.2647
vertex 9.53521 -3.92432 -38.1843
vertex 15.1273 -8.25332 -37.1103
endloop
endfacet

facet normal 0.822447 -0.543013 0.169465
outer loop
vertex 22.1347 -3.51842 -37.818
vertex 20.6766 -5.89332 -38.3508
vertex 23.3818 -1.90342 -38.6953
endloop
endfacet

facet normal 0.66589 -0.561834 0.490849
outer loop
vertex 21.2168 -12.1408 -46.6728
vertex 21.4865 -12.8025 -47.7961
vertex 21.9413 -11.7032 -47.1548
endloop
endfacet

facet normal -0.261057 0.210328 -0.942131
outer loop
vertex -28.7749 -1.17612 -15.4609
vertex -29.1147 2.03778 -14.6493
vertex -26.3264 0.433881 -15.78
endloop
endfacet

facet normal -0.343679 -0.647546 0.680124
outer loop
vertex -4.24419 -8.98772 33.7552
vertex -2.25669 -8.92212 34.822
vertex -2.93789 -5.64222 37.6005
endloop
endfacet

facet normal 0.908851 -0.0201267 0.416634
outer loop
vertex 36.2502 7.07158 3.69694
vertex 36.1322 3.09498 3.76224
vertex 36.7616 2.27278 2.34954
endloop
endfacet

facet normal -0.174183 0.655152 -0.735143
outer loop
vertex -21.3444 12.9365 -46.5235
vertex -17.8576 13.9081 -46.4837
vertex -20.4813 12.4972 -47.1195
endloop
endfacet

facet normal 0.0676952 -0.986978 -0.145914
outer loop
vertex 2.77731 -16.5442 -20.5538
vertex -3.86999 -17.0149 -20.454
vertex -2.49399 -16.659 -22.2229
endloop
endfacet

facet normal -0.422469 -0.381713 0.82208
outer loop
vertex 25.8785 -4.67652 14.0899
vertex 26.2113 -5.54552 13.8574
vertex 27.9916 -3.78082 15.5917
endloop
endfacet

facet normal 0.571324 -0.791112 0.218475
outer loop
vertex 27.9916 -3.78082 15.5917
vertex 26.2113 -5.54552 13.8574
vertex 28.6231 -3.27732 15.7636
endloop
endfacet

facet normal -0.342041 -0.804206 0.486067
outer loop
vertex -11.429 -5.64612 32.0579
vertex -12.5326 -7.68202 27.9128
vertex -11.8306 -9.03162 26.1738
endloop
endfacet

facet normal -0.328435 0.869404 0.369144
outer loop
vertex 6.47601 22.8441 18.6344
vertex 4.70061 21.6761 19.8057
vertex 5.73461 21.7133 20.6381
endloop
endfacet

facet normal -0.163384 -0.298211 -0.940413
outer loop
vertex 6.97851 18.2187 24.6862
vertex 6.58651 19.3858 24.3842
vertex 7.94801 18.3863 24.4646
endloop
endfacet

facet normal -0.532545 -0.676265 -0.50898
outer loop
vertex -26.6722 -8.69022 -13.9342
vertex -24.0986 -9.79762 -15.1556
vertex -21.7218 -11.6466 -15.1857
endloop
endfacet

facet normal 0.887175 -0.303301 0.347748
outer loop
vertex 4.22301 -17.614 29.2066
vertex 3.16231 -20.2099 29.6485
vertex 4.22281 -18.3398 28.574
endloop
endfacet

facet normal 0.0691872 0.82535 -0.560367
outer loop
vertex 3.71701 24.5945 -6.91776
vertex 4.91461 26.1291 -4.50976
vertex 9.54061 24.9958 -5.60776
endloop
endfacet

facet normal 0.0842593 0.903691 -0.419812
outer loop
vertex 14.7604 14.752 -27.8582
vertex 9.06461 16.5999 -25.0237
vertex 11.9317 17.5034 -22.5033
endloop
endfacet

facet normal 0.0543589 -0.586154 -0.808374
outer loop
vertex 37.1199 -1.16832 -18.9908
vertex 35.5776 -2.85092 -17.8744
vertex 32.8278 -1.90282 -18.7468
endloop
endfacet

facet normal 0.152288 -0.0649046 -0.986203
outer loop
vertex 35.0785 -4.54302 -3.90016
vertex 34.8317 -5.35512 -3.88486
vertex 33.145 -5.75572 -4.11896
endloop
endfacet

facet normal -0.794855 -0.591388 -0.135884
outer loop
vertex 21.3961 -1.25702 1.36744
vertex 22.4326 -2.85162 2.24424
vertex 22.3295 -3.13702 4.08974
endloop
endfacet

facet normal 0.287828 -0.302506 -0.90865
outer loop
vertex 17.4525 -14.5382 -47.8268
vertex 16.5723 -14.7524 -48.0343
vertex 18.8585 -12.7358 -47.9815
endloop
endfacet

facet normal 0.821349 -0.543845 0.172098
outer loop
vertex 12.0844 -13.1797 7.72614
vertex 13.7383 -11.2105 6.05584
vertex 14.1546 -10.0779 7.64804
endloop
endfacet

facet normal -0.541951 0.398197 0.740087
outer loop
vertex 11.7768 16.9343 26.8143
vertex 11.5532 15.0469 27.666
vertex 12.1184 14.4246 28.4147
endloop
endfacet

facet normal -0.0617567 0.997997 0.013758
outer loop
vertex 17.6026 2.01508 34.2448
vertex 19.1169 2.11338 33.9122
vertex 18.427 2.09838 31.9045
endloop
endfacet

facet normal -0.0475989 0.995849 0.077578
outer loop
vertex 19.1169 2.11338 33.9122
vertex 17.6026 2.01508 34.2448
vertex 17.9124 2.00128 34.6121
endloop
endfacet

facet normal 0.423013 -0.419986 0.802915
outer loop
vertex 31.4504 -0.448019 -15.1936
vertex 32.6155 -0.204319 -15.6799
vertex 30.9705 0.0305806 -14.6904
endloop
endfacet

facet normal -0.365266 0.223932 -0.903568
outer loop
vertex -15.7157 17.7393 24.8366
vertex -13.9699 19.1673 24.4848
vertex -13.8529 18.2378 24.2071
endloop
endfacet

facet normal -0.0330226 -0.911397 -0.410201
outer loop
vertex 2.37881 -22.7118 28.0421
vertex 2.29871 -22.3007 27.135
vertex 3.79331 -21.8286 25.9657
endloop
endfacet

facet normal -0.668376 0.212983 0.71268
outer loop
vertex 28.9581 4.56738 12.5894
vertex 28.5487 1.86338 13.0135
vertex 29.5987 2.54488 13.7946
endloop
endfacet

facet normal -0.814092 -0.0125128 0.580601
outer loop
vertex -28.3127 -6.30692 -46.7877
vertex -27.6203 -6.50062 -45.821
vertex -27.4348 -5.18692 -45.5326
endloop
endfacet

facet normal 0.989063 -0.146781 -0.0144594
outer loop
vertex -32.6214 2.10508 -5.72106
vertex -33.2981 -2.57332 -4.51506
vertex -33.057 -0.835719 -5.66006
endloop
endfacet

facet normal 0.709581 -0.459249 0.534402
outer loop
vertex 36.2576 1.23308 2.21804
vertex 36.3286 0.898281 1.83604
vertex 36.8406 1.48858 1.66354
endloop
endfacet

facet normal 0.669615 0.240847 0.702573
outer loop
vertex 4.36681 16.16 26.7018
vertex 4.10151 16.6979 26.7702
vertex 3.50031 14.3894 28.1346
endloop
endfacet

facet normal -0.544932 0.740482 0.393364
outer loop
vertex -19.1951 22.4313 1.15564
vertex -18.5851 20.4403 5.74864
vertex -16.2751 23.0399 4.05504
endloop
endfacet

facet normal -0.0477741 -0.950131 0.308171
outer loop
vertex 6.26941 -14.883 25.512
vertex 5.68421 -15.1163 24.7022
vertex 6.84531 -15.2792 24.3799
endloop
endfacet

facet normal -0.466961 -0.414161 -0.781292
outer loop
vertex -20.7789 -14.6628 -48.2428
vertex -23.0147 -12.7135 -47.9398
vertex -23.1163 -10.388 -49.1118
endloop
endfacet

facet normal -0.853372 0.443148 0.274547
outer loop
vertex -27.3645 7.89288 -38.555
vertex -25.1139 9.99308 -34.9497
vertex -24.9985 11.8455 -37.581
endloop
endfacet

facet normal 0.452501 -0.287628 -0.844105
outer loop
vertex 25.2191 -3.39802 -14.4076
vertex 21.0862 -9.26212 -14.625
vertex 21.9408 -6.08292 -15.2502
endloop
endfacet

facet normal 0.542489 0.435571 -0.71832
outer loop
vertex 37.3855 4.42578 -15.5779
vertex 37.4261 3.42988 -16.1512
vertex 35.741 3.73008 -17.2417
endloop
endfacet

facet normal 0.34999 0.417453 0.838594
outer loop
vertex 12.4099 20.5259 -9.45196
vertex 9.32671 21.6104 -8.70506
vertex 11.1048 20.4771 -8.88296
endloop
endfacet

facet normal 0.251771 0.738858 0.62506
outer loop
vertex 12.203 18.4107 19.2821
vertex 9.00821 20.3915 18.2276
vertex 12.6227 17.0314 20.7434
endloop
endfacet

facet normal -0.219236 -0.296054 -0.929671
outer loop
vertex -9.78859 -5.35072 -29.5406
vertex -10.9602 -10.3195 -27.682
vertex -12.84 -9.07842 -27.634
endloop
endfacet

facet normal -0.00276427 -0.860419 -0.509579
outer loop
vertex -0.276893 -28.4942 -15.1033
vertex -3.47969 -28.5429 -15.0037
vertex -5.13339 -26.9485 -17.6869
endloop
endfacet

facet normal 0.609555 -0.373935 0.699011
outer loop
vertex 18.1729 -6.62562 -16.1134
vertex 18.9391 -7.09172 -17.0308
vertex 19.455 -4.55192 -16.1221
endloop
endfacet

facet normal -0.938523 0.204283 -0.278286
outer loop
vertex 5.81021 0.671181 -39.4422
vertex 6.02901 2.68028 -38.7053
vertex 6.54591 0.186281 -42.2792
endloop
endfacet

facet normal -0.922468 0.241018 -0.301599
outer loop
vertex 6.02901 2.68028 -38.7053
vertex 7.94191 8.06038 -40.2565
vertex 6.54591 0.186281 -42.2792
endloop
endfacet

facet normal -0.664532 0.16876 0.727954
outer loop
vertex -20.8346 0.944481 31.6339
vertex -16.9728 4.68218 34.2928
vertex -21.7083 4.20928 30.0795
endloop
endfacet

facet normal -0.555616 0.822993 -0.11821
outer loop
vertex -24.9985 11.8455 -37.581
vertex -23.2368 13.2964 -35.7602
vertex -22.4224 13.5404 -37.8896
endloop
endfacet

facet normal 0.45444 -0.795573 0.400684
outer loop
vertex 0.597707 -24.4798 23.4474
vertex 2.65691 -23.1623 23.7279
vertex 1.66121 -23.0094 25.1607
endloop
endfacet

facet normal -0.771192 -0.523956 -0.361569
outer loop
vertex -18.0894 -21.1015 -17.0839
vertex -19.7852 -20.9556 -13.6785
vertex -22.497 -16.7936 -13.9256
endloop
endfacet

facet normal -0.924414 0.2759 -0.263319
outer loop
vertex 35.0785 -4.54302 -3.90016
vertex 35.3505 -4.97792 -5.31086
vertex 34.8317 -5.35512 -3.88486
endloop
endfacet

facet normal 0.944199 -0.322113 -0.068784
outer loop
vertex 39.5582 -3.06012 -11.1278
vertex 39.6035 -3.24102 -9.65866
vertex 39.1144 -4.36842 -11.0928
endloop
endfacet

facet normal -0.00215952 0.198686 -0.980061
outer loop
vertex -2.73189 -18.952 -20.2868
vertex 5.65781 -17.5244 -20.0158
vertex 7.61041 -21.3638 -20.7985
endloop
endfacet

facet normal 0.770106 -0.207072 -0.603372
outer loop
vertex -36.6788 -0.156019 -16.1403
vertex -38.2878 0.558481 -18.4392
vertex -36.3869 0.968781 -16.1538
endloop
endfacet

facet normal -0.2545 0.924135 -0.284963
outer loop
vertex 28.0856 10.5227 2.92904
vertex 29.8157 9.93588 -0.519065
vertex 27.3646 9.10708 -1.01766
endloop
endfacet

facet normal 0.128492 0.925794 -0.355522
outer loop
vertex 27.3087 10.2828 2.02374
vertex 28.0856 10.5227 2.92904
vertex 27.3646 9.10708 -1.01766
endloop
endfacet

facet normal 0.955627 -0.288385 0.0600914
outer loop
vertex 30.541 14.4629 14.4058
vertex 30.3838 14.0367 14.8608
vertex 30.0638 12.3056 11.641
endloop
endfacet

facet normal 0.231791 0.104337 0.967154
outer loop
vertex -14.1142 19.122 26.0743
vertex -15.9708 17.467 26.6978
vertex -15.3077 17.0744 26.5812
endloop
endfacet

facet normal 0.994161 -0.0487692 0.0962533
outer loop
vertex -36.1165 -6.50702 -11.6222
vertex -36.1263 -5.32602 -10.923
vertex -36.253 -4.84932 -9.37216
endloop
endfacet

facet normal -0.40532 -0.427681 0.807963
outer loop
vertex -17.6964 -1.87832 33.5772
vertex -17.1924 -3.60192 32.9177
vertex -14.5736 -0.659219 35.789
endloop
endfacet

facet normal -0.737841 -0.435446 0.51573
outer loop
vertex -25.2878 -5.04612 -38.2808
vertex -25.5039 -2.86382 -36.7474
vertex -27.8727 -1.12532 -38.6685
endloop
endfacet

facet normal -0.950376 -0.304185 -0.0652411
outer loop
vertex 30.5174 -5.83632 -8.73696
vertex 30.0457 -4.57162 -7.76206
vertex 30.2379 -4.82292 -9.38946
endloop
endfacet

facet normal -0.917238 -0.322193 0.234236
outer loop
vertex -22.7845 -6.04532 -0.436865
vertex -24.3107 -0.631219 1.03374
vertex -24.9516 -0.0638194 -0.695265
endloop
endfacet

facet normal -0.386218 -0.767577 0.511528
outer loop
vertex 17.3813 -9.03192 -43.5219
vertex 16.3013 -6.63442 -40.7397
vertex 14.4967 -7.61512 -43.5738
endloop
endfacet

facet normal 0.702025 -0.708275 -0.0742082
outer loop
vertex -24.3107 -0.631219 1.03374
vertex -24.1091 -0.655619 3.17404
vertex -26.9602 -3.19362 0.425535
endloop
endfacet

facet normal 0.659526 -0.751616 0.00990036
outer loop
vertex -26.5656 -2.76622 6.57954
vertex -26.9602 -3.19362 0.425535
vertex -24.1091 -0.655619 3.17404
endloop
endfacet

facet normal 0.0401946 -0.728776 -0.683572
outer loop
vertex -41.3181 -5.64752 -16.5239
vertex -39.3495 -4.74852 -17.3667
vertex -38.8467 -5.50372 -16.532
endloop
endfacet

facet normal 0.353389 0.842422 -0.406745
outer loop
vertex -22.6401 14.0452 11.5356
vertex -27.2056 12.9459 5.29204
vertex -24.3393 14.9147 11.8601
endloop
endfacet

facet normal 0.407176 0.819052 0.404181
outer loop
vertex -38.4143 -0.208019 -15.7727
vertex -37.8103 -0.778519 -15.2251
vertex -37.227 -0.500219 -16.3768
endloop
endfacet

facet normal 0.195467 -0.0899873 -0.976573
outer loop
vertex 24.974 -6.04832 -48.4853
vertex 23.7475 -10.1235 -48.3553
vertex 21.8064 -11.788 -48.5904
endloop
endfacet

facet normal 0.22046 -0.887141 -0.405436
outer loop
vertex -20.7866 -8.29662 -38.8704
vertex -18.5211 -7.88412 -38.541
vertex -21.2885 -8.97762 -37.6533
endloop
endfacet

facet normal -0.10386 -0.484051 -0.868854
outer loop
vertex -15.2559 15.7812 25.5762
vertex -16.5357 12.7225 27.4333
vertex -17.0171 14.6569 26.4131
endloop
endfacet

facet normal 0.349633 -0.896385 0.272489
outer loop
vertex 19.0033 -6.60182 -32.0847
vertex 15.3067 -8.23232 -32.7052
vertex 18.6453 -7.80742 -35.5912
endloop
endfacet

facet normal -0.767632 -0.390331 0.508314
outer loop
vertex -21.922 -14.2718 -5.45146
vertex -17.25 -17.6531 -0.992565
vertex -22.7845 -6.04532 -0.436865
endloop
endfacet

facet normal -0.738019 0.615536 -0.276484
outer loop
vertex 24.9099 9.58068 2.98524
vertex 25.0575 9.00388 1.30714
vertex 23.1958 6.59978 0.924435
endloop
endfacet

facet normal -0.732259 0.314698 -0.603955
outer loop
vertex 37.3778 13.4949 3.21834
vertex 38.4958 13.4704 1.85014
vertex 36.0885 10.8449 3.40074
endloop
endfacet

facet normal 0.581072 -0.149508 -0.800001
outer loop
vertex -17.8667 -6.45942 -48.7193
vertex -16.8552 -5.14722 -48.2299
vertex -16.9883 -7.46142 -47.8941
endloop
endfacet

facet normal -0.0266312 0.941476 0.336026
outer loop
vertex -8.61389 24.1979 -9.80266
vertex -10.7822 23.7897 -8.83086
vertex -9.18209 23.7125 -8.48766
endloop
endfacet

facet normal 0.894188 0.359518 -0.266784
outer loop
vertex -34.3842 6.33178 -5.93356
vertex -34.4643 7.20938 -5.01926
vertex -32.6214 2.10508 -5.72106
endloop
endfacet

facet normal -0.0386435 0.19169 -0.980695
outer loop
vertex 13.8715 13.9076 -46.6881
vertex 16.5781 12.4141 -47.0867
vertex 13.2271 12.8589 -46.8677
endloop
endfacet

facet normal -0.614986 -0.549593 -0.565456
outer loop
vertex 9.53521 -3.92432 -38.1843
vertex 6.38681 -3.40522 -35.2647
vertex 5.89811 0.715081 -38.7379
endloop
endfacet

facet normal -0.544347 0.0388051 -0.837962
outer loop
vertex 13.5695 0.465581 -48.3327
vertex 13.4277 -6.17022 -48.5479
vertex 12.5531 -5.99152 -47.9714
endloop
endfacet

facet normal 0.273636 -0.357485 0.892932
outer loop
vertex -20.2081 -13.0765 -46.1086
vertex -18.8399 -12.9978 -46.4964
vertex -19.1023 -10.647 -45.4749
endloop
endfacet

facet normal 0.407453 0.885704 -0.222512
outer loop
vertex 7.77791 -11.742 24.1119
vertex 8.52771 -13.2472 19.4934
vertex 7.08091 -11.135 25.252
endloop
endfacet

facet normal 0.841815 0.538371 -0.0387921
outer loop
vertex 8.52771 -13.2472 19.4934
vertex 7.77791 -11.742 24.1119
vertex 8.51701 -13.1509 20.5978
endloop
endfacet

facet normal -0.0886019 0.909254 -0.406703
outer loop
vertex 29.8157 9.93588 -0.519065
vertex 34.2789 8.50498 -4.69036
vertex 30.6945 7.86998 -5.32906
endloop
endfacet

facet normal 0.711272 -0.489282 -0.504674
outer loop
vertex -8.60309 19.3456 21.2127
vertex -8.93839 20.0258 20.0806
vertex -8.59429 21.3479 19.2838
endloop
endfacet

facet normal -0.923018 0.303511 0.236471
outer loop
vertex -19.9136 13.0925 18.6146
vertex -18.9016 14.1752 21.1751
vertex -19.7017 14.8234 17.2201
endloop
endfacet

facet normal -0.923955 0.298762 0.238849
outer loop
vertex -18.9016 14.1752 21.1751
vertex -19.9136 13.0925 18.6146
vertex -19.2132 12.9168 21.5438
endloop
endfacet

facet normal 0.775949 0.00320285 0.630787
outer loop
vertex 20.5968 1.50968 0.0649352
vertex 22.1488 6.35678 -1.86876
vertex 19.4109 6.20558 1.50004
endloop
endfacet

facet normal 0.415584 0.18215 -0.891129
outer loop
vertex 14.3526 -4.79812 35.0387
vertex 12.8962 -4.08352 34.5056
vertex 13.3459 -3.59212 34.8157
endloop
endfacet

facet normal 0.801369 0.502239 -0.324906
outer loop
vertex 28.7268 13.3215 8.83694
vertex 30.5988 9.29158 7.22484
vertex 28.0856 10.5227 2.92904
endloop
endfacet

facet normal -0.862798 0.151762 -0.482231
outer loop
vertex 8.94551 8.14428 -42.0204
vertex 8.63951 1.09058 -43.6927
vertex 8.16631 0.0197806 -43.183
endloop
endfacet

facet normal -0.799447 0.0279256 0.600087
outer loop
vertex -40.21 10.4664 13.2035
vertex -41.0129 -3.72922 12.7946
vertex -39.5208 -3.11252 14.7536
endloop
endfacet

facet normal -0.506226 -0.633258 0.585423
outer loop
vertex -4.18429 -27.2337 21.2937
vertex -3.66149 -26.6521 22.3749
vertex -5.10209 -26.0202 21.8129
endloop
endfacet

facet normal 0.591498 0.783813 -0.189121
outer loop
vertex -22.6401 14.0452 11.5356
vertex -20.5923 13.1277 14.1374
vertex -21.0713 13.0318 12.2421
endloop
endfacet

facet normal -0.0856586 0.868908 -0.487505
outer loop
vertex 9.06461 16.5999 -25.0237
vertex 11.2317 15.0982 -28.081
vertex 7.29621 15.6148 -26.4688
endloop
endfacet

facet normal 0.441387 -0.0361228 -0.89659
outer loop
vertex -46.6655 1.31958 -10.6019
vertex -45.7391 3.67388 -10.2407
vertex -45.8704 0.0572806 -10.1596
endloop
endfacet

facet normal -0.399424 0.359453 -0.843359
outer loop
vertex -21.3444 12.9365 -46.5235
vertex -20.4813 12.4972 -47.1195
vertex -22.7274 10.7787 -46.7882
endloop
endfacet

facet normal 0.981598 -0.140283 0.12956
outer loop
vertex 18.1967 -2.95782 33.9957
vertex 18.1201 -4.05002 33.3927
vertex 18.3212 -3.03072 32.973
endloop
endfacet

facet normal 0.530432 -0.828891 -0.177714
outer loop
vertex 35.741 3.73008 -17.2417
vertex 36.7113 4.45588 -17.7306
vertex 37.3855 4.42578 -15.5779
endloop
endfacet

facet normal 0.56913 -0.363882 0.737347
outer loop
vertex 24.7839 -9.28622 -47.6567
vertex 24.8897 -7.55842 -46.8857
vertex 23.9619 -7.79122 -46.2844
endloop
endfacet

facet normal -0.152982 0.975661 0.157108
outer loop
vertex 14.3631 2.18088 36.1618
vertex 13.3967 1.91638 36.8634
vertex 15.5583 2.13288 37.6238
endloop
endfacet

facet normal 0.311736 -0.320396 -0.89452
outer loop
vertex 18.3137 -10.6661 -48.9126
vertex 18.8585 -12.7358 -47.9815
vertex 17.2024 -12.3146 -48.7094
endloop
endfacet

facet normal 0.353307 -0.658008 -0.664981
outer loop
vertex 7.65521 -22.1078 -20.4344
vertex 13.8215 -20.3046 -18.9425
vertex 8.36621 -24.925 -17.269
endloop
endfacet

facet normal -0.257201 0.963665 -0.0720871
outer loop
vertex -20.4882 13.1034 -43.7182
vertex -17.7502 14.1675 -39.2623
vertex -17.913 13.6999 -44.9314
endloop
endfacet

facet normal -0.40176 -0.324207 -0.856434
outer loop
vertex -31.523 2.22688 -5.43026
vertex -30.5073 2.27028 -5.92316
vertex -31.7007 -1.89422 -3.78676
endloop
endfacet

facet normal 0.826775 0.507216 0.243261
outer loop
vertex -40.4215 4.89978 -19.7025
vertex -41.3496 5.51608 -17.8333
vertex -40.3043 4.23318 -18.7111
endloop
endfacet

facet normal -0.648574 0.700474 -0.297805
outer loop
vertex 25.0575 9.00388 1.30714
vertex 24.9099 9.58068 2.98524
vertex 26.3602 10.7856 2.66084
endloop
endfacet

facet normal 0.724073 0.56065 -0.401734
outer loop
vertex 19.9832 7.78578 -48.5591
vertex 17.3066 11.7253 -47.8855
vertex 20.4212 7.80698 -47.7401
endloop
endfacet

facet normal -0.760451 -0.570855 0.309577
outer loop
vertex -27.5397 -11.2298 -48.1802
vertex -26.8945 -11.4476 -46.997
vertex -27.9023 -10.251 -47.266
endloop
endfacet

facet normal 0.290563 0.238014 0.926781
outer loop
vertex 16.5262 -7.12702 30.268
vertex 15.4296 -5.96002 30.3121
vertex 15.0207 -7.38792 30.807
endloop
endfacet

facet normal -0.0871463 -0.938019 -0.335448
outer loop
vertex -16.7618 -10.4861 -26.2042
vertex -18.557 -8.44472 -31.4463
vertex -15.6572 -7.80672 -33.9837
endloop
endfacet

facet normal 0.780703 0.483906 0.395395
outer loop
vertex 12.5045 -5.35042 15.9425
vertex 11.5235 -3.78772 15.9669
vertex 12.2175 -7.77942 19.4819
endloop
endfacet

facet normal 0.945803 -0.222057 0.236956
outer loop
vertex -23.1706 -12.5592 -46.9942
vertex -23.0008 -10.8221 -46.0441
vertex -22.9943 -10.0835 -45.3781
endloop
endfacet

facet normal -0.864673 0.047932 -0.500043
outer loop
vertex -16.3957 17.2422 25.5863
vertex -16.0644 16.8756 24.9784
vertex -17.0171 14.6569 26.4131
endloop
endfacet

facet normal -0.721834 -0.686352 0.0887498
outer loop
vertex -7.30479 -24.0804 20.3005
vertex -4.03579 -27.5862 19.7758
vertex -4.18429 -27.2337 21.2937
endloop
endfacet

facet normal -0.129511 0.967445 -0.217433
outer loop
vertex 36.089 7.20028 -12.0412
vertex 36.381 6.44838 -15.5608
vertex 35.01 5.96628 -16.8894
endloop
endfacet

facet normal 0.853135 -0.518409 -0.0584253
outer loop
vertex 12.9469 -14.184 11.7096
vertex 14.0204 -12.2369 10.1062
vertex 15.1885 -10.4759 11.5391
endloop
endfacet

facet normal -0.368153 -0.7555 0.541926
outer loop
vertex -14.2262 -10.5311 20.4453
vertex -12.3992 -13.5173 17.5233
vertex -11.473 -13.0479 18.8069
endloop
endfacet

facet normal 0.666497 -0.0554013 0.743446
outer loop
vertex -36.6428 -2.51672 -16.4013
vertex -37.8103 -0.778519 -15.2251
vertex -38.09 -1.95632 -15.0621
endloop
endfacet

facet normal 0.15388 0.464677 0.872007
outer loop
vertex 15.4413 2.01088 36.3005
vertex 16.7567 5.29008 34.321
vertex 14.5573 6.11038 34.272
endloop
endfacet

facet normal -0.591155 -0.605019 -0.533374
outer loop
vertex 33.3212 -8.18592 -2.88506
vertex 30.5989 -8.12902 0.0676352
vertex 31.7857 -7.25752 -2.23636
endloop
endfacet

facet normal 0.725503 -0.683779 -0.0780453
outer loop
vertex -43.2176 3.88578 -15.7992
vertex -43.543 3.82258 -18.2709
vertex -42.9152 4.31648 -16.762
endloop
endfacet

facet normal -0.685973 -0.349634 0.63812
outer loop
vertex -23.8415 12.0181 6.40244
vertex -24.6208 13.9537 6.62534
vertex -25.2168 11.6293 4.71114
endloop
endfacet

facet normal 0.512278 -0.721903 -0.465217
outer loop
vertex -11.1433 -3.64302 -35.654
vertex -18.8888 -8.06172 -37.3263
vertex -13.3228 -3.53112 -38.2277
endloop
endfacet

facet normal -0.864905 0.213878 0.454087
outer loop
vertex -21.0663 -16.8389 -8.53956
vertex -20.0846 -17.6431 -6.29086
vertex -22.3886 -14.4788 -12.1698
endloop
endfacet

facet normal -0.212256 0.380101 0.900261
outer loop
vertex -2.30839 -9.93162 35.0261
vertex -5.36479 -9.19492 33.9945
vertex -4.00999 -10.3031 34.7818
endloop
endfacet

facet normal -0.984719 0.172019 0.027169
outer loop
vertex -27.4431 4.64988 -15.7115
vertex -26.9991 7.02228 -14.6405
vertex -27.3649 6.45668 -24.3174
endloop
endfacet

facet normal 0.175323 0.366727 0.91366
outer loop
vertex 11.4136 -5.89072 32.3187
vertex 9.57021 -5.32032 32.4434
vertex 11.1288 -7.35702 32.9618
endloop
endfacet

facet normal -0.825236 -0.297649 0.47999
outer loop
vertex -20.5263 -2.66552 30.1946
vertex -23.1497 1.57228 28.3121
vertex -23.5216 -1.46252 25.7907
endloop
endfacet

facet normal 0.87214 0.452254 0.186647
outer loop
vertex 21.0363 11.4565 -37.4931
vertex 20.6288 10.9331 -34.3206
vertex 23.012 7.98538 -38.3141
endloop
endfacet

facet normal 0.740605 0.524172 0.420414
outer loop
vertex 14.4061 17.9303 15.9141
vertex 15.5618 16.2253 16.0039
vertex 16.2372 18.418 12.0805
endloop
endfacet

facet normal 0.0301173 -0.985173 -0.168898
outer loop
vertex -20.2436 -6.21962 15.5014
vertex -23.6243 -5.61292 11.3594
vertex -21.0921 -5.73302 12.5117
endloop
endfacet

facet normal -0.146233 0.983748 0.104189
outer loop
vertex 6.97851 18.2187 24.6862
vertex 7.94801 18.3863 24.4646
vertex 6.74781 18.3678 22.9543
endloop
endfacet

facet normal -0.63023 -0.767373 0.118106
outer loop
vertex -13.2692 -15.8446 8.20824
vertex -16.8714 -12.8806 8.24414
vertex -15.6275 -14.1349 6.73174
endloop
endfacet

facet normal -0.315274 -0.90766 -0.277048
outer loop
vertex 29.7662 -4.89902 3.18144
vertex 31.8646 -4.96442 1.00774
vertex 29.9476 -5.04872 3.46554
endloop
endfacet

facet normal -0.81416 0.0327442 -0.579717
outer loop
vertex -23.3501 -12.2339 -12.2926
vertex -21.6659 -12.2355 -14.6579
vertex -22.5329 -13.1526 -13.4921
endloop
endfacet

facet normal -0.914561 0.348506 0.205237
outer loop
vertex -25.1139 9.99308 -34.9497
vertex -24.361 11.2955 -33.8061
vertex -24.9985 11.8455 -37.581
endloop
endfacet

facet normal 0.809483 -0.576168 0.112996
outer loop
vertex 18.9391 -7.09172 -17.0308
vertex 16.921 -9.95952 -17.1969
vertex 20.2725 -6.20602 -22.0672
endloop
endfacet

facet normal 0.107211 0.719591 0.686071
outer loop
vertex 3.50031 14.3894 28.1346
vertex 4.88881 12.6778 29.7129
vertex 5.90631 13.506 28.6852
endloop
endfacet

facet normal 0.166083 0.896881 0.409904
outer loop
vertex 6.65311 19.5648 26.2128
vertex 9.21531 19.2675 25.8251
vertex 7.15241 19.8457 25.3959
endloop
endfacet

facet normal 0.879165 -0.164681 0.447156
outer loop
vertex 5.03771 -17.7128 26.8809
vertex 3.16231 -20.2099 29.6485
vertex 4.08811 -21.4348 27.3772
endloop
endfacet

facet normal 0.500364 0.1541 0.851991
outer loop
vertex 9.01641 22.1922 17.8629
vertex 9.46711 22.9633 17.4587
vertex 7.08691 22.566 18.9284
endloop
endfacet

facet normal -0.969044 0.0460202 0.242559
outer loop
vertex -20.5923 13.1277 14.1374
vertex -20.477 15.6101 14.1271
vertex -21.0713 13.0318 12.2421
endloop
endfacet

facet normal -0.872648 0.323298 0.366012
outer loop
vertex 8.94551 8.14428 -42.0204
vertex 7.96921 10.464 -46.3971
vertex 7.82741 9.72308 -46.0807
endloop
endfacet

facet normal 0.496404 0.403988 0.76836
outer loop
vertex -10.7278 17.6507 25.4504
vertex -11.398 18.235 25.5762
vertex -11.0463 16.3442 26.3431
endloop
endfacet

facet normal -0.249836 0.937829 -0.240954
outer loop
vertex 32.8257 6.61258 -8.60826
vertex 31.1583 6.66508 -6.67506
vertex 33.4328 7.52388 -5.69106
endloop
endfacet

facet normal -0.961126 0.136077 0.24025
outer loop
vertex -25.0571 8.00748 0.382635
vertex -24.5483 9.17178 1.75864
vertex -23.3433 14.8673 3.35314
endloop
endfacet

facet normal 0.596898 -0.0317048 0.801691
outer loop
vertex 18.7497 0.974281 36.4037
vertex 17.4602 2.05778 37.4067
vertex 17.354 0.801781 37.436
endloop
endfacet

facet normal -0.27408 -0.800668 -0.53274
outer loop
vertex 32.1079 -2.84992 -16.9531
vertex 32.8278 -1.90282 -18.7468
vertex 34.3652 -3.13412 -17.6872
endloop
endfacet

facet normal -0.783698 0.58264 -0.215285
outer loop
vertex -22.3272 20.5914 -3.94516
vertex -21.4661 20.8866 -6.28096
vertex -24.7139 16.4177 -6.55256
endloop
endfacet

facet normal 0.520389 0.842808 0.137371
outer loop
vertex 12.2564 21.4473 13.2393
vertex 14.6809 19.9924 12.9811
vertex 13.7394 20.935 10.7643
endloop
endfacet

facet normal -0.100052 -0.83574 0.539933
outer loop
vertex 1.17661 -23.5061 26.1567
vertex 2.18931 -23.4153 26.4849
vertex 0.744207 -22.8375 27.1114
endloop
endfacet

facet normal 0.123234 -0.895031 0.42864
outer loop
vertex 6.10491 -15.5274 -19.3873
vertex 4.74151 -15.7405 -19.4405
vertex 2.77731 -16.5442 -20.5538
endloop
endfacet

facet normal 0.714248 0.576157 -0.397358
outer loop
vertex -38.7583 9.35668 -4.51566
vertex -40.6716 9.73208 -7.41066
vertex -39.2664 10.3831 -3.94086
endloop
endfacet

facet normal -0.0398813 0.721806 -0.690946
outer loop
vertex 21.2079 11.4144 5.11454
vertex 24.9099 9.58068 2.98524
vertex 19.4043 10.4718 4.23394
endloop
endfacet

facet normal 0.306777 -0.921918 0.23655
outer loop
vertex -2.76879 -26.0324 23.6325
vertex -4.20259 -26.451 23.8605
vertex -3.66149 -26.6521 22.3749
endloop
endfacet

facet normal -0.243359 0.635601 0.732658
outer loop
vertex -10.7822 23.7897 -8.83086
vertex -12.7646 22.6074 -8.46366
vertex -11.2844 22.9094 -8.23396
endloop
endfacet

facet normal 0.665312 0.210687 0.71622
outer loop
vertex 12.8492 13.9432 24.9238
vertex 11.0613 14.1499 26.5238
vertex 10.539 12.9667 27.357
endloop
endfacet

facet normal -0.255876 -0.965291 0.0523467
outer loop
vertex -4.71899 -28.8048 -5.68506
vertex -9.55669 -27.7553 -9.97846
vertex -3.77919 -29.3136 -10.4731
endloop
endfacet

facet normal -0.900696 -0.337075 0.274093
outer loop
vertex -27.8727 -1.12532 -38.6685
vertex -29.4242 3.18328 -38.4682
vertex -29.6081 2.47968 -39.9377
endloop
endfacet

facet normal 0.708952 -0.0120713 -0.705153
outer loop
vertex 5.86071 -18.3995 23.392
vertex 6.29951 -17.7033 23.8213
vertex 6.30431 -19.3351 23.854
endloop
endfacet

facet normal -0.343851 0.93105 0.122117
outer loop
vertex -19.4373 -18.7621 1.30404
vertex -17.25 -17.6531 -0.992565
vertex -18.4063 -17.7664 -3.38426
endloop
endfacet

facet normal 0.380135 -0.249028 0.890776
outer loop
vertex -38.1175 -3.37692 16.6125
vertex -36.521 -3.23502 15.9708
vertex -38.4031 -2.48362 16.9841
endloop
endfacet

facet normal -0.722647 -0.14348 -0.676162
outer loop
vertex -28.2738 1.50158 -45.5312
vertex -27.686 -2.29892 -45.353
vertex -28.453 -2.72222 -44.4433
endloop
endfacet

facet normal 0.902825 -0.248073 -0.351236
outer loop
vertex -16.7497 0.0947806 -47.7133
vertex -14.6531 8.05228 -47.9444
vertex -14.2152 7.66928 -46.5484
endloop
endfacet

facet normal -0.758075 -0.443522 0.478132
outer loop
vertex -7.30479 -24.0804 20.3005
vertex -6.69119 -23.91 21.4313
vertex -6.97599 -23.5196 21.342
endloop
endfacet

facet normal 0.980655 -0.113085 0.159772
outer loop
vertex 14.358 16.4262 21.2124
vertex 14.8857 18.4024 19.3717
vertex 14.4299 17.3165 21.4013
endloop
endfacet

facet normal 0.913925 -0.23462 -0.331202
outer loop
vertex -7.46779 -0.894919 -30.878
vertex -8.41889 -1.43172 -33.1221
vertex -8.47189 1.08928 -35.0544
endloop
endfacet

facet normal 0.936008 0.071522 0.344634
outer loop
vertex 19.0208 4.49378 30.2326
vertex 19.7097 7.39098 27.7605
vertex 18.7772 5.77858 30.6277
endloop
endfacet

facet normal 0.64375 -0.612533 0.458682
outer loop
vertex 10.8842 -9.82412 20.4269
vertex 12.9469 -14.184 11.7096
vertex 13.5874 -9.17762 17.4965
endloop
endfacet

facet normal -0.675713 0.198323 -0.709986
outer loop
vertex 16.4375 0.820881 36.611
vertex 17.4268 2.11208 36.0301
vertex 17.4766 1.10128 35.7003
endloop
endfacet

facet normal 0.499011 -0.799812 -0.333601
outer loop
vertex -36.64 -7.06992 -11.0557
vertex -37.3705 -6.89642 -12.5644
vertex -36.1165 -6.50702 -11.6222
endloop
endfacet

facet normal -0.617927 -0.414622 -0.668024
outer loop
vertex -23.3983 -7.22762 -38.6747
vertex -25.2878 -5.04612 -38.2808
vertex -23.3421 -5.40002 -39.8609
endloop
endfacet

facet normal 0.58531 0.0295565 -0.810271
outer loop
vertex 39.7264 0.969681 0.979535
vertex 38.859 3.03158 0.428235
vertex 39.7524 2.80958 1.06544
endloop
endfacet

facet normal 0.770625 0.0442335 -0.635752
outer loop
vertex -37.3863 8.39858 -1.58046
vertex -36.6516 9.96448 -0.580965
vertex -36.4219 8.86858 -0.378765
endloop
endfacet

facet normal 0.513708 -0.230352 -0.826464
outer loop
vertex -17.8667 -6.45942 -48.7193
vertex -16.9883 -7.46142 -47.8941
vertex -18.5353 -10.2727 -48.0721
endloop
endfacet

facet normal -0.954772 0.296748 0.0187473
outer loop
vertex -26.9991 7.02228 -14.6405
vertex -26.2714 9.95898 -24.0658
vertex -27.3649 6.45668 -24.3174
endloop
endfacet

facet normal -0.366531 -0.530295 0.764488
outer loop
vertex 26.4244 -7.87772 6.16464
vertex 27.0998 -7.81802 6.52984
vertex 29.2435 -5.85532 8.91904
endloop
endfacet

facet normal 0.525555 0.646423 -0.553109
outer loop
vertex -3.15619 20.5568 -21.1231
vertex -0.234593 19.7445 -19.2963
vertex -0.442093 16.6565 -23.1025
endloop
endfacet

facet normal -0.853527 -0.273856 0.443276
outer loop
vertex -45.7112 -4.83012 -1.86506
vertex -40.258 -3.36342 9.54104
vertex -43.5696 -3.25532 3.23134
endloop
endfacet

facet normal -0.613648 -0.78442 -0.0901187
outer loop
vertex -24.733 -5.43772 12.9541
vertex -27.9958 -2.81292 12.3255
vertex -26.8031 -3.39212 9.24484
endloop
endfacet

facet normal -0.708541 0.704272 0.0443836
outer loop
vertex 29.6277 -3.53412 9.69394
vertex 30.0327 -3.02452 8.07324
vertex 27.4102 -5.60942 7.22474
endloop
endfacet

facet normal -0.517245 0.57668 0.632375
outer loop
vertex 12.6227 17.0314 20.7434
vertex 14.2348 18.9995 20.2672
vertex 12.0867 19.6513 17.9158
endloop
endfacet

facet normal 0.279363 -0.491967 0.824575
outer loop
vertex -26.8945 -11.4476 -46.997
vertex -26.2199 -12.014 -47.5635
vertex -25.2487 -9.74152 -46.5366
endloop
endfacet

facet normal 0.357183 0.933879 0.0170153
outer loop
vertex -22.3697 14.2742 18.2281
vertex -19.8277 13.2316 22.0903
vertex -20.6702 13.6323 17.7823
endloop
endfacet

facet normal -0.331329 -0.819349 -0.467856
outer loop
vertex -11.93 -25.8137 -16.4212
vertex -11.7926 -24.6964 -18.4751
vertex -9.30189 -26.7941 -16.5655
endloop
endfacet

facet normal -0.534957 0.690138 0.487371
outer loop
vertex -22.4932 7.42998 26.4873
vertex -20.5139 6.85798 29.4698
vertex -16.7986 7.45018 32.7092
endloop
endfacet

facet normal -0.817317 0.568626 -0.0930441
outer loop
vertex -14.9217 -15.6391 11.1459
vertex -15.1603 -15.6087 13.428
vertex -14.744 -15.1112 12.8113
endloop
endfacet

facet normal -0.285138 0.899681 0.330562
outer loop
vertex -15.3455 24.7494 0.204335
vertex -16.2751 23.0399 4.05504
vertex -11.5129 24.6996 3.64584
endloop
endfacet

facet normal 0.451692 -0.707646 -0.543334
outer loop
vertex -15.6572 -7.80672 -33.9837
vertex -11.1433 -3.64302 -35.654
vertex -12.5435 -6.06852 -33.659
endloop
endfacet

facet normal -0.141001 0.716895 -0.682773
outer loop
vertex -15.5901 22.2228 16.1077
vertex -12.8977 22.9081 16.2712
vertex -14.6658 22.1105 15.7989
endloop
endfacet

facet normal -0.333024 -0.87556 -0.349987
outer loop
vertex 16.4642 -8.55292 -38.4814
vertex 14.6637 -8.10622 -37.8856
vertex 10.7898 -5.73782 -40.1244
endloop
endfacet

facet normal -0.386659 -0.915634 -0.110045
outer loop
vertex 12.5571 -5.43772 -42.0809
vertex 9.93181 -4.18742 -43.2594
vertex 10.4391 -4.33452 -43.8182
endloop
endfacet

facet normal 0.534721 0.0919607 -0.84001
outer loop
vertex 33.139 4.43478 6.73844
vertex 34.1007 4.48358 7.35594
vertex 33.6587 2.46228 6.85334
endloop
endfacet

facet normal 0.563971 0.658837 0.497866
outer loop
vertex 12.5045 -5.35042 15.9425
vertex 12.2175 -7.77942 19.4819
vertex 15.7799 -7.29322 14.8033
endloop
endfacet

facet normal 0.159265 0.964379 -0.211204
outer loop
vertex -16.7962 14.5865 -30.4171
vertex -17.8691 13.2117 -37.5035
vertex -19.5569 14.1674 -34.4125
endloop
endfacet

facet normal 0.170299 0.962217 -0.212455
outer loop
vertex -16.7962 14.5865 -30.4171
vertex -15.3277 13.9384 -32.1749
vertex -17.8691 13.2117 -37.5035
endloop
endfacet

facet normal -0.0660178 -0.997674 -0.0169878
outer loop
vertex 22.1502 -4.23252 8.63174
vertex 21.705 -4.15562 5.84444
vertex 23.2649 -4.29812 8.15384
endloop
endfacet

facet normal 0.639346 -0.674282 0.369568
outer loop
vertex 11.3338 -22.65 -0.430465
vertex 14.4518 -19.1073 0.639035
vertex 12.7959 -18.3808 4.82914
endloop
endfacet

facet normal -0.750523 0.656194 -0.0782618
outer loop
vertex -24.361 11.2955 -33.8061
vertex -25.9086 9.90188 -30.6494
vertex -25.1558 10.9847 -28.79
endloop
endfacet

facet normal -0.654661 -0.695476 -0.296195
outer loop
vertex -18.0894 -21.1015 -17.0839
vertex -15.6489 -24.1106 -15.4127
vertex -19.7852 -20.9556 -13.6785
endloop
endfacet

facet normal 0.840572 -0.456805 -0.291148
outer loop
vertex -8.40709 -3.05492 -30.5413
vertex -9.62339 -3.49182 -33.3676
vertex -8.41889 -1.43172 -33.1221
endloop
endfacet

facet normal 0.188578 -0.980055 0.0626961
outer loop
vertex -0.462993 -26.3337 22.5344
vertex 0.544507 -26.1871 21.796
vertex 0.0274074 -26.1855 23.3757
endloop
endfacet

facet normal -0.89107 -0.421216 -0.169031
outer loop
vertex -28.0879 -8.05332 -11.8274
vertex -29.0312 -6.57922 -10.5284
vertex -29.2611 -4.70542 -13.9856
endloop
endfacet

facet normal -0.682064 -0.417749 0.600229
outer loop
vertex -3.09699 -25.1176 25.9461
vertex -2.61729 -24.3574 27.0203
vertex -4.25229 -22.9806 26.1206
endloop
endfacet

facet normal 0.612042 0.786665 0.0810169
outer loop
vertex -15.9035 13.1902 -44.7872
vertex -16.8424 13.669 -42.3442
vertex -12.2373 10.5039 -46.4003
endloop
endfacet

facet normal 0.439588 -0.838846 0.321093
outer loop
vertex 22.045 -3.77352 11.1955
vertex 25.676 -1.95742 10.969
vertex 23.8855 -1.68552 14.1306
endloop
endfacet

facet normal 0.726012 -0.499954 -0.472179
outer loop
vertex 3.97411 -19.2366 17.1174
vertex 1.26861 -22.7359 16.6626
vertex 1.49321 -20.1643 14.2851
endloop
endfacet

facet normal 0.93879 -0.339759 0.0569029
outer loop
vertex 15.5122 13.4955 15.6444
vertex 15.8954 13.7382 10.7707
vertex 16.2347 15.1658 13.6971
endloop
endfacet

facet normal -0.153295 0.780218 -0.606432
outer loop
vertex -14.9628 24.6328 -5.71536
vertex -8.87339 25.4593 -6.19146
vertex -15.5916 22.7403 -7.99136
endloop
endfacet

facet normal 0.126661 0.231222 -0.964621
outer loop
vertex 23.9932 3.71528 -14.4811
vertex 24.0264 -0.611219 -15.5138
vertex 22.0225 -0.622219 -15.7795
endloop
endfacet

facet normal -0.589578 0.564319 0.577877
outer loop
vertex 29.6425 0.0451806 14.5448
vertex 28.6314 -0.880919 14.4176
vertex 27.8377 -2.68262 15.3672
endloop
endfacet

facet normal -0.885747 0.217932 0.409828
outer loop
vertex -23.6989 -14.7935 -12.0092
vertex -24.0796 -12.0136 -14.3103
vertex -24.3658 -11.0266 -15.4536
endloop
endfacet

facet normal 0.634949 -0.705327 -0.315203
outer loop
vertex -9.78859 -5.35072 -29.5406
vertex -13.8983 -9.04812 -29.5456
vertex -9.62339 -3.49182 -33.3676
endloop
endfacet

facet normal -0.563434 -0.273572 -0.779551
outer loop
vertex 30.3364 -2.87382 -16.6022
vertex 30.186 -1.72172 -16.8979
vertex 31.5616 -2.21692 -17.7183
endloop
endfacet

facet normal 0.569684 0.57233 -0.589829
outer loop
vertex 16.3932 13.0303 -40.7085
vertex 21.5689 9.96218 -38.6867
vertex 20.8571 8.69138 -40.6071
endloop
endfacet

facet normal 0.276731 0.240315 -0.930413
outer loop
vertex 11.8002 -13.8538 -17.9267
vertex 14.5859 -11.263 -16.429
vertex 12.3464 -14.1767 -17.8477
endloop
endfacet

facet normal -0.722019 0.187532 -0.665973
outer loop
vertex -31.4019 9.49698 4.77544
vertex -29.6338 9.26038 2.79194
vertex -28.1469 8.36118 0.926635
endloop
endfacet

facet normal -0.841342 0.267734 0.469533
outer loop
vertex -20.477 15.6101 14.1271
vertex -22.9685 17.8697 8.37444
vertex -24.5094 15.3438 7.05354
endloop
endfacet

facet normal -0.500107 0.819148 0.280874
outer loop
vertex 5.12251 12.1295 31.304
vertex 5.99181 12.6669 31.2846
vertex 5.90631 13.506 28.6852
endloop
endfacet

facet normal -0.501638 0.817488 -0.282972
outer loop
vertex -0.234593 19.7445 -19.2963
vertex 0.619807 22.963 -11.513
vertex 1.90721 21.7238 -17.3751
endloop
endfacet

facet normal -0.0636155 0.941723 0.330318
outer loop
vertex -10.3115 22.0297 11.4058
vertex -4.60549 22.7384 10.4844
vertex -9.34929 25.9774 0.336335
endloop
endfacet

facet normal 0.82209 -0.132787 0.553657
outer loop
vertex 34.7449 4.64608 7.05464
vertex 35.5153 3.27858 5.58274
vertex 36.0497 4.24688 5.02144
endloop
endfacet

facet normal -0.500346 0.703646 0.504516
outer loop
vertex -5.94879 15.8626 26.6116
vertex -2.46589 16.0214 29.8442
vertex -2.18439 17.6464 27.8569
endloop
endfacet

facet normal 0.319443 0.947553 -0.00998072
outer loop
vertex 25.188 11.1949 7.83644
vertex 25.8981 10.9803 10.1864
vertex 27.1371 10.5587 9.82464
endloop
endfacet

facet normal 0.58556 0.780223 0.219935
outer loop
vertex -37.9353 -3.22022 -16.2906
vertex -38.0636 -3.49272 -14.9824
vertex -37.2816 -3.88392 -15.6765
endloop
endfacet

facet normal -0.68932 -0.318335 0.65077
outer loop
vertex -20.5263 -2.66552 30.1946
vertex -17.6964 -1.87832 33.5772
vertex -20.8346 0.944481 31.6339
endloop
endfacet

facet normal -0.650019 -0.750165 0.121361
outer loop
vertex -23.3501 -12.2339 -12.2926
vertex -24.4395 -10.4607 -7.16756
vertex -28.0879 -8.05332 -11.8274
endloop
endfacet

facet normal -0.689576 0.102317 0.716949
outer loop
vertex -43.7158 10.908 9.50764
vertex -43.9475 9.95268 9.42104
vertex -43.6405 4.65988 10.4717
endloop
endfacet

facet normal -0.388725 0.0606829 -0.919353
outer loop
vertex 15.9759 -4.55432 34.752
vertex 16.6833 -3.69702 34.5095
vertex 16.7579 -4.80992 34.4045
endloop
endfacet

facet normal -0.942004 0.127108 -0.310601
outer loop
vertex -17.0887 15.2723 26.8819
vertex -16.3957 17.2422 25.5863
vertex -17.0171 14.6569 26.4131
endloop
endfacet

facet normal 0.088625 0.580572 0.809371
outer loop
vertex 9.48081 9.69468 32.0195
vertex 5.28161 10.5312 31.8793
vertex 1.83481 8.04848 34.0376
endloop
endfacet

facet normal 0.80462 -0.138161 0.577493
outer loop
vertex 1.57721 -13.9017 35.4277
vertex 1.49821 -14.6552 35.3574
vertex 2.57921 -14.3031 33.9356
endloop
endfacet

facet normal -0.192584 -0.93718 0.29087
outer loop
vertex -33.5054 -6.13202 7.06684
vertex -38.8026 -3.87432 10.8337
vertex -36.5923 -6.98982 2.25924
endloop
endfacet

facet normal -0.574831 -0.673294 -0.465021
outer loop
vertex -35.3357 -4.70002 2.10904
vertex -33.2389 -4.29002 -1.07656
vertex -32.9822 -4.87402 -0.548165
endloop
endfacet

facet normal 0.932887 -0.345116 -0.103033
outer loop
vertex 14.8857 18.4024 19.3717
vertex 14.358 16.4262 21.2124
vertex 14.6272 17.8088 19.0189
endloop
endfacet

facet normal -0.0811722 -0.741393 -0.666144
outer loop
vertex 16.8505 -3.55222 32.9934
vertex 18.1201 -4.05002 33.3927
vertex 16.7579 -4.80992 34.4045
endloop
endfacet

facet normal 0.515108 -0.480917 0.709494
outer loop
vertex -12.8823 -21.345 5.08404
vertex -11.4887 -23.4416 2.65114
vertex -11.2647 -22.9753 2.80464
endloop
endfacet

facet normal 0.854995 -0.515314 -0.0586111
outer loop
vertex -8.24799 19.8354 22.0867
vertex -8.60309 19.3456 21.2127
vertex -8.25069 19.9297 21.2174
endloop
endfacet

facet normal 0.609151 -0.00529484 -0.793036
outer loop
vertex -39.5927 -3.40432 -17.5624
vertex -37.9353 -3.22022 -16.2906
vertex -39.3495 -4.74852 -17.3667
endloop
endfacet

facet normal -0.362862 0.303939 -0.880881
outer loop
vertex 31.9029 1.03278 -18.2809
vertex 34.8123 2.66558 -18.9159
vertex 33.8645 1.35128 -18.979
endloop
endfacet

facet normal 0.171368 0.18684 0.967328
outer loop
vertex -2.30839 -9.93162 35.0261
vertex 0.129407 -10.4223 34.689
vertex -2.25669 -8.92212 34.822
endloop
endfacet

facet normal -0.900754 -0.411806 0.13805
outer loop
vertex 7.44311 -3.56582 -41.4271
vertex 5.89811 0.715081 -38.7379
vertex 5.81021 0.671181 -39.4422
endloop
endfacet

facet normal -0.86793 0.198105 0.455469
outer loop
vertex -47.2757 6.06978 -10.9505
vertex -47.7855 1.72998 -10.0343
vertex -46.2254 7.38728 -9.52216
endloop
endfacet

facet normal 0.028464 0.231699 0.972371
outer loop
vertex 0.129407 -10.4223 34.689
vertex -4.00999 -10.3031 34.7818
vertex -1.01479 -15.273 35.8783
endloop
endfacet

facet normal -0.359 0.929345 -0.0862433
outer loop
vertex -45.0738 6.05958 -11.1298
vertex -41.8458 7.34298 -10.7372
vertex -43.8028 6.26718 -14.1836
endloop
endfacet

facet normal -0.345409 0.0187418 -0.938265
outer loop
vertex -32.0476 6.37758 -5.27406
vertex -30.5073 2.27028 -5.92316
vertex -33.2842 7.40398 -4.79836
endloop
endfacet

facet normal -0.577939 0.224841 0.784495
outer loop
vertex 5.12251 12.1295 31.304
vertex 4.53641 11.3287 31.1017
vertex 5.28161 10.5312 31.8793
endloop
endfacet

facet normal 0.823702 -0.00385802 0.56701
outer loop
vertex 3.73071 -13.4531 32.9502
vertex 5.38201 -14.8049 30.5421
vertex 6.03381 -13.7307 29.6025
endloop
endfacet

facet normal 0.542665 0.783632 0.302382
outer loop
vertex -35.3723 10.2848 1.36224
vertex -31.923 9.07648 -1.69666
vertex -32.2108 9.54718 -2.40006
endloop
endfacet

facet normal -0.0814079 0.0437061 -0.995722
outer loop
vertex 7.96921 10.464 -46.3971
vertex 11.0049 11.2686 -46.61
vertex 9.89931 9.36208 -46.6033
endloop
endfacet

facet normal -0.732813 0.678397 0.052554
outer loop
vertex -15.1603 -15.6087 13.428
vertex -14.0218 -14.4946 14.923
vertex -14.744 -15.1112 12.8113
endloop
endfacet

facet normal 0.616065 -0.695942 0.368955
outer loop
vertex 38.617 -3.50672 -4.29546
vertex 34.9555 -5.67142 -2.26476
vertex 35.479 -5.92962 -3.62606
endloop
endfacet

facet normal 0.0605046 -0.982202 -0.177817
outer loop
vertex -18.557 -8.44472 -31.4463
vertex -20.1945 -8.19872 -33.3622
vertex -15.6572 -7.80672 -33.9837
endloop
endfacet

facet normal 0.0801613 0.717886 -0.69153
outer loop
vertex 14.3037 7.47028 34.1499
vertex 15.3774 7.34658 34.1459
vertex 14.3337 6.95748 33.621
endloop
endfacet

facet normal 0.651316 -0.750928 -0.109062
outer loop
vertex -40.4557 -5.92732 -6.29536
vertex -39.2462 -5.37922 -2.84616
vertex -40.8254 -6.51162 -4.48026
endloop
endfacet

facet normal 0.122623 0.98214 -0.142707
outer loop
vertex 28.2452 15.4177 12.2918
vertex 29.4297 15.3056 12.5381
vertex 28.4345 15.211 11.0323
endloop
endfacet

facet normal 0.572544 0.805278 0.154015
outer loop
vertex -37.5415 1.63688 -15.3548
vertex -36.3869 0.968781 -16.1538
vertex -37.5564 2.03418 -17.3768
endloop
endfacet

facet normal 0.350087 -0.211424 -0.912545
outer loop
vertex 42.1521 1.84878 -9.93686
vertex 41.0235 1.31348 -10.2459
vertex 41.0142 5.51878 -11.2238
endloop
endfacet

facet normal -0.129181 0.88329 -0.450679
outer loop
vertex -13.9333 14.9676 -28.429
vertex -18.7153 15.4636 -26.0863
vertex -15.9481 18.0776 -21.7562
endloop
endfacet

facet normal 0.616941 -0.735597 -0.279786
outer loop
vertex -35.7962 -4.16682 -5.83386
vertex -33.2981 -2.57332 -4.51506
vertex -35.7821 -5.40372 -2.55086
endloop
endfacet

facet normal 0.0594416 0.493298 0.867827
outer loop
vertex -5.23229 3.61928 36.5291
vertex -6.23859 7.70248 34.277
vertex -6.05319 4.49388 36.0882
endloop
endfacet

facet normal -0.40027 -0.609507 -0.684313
outer loop
vertex 3.56811 -6.01582 -28.7168
vertex 1.73491 -3.44392 -29.9353
vertex 8.57391 -8.39012 -29.5301
endloop
endfacet

facet normal 0.230838 0.194883 -0.953276
outer loop
vertex -31.523 2.22688 -5.43026
vertex -32.6214 2.10508 -5.72106
vertex -33.2842 7.40398 -4.79836
endloop
endfacet

facet normal -0.632628 -0.618044 0.466693
outer loop
vertex -14.9167 -13.2093 16.0091
vertex -16.0366 -9.16732 19.8439
vertex -18.7747 -9.14582 16.1607
endloop
endfacet

facet normal -0.226611 -0.95827 -0.174261
outer loop
vertex 15.1941 -5.10012 15.66
vertex 17.6953 -4.51442 9.18624
vertex 18.8047 -5.03652 10.615
endloop
endfacet

facet normal -0.280312 0.931522 -0.231715
outer loop
vertex 14.9162 12.9489 11.3327
vertex 16.4232 13.1051 10.1377
vertex 15.0045 12.4713 9.30604
endloop
endfacet

facet normal -0.885315 -0.464862 -0.0109896
outer loop
vertex 24.2168 -5.73312 7.41554
vertex 24.2772 -5.92492 10.6693
vertex 23.7012 -4.77202 8.30004
endloop
endfacet

facet normal 0.441217 -0.894873 -0.0673065
outer loop
vertex 13.5591 -7.02642 27.4363
vertex 12.2236 -7.31412 22.5075
vertex 18.9582 -3.87942 20.9879
endloop
endfacet

facet normal 0.41106 -0.853374 -0.320597
outer loop
vertex -15.9225 -11.5411 -25.0311
vertex -13.3246 -9.39222 -27.42
vertex -12.84 -9.07842 -27.634
endloop
endfacet

facet normal 0.332524 0.777271 0.534114
outer loop
vertex -17.068 17.8238 19.3274
vertex -17.4414 18.2533 18.9348
vertex -17.0407 16.8251 20.7637
endloop
endfacet

facet normal 0.394714 -0.274821 -0.876741
outer loop
vertex 12.773 14.2351 26.5488
vertex 11.184 16.5067 25.1214
vertex 12.3461 16.244 25.7269
endloop
endfacet

facet normal 0.377334 0.244418 -0.893241
outer loop
vertex -34.3842 6.33178 -5.93356
vertex -32.9167 2.00708 -6.49696
vertex -35.9505 4.76478 -7.02406
endloop
endfacet

facet normal 0.623344 -0.136707 0.769904
outer loop
vertex 1.25901 -4.08752 35.4748
vertex 1.15581 -1.07172 36.0938
vertex 0.00260745 -2.30002 36.8094
endloop
endfacet

facet normal -0.34154 0.153385 0.927267
outer loop
vertex 13.3967 1.91638 36.8634
vertex 14.8037 0.788481 37.5682
vertex 15.5583 2.13288 37.6238
endloop
endfacet

facet normal 0.727891 -0.242565 0.641356
outer loop
vertex 4.06611 -15.4172 31.8267
vertex 3.73071 -13.4531 32.9502
vertex 2.57921 -14.3031 33.9356
endloop
endfacet

facet normal 0.148151 0.933408 0.326804
outer loop
vertex 5.92101 22.0124 11.4393
vertex 10.129 24.2881 3.03174
vertex 4.44941 25.6223 1.79584
endloop
endfacet

facet normal -0.787189 0.611162 -0.0825467
outer loop
vertex 13.0558 12.6731 25.0566
vertex 13.9506 13.6682 23.8912
vertex 14.1662 13.6072 21.3832
endloop
endfacet

facet normal 0.650321 -0.663001 -0.370826
outer loop
vertex -19.3422 -5.58462 13.9098
vertex -18.0561 -5.05082 15.2108
vertex -18.1465 -6.65052 17.9125
endloop
endfacet

facet normal 0.202178 0.969201 0.140616
outer loop
vertex 31.5437 -3.48762 -11.7774
vertex 32.1684 -3.44382 -12.978
vertex 31.4266 -3.16012 -13.8663
endloop
endfacet

facet normal -0.419158 -0.877656 0.232436
outer loop
vertex -20.7631 -6.73692 -40.258
vertex -23.3421 -5.40002 -39.8609
vertex -22.2497 -6.16282 -40.7709
endloop
endfacet

facet normal 0.940274 0.338326 0.0376877
outer loop
vertex 24.2469 -1.42692 -46.3724
vertex 25.329 -4.27642 -47.791
vertex 24.323 -1.40032 -48.51
endloop
endfacet

facet normal 0.599684 0.106964 0.793056
outer loop
vertex 2.80021 -11.3668 33.3724
vertex 2.57921 -14.3031 33.9356
vertex 3.73071 -13.4531 32.9502
endloop
endfacet

facet normal -0.753331 -0.0391435 0.656475
outer loop
vertex -9.25759 -17.996 28.3757
vertex -8.56529 -16.6384 29.2511
vertex -9.13639 -16.8697 28.5819
endloop
endfacet

facet normal -0.915825 0.392517 -0.0848244
outer loop
vertex -26.6422 3.46068 -46.2158
vertex -24.6754 7.74098 -47.6443
vertex -29.6094 -3.97392 -48.5835
endloop
endfacet

facet normal 0.846147 0.48963 0.210468
outer loop
vertex 26.7233 10.3336 13.3668
vertex 28.5139 7.92168 11.7788
vertex 28.1798 8.77888 11.128
endloop
endfacet

facet normal 0.122743 0.890084 0.438958
outer loop
vertex -2.47659 23.868 -7.50306
vertex -4.03839 23.9988 -7.33176
vertex 0.0191074 23.117 -6.67826
endloop
endfacet

facet normal -0.023199 0.524136 0.851319
outer loop
vertex 0.0191074 23.117 -6.67826
vertex -4.03839 23.9988 -7.33176
vertex -3.49619 22.576 -6.44096
endloop
endfacet

facet normal -0.406605 -0.2552 0.877237
outer loop
vertex 14.9137 -5.36122 30.2472
vertex 15.4296 -5.96002 30.3121
vertex 15.6109 -5.34292 30.5757
endloop
endfacet

facet normal 0.251059 0.963552 -0.092389
outer loop
vertex -16.8424 13.669 -42.3442
vertex -15.9035 13.1902 -44.7872
vertex -17.913 13.6999 -44.9314
endloop
endfacet

facet normal -0.00354031 -0.447804 0.894125
outer loop
vertex -24.9068 -11.0264 -46.2316
vertex -25.5598 -12.6794 -47.0621
vertex -24.9817 -13.3634 -47.4024
endloop
endfacet

facet normal -0.85047 -0.282541 0.443703
outer loop
vertex -8.60509 -17.8995 28.9968
vertex -8.38869 -21.9737 26.8171
vertex -6.89849 -19.0011 31.5665
endloop
endfacet

facet normal 0.556336 -0.658322 -0.507052
outer loop
vertex -6.17929 -23.6417 23.2957
vertex -6.64879 -23.5407 22.6494
vertex -6.64569 -23.3265 22.3749
endloop
endfacet

facet normal -0.810413 -0.560227 0.171397
outer loop
vertex -22.4679 -8.02402 -36.8787
vertex -24.5482 -5.02452 -36.9108
vertex -23.3983 -7.22762 -38.6747
endloop
endfacet

facet normal -0.119892 0.482277 0.867776
outer loop
vertex -1.70319 -25.3719 22.7229
vertex -2.41629 -23.0289 21.3223
vertex -2.59579 -25.6368 22.7468
endloop
endfacet

facet normal 0.0614214 -0.910268 0.409438
outer loop
vertex 14.5725 -5.83892 31.9599
vertex 11.4136 -5.89072 32.3187
vertex 11.4915 -6.97132 29.9045
endloop
endfacet

facet normal -0.0416954 -0.693577 -0.719175
outer loop
vertex -18.0448 15.9128 21.227
vertex -17.4414 18.2533 18.9348
vertex -17.068 17.8238 19.3274
endloop
endfacet

facet normal 0.58411 -0.80449 0.10775
outer loop
vertex 28.6911 -2.86282 10.0169
vertex 25.0374 -5.82892 7.67774
vertex 26.7784 -4.80862 5.85714
endloop
endfacet

facet normal -0.0611409 -0.127741 -0.989921
outer loop
vertex -6.46549 -4.87772 -30.426
vertex -8.40709 -3.05492 -30.5413
vertex -7.46779 -0.894919 -30.878
endloop
endfacet

facet normal -0.707598 -0.695577 0.124405
outer loop
vertex -18.1642 -22.8054 -10.5986
vertex -20.7064 -18.7976 -2.64936
vertex -21.9146 -18.2842 -6.65116
endloop
endfacet

facet normal 0.201783 0.964185 -0.172137
outer loop
vertex 7.94801 18.3863 24.4646
vertex 10.4664 17.8762 24.5596
vertex 6.74781 18.3678 22.9543
endloop
endfacet

facet normal 0.234286 0.967888 -0.091123
outer loop
vertex 15.1288 13.8933 -38.858
vertex 16.3676 13.0958 -44.1433
vertex 13.1008 13.834 -44.7013
endloop
endfacet

facet normal 0.151259 0.540721 0.827491
outer loop
vertex 1.33461 -24.0587 21.3095
vertex -2.41629 -23.0289 21.3223
vertex -1.70319 -25.3719 22.7229
endloop
endfacet

facet normal 0.114984 0.407623 0.905882
outer loop
vertex 1.33461 -24.0587 21.3095
vertex 1.90921 -23.328 20.9078
vertex -2.41629 -23.0289 21.3223
endloop
endfacet

facet normal -0.975925 -0.0620383 -0.209097
outer loop
vertex 30.0457 -4.57162 -7.76206
vertex 29.6789 -4.03122 -6.21026
vertex 29.6493 -1.33522 -6.87176
endloop
endfacet

facet normal -0.713266 0.203004 0.670851
outer loop
vertex -27.3419 1.34368 -46.0895
vertex -29.4691 -4.26202 -46.6547
vertex -27.686 -2.29892 -45.353
endloop
endfacet

facet normal -0.615404 -0.762646 0.199123
outer loop
vertex 25.1584 -6.11672 12.6581
vertex 24.5626 -5.65882 12.5704
vertex 24.2772 -5.92492 10.6693
endloop
endfacet

facet normal -0.11395 -0.720426 0.684107
outer loop
vertex -14.1362 -3.23472 34.5674
vertex -8.93769 -7.21982 31.2367
vertex -6.06719 -4.23752 34.8554
endloop
endfacet

facet normal -0.687683 0.695764 0.207375
outer loop
vertex 10.7381 10.9602 -37.9212
vertex 12.6667 12.7126 -37.4053
vertex 9.15291 9.98938 -39.921
endloop
endfacet

facet normal 0.0631834 0.994848 0.0792789
outer loop
vertex -9.34929 25.9774 0.336335
vertex -1.86389 25.5196 0.116335
vertex -8.80329 26.2797 -3.89206
endloop
endfacet

facet normal -0.49249 -0.765668 0.41377
outer loop
vertex -10.5406 -24.1996 2.37654
vertex -10.0279 -23.7788 3.76534
vertex -10.9394 -23.0872 3.96034
endloop
endfacet

facet normal -0.143151 0.218663 -0.965243
outer loop
vertex -24.3658 -11.0266 -15.4536
vertex -20.2193 -11.6488 -16.2095
vertex -22.8034 -13.5943 -16.267
endloop
endfacet

facet normal 0.0155547 0.983726 -0.179
outer loop
vertex -42.8336 10.8401 7.16314
vertex -38.0937 11.5668 11.5688
vertex -40.3708 11.0528 8.54634
endloop
endfacet

facet normal -0.659328 0.494285 0.566541
outer loop
vertex -11.1542 -12.8128 25.7736
vertex -11.7103 -13.495 25.7216
vertex -11.1633 -13.9883 26.7886
endloop
endfacet

facet normal -0.8575 0.230395 -0.460013
outer loop
vertex 28.8776 2.45568 -5.95086
vertex 29.7361 5.96498 -5.79366
vertex 29.2714 2.09608 -6.86516
endloop
endfacet

facet normal 0.799844 0.406672 -0.441437
outer loop
vertex -42.0584 9.57868 -10.2224
vertex -40.5828 8.58688 -8.46256
vertex -41.7693 8.66998 -10.5358
endloop
endfacet

facet normal 0.903994 0.22836 -0.361452
outer loop
vertex -42.3392 6.52808 -16.5726
vertex -41.1888 5.67178 -14.2364
vertex -40.9107 4.45958 -14.3069
endloop
endfacet

facet normal 0.712404 0.268895 0.64821
outer loop
vertex 16.7567 5.29008 34.321
vertex 16.8008 2.24748 35.5347
vertex 18.1445 5.57728 32.6766
endloop
endfacet

facet normal -0.87702 0.219074 0.427601
outer loop
vertex -43.7014 2.54308 4.74104
vertex -40.3413 9.20338 8.22044
vertex -42.9399 8.61658 3.19124
endloop
endfacet

facet normal 0.482381 0.658033 -0.578188
outer loop
vertex -36.0209 12.4269 1.09284
vertex -39.2664 10.3831 -3.94086
vertex -37.8934 11.7875 -1.19696
endloop
endfacet

facet normal 0.630871 0.562961 -0.533926
outer loop
vertex 22.564 8.02288 -12.329
vertex 22.4586 12.0064 -8.25336
vertex 24.8376 5.78828 -11.9987
endloop
endfacet

facet normal -0.127828 0.972811 -0.19313
outer loop
vertex -37.3863 8.39858 -1.58046
vertex -34.5555 8.36358 -3.63026
vertex -36.0188 8.15988 -3.68786
endloop
endfacet

facet normal -0.616736 0.600786 -0.508618
outer loop
vertex -27.0462 11.6559 -7.79796
vertex -26.7035 8.32558 -12.1472
vertex -28.5043 5.69738 -13.0681
endloop
endfacet

facet normal 0.301287 0.952286 0.0487591
outer loop
vertex 29.8157 9.93588 -0.519065
vertex 30.5988 9.29158 7.22484
vertex 35.0019 8.40208 -2.61056
endloop
endfacet

facet normal 0.557384 -0.571626 -0.602135
outer loop
vertex -41.9025 8.09558 -9.21776
vertex -40.5828 8.58688 -8.46256
vertex -40.736 7.42248 -7.49896
endloop
endfacet

facet normal -0.869899 0.25998 0.419149
outer loop
vertex -39.6846 10.5396 8.75454
vertex -42.9399 8.61658 3.19124
vertex -40.3413 9.20338 8.22044
endloop
endfacet

facet normal -0.782105 0.583531 -0.218642
outer loop
vertex 15.9759 -4.55432 34.752
vertex 16.4526 -3.71432 35.2884
vertex 16.6833 -3.69702 34.5095
endloop
endfacet

facet normal -0.41281 0.0214975 -0.910563
outer loop
vertex 39.6035 -3.24102 -9.65866
vertex 39.6414 2.97078 -9.52916
vertex 41.0851 0.0411806 -10.2529
endloop
endfacet

facet normal -0.486265 0.787205 -0.379282
outer loop
vertex 26.7421 14.083 9.01494
vertex 27.2131 12.6231 5.38124
vertex 26.3602 10.7856 2.66084
endloop
endfacet

facet normal 0.5036 0.857713 0.103514
outer loop
vertex 24.0891 12.4066 14.3143
vertex 20.3729 13.8299 20.6005
vertex 23.5464 12.3082 17.77
endloop
endfacet

facet normal 0.853267 -0.521258 -0.0150227
outer loop
vertex 22.1903 -3.08102 -21.2366
vertex 20.8729 -4.96362 -30.7399
vertex 23.3846 -0.769019 -33.6242
endloop
endfacet

facet normal -0.47266 0.829776 -0.296756
outer loop
vertex -20.996 15.9974 -19.5327
vertex -12.6028 21.7291 -16.8744
vertex -15.9481 18.0776 -21.7562
endloop
endfacet

facet normal -0.526525 -0.18952 0.828767
outer loop
vertex 29.6277 -3.53412 9.69394
vertex 29.2435 -5.85532 8.91904
vertex 31.3369 -2.24182 11.0753
endloop
endfacet

facet normal 0.946394 -0.0802259 0.312892
outer loop
vertex 15.5618 16.2253 16.0039
vertex 16.2347 15.1658 13.6971
vertex 18.3275 16.2556 7.64644
endloop
endfacet

facet normal 0.880937 -0.437405 -0.180631
outer loop
vertex 15.1885 -10.4759 11.5391
vertex 14.0204 -12.2369 10.1062
vertex 16.2243 -8.05912 10.7382
endloop
endfacet

facet normal 0.868343 -0.461826 0.180822
outer loop
vertex 23.3407 -7.66692 -7.81476
vertex 23.4108 -8.51982 -10.3299
vertex 25.8968 -3.67622 -9.89716
endloop
endfacet

facet normal -0.230357 -0.43101 0.872449
outer loop
vertex -21.1171 -14.7356 -46.5265
vertex -20.3536 -14.1736 -46.0472
vertex -22.512 -13.736 -46.401
endloop
endfacet

facet normal 0.0931169 -0.0260745 -0.995314
outer loop
vertex 19.2557 -5.27812 -15.9164
vertex 20.7848 -2.34702 -15.8501
vertex 22.0225 -0.622219 -15.7795
endloop
endfacet

facet normal -0.114911 -0.0443671 -0.992385
outer loop
vertex 19.2822 -7.80422 -49.1527
vertex 18.3137 -10.6661 -48.9126
vertex 13.4277 -6.17022 -48.5479
endloop
endfacet

facet normal -0.788714 0.601156 0.128615
outer loop
vertex -18.6791 19.5072 19.6996
vertex -17.8406 20.8977 18.3422
vertex -18.3872 20.4447 17.108
endloop
endfacet

facet normal -0.603456 0.792646 -0.0869032
outer loop
vertex -44.2575 7.23158 -5.31756
vertex -40.8918 9.75648 -5.65946
vertex -40.6716 9.73208 -7.41066
endloop
endfacet

facet normal -0.197055 0.979615 -0.0390362
outer loop
vertex -21.3698 13.5871 -32.4099
vertex -20.536 13.8498 -30.0249
vertex -16.7962 14.5865 -30.4171
endloop
endfacet

facet normal -0.067952 0.520437 0.851192
outer loop
vertex -10.4955 10.0825 32.3166
vertex -13.7645 4.74938 35.3164
vertex -6.05319 4.49388 36.0882
endloop
endfacet

facet normal -0.241736 -0.904899 0.350316
outer loop
vertex -15.0548 -13.5044 -18.1484
vertex -17.298 -12.6271 -17.4303
vertex -14.6126 -14.0806 -19.3317
endloop
endfacet

facet normal -0.74157 -0.0595205 -0.66823
outer loop
vertex 20.2606 2.13258 2.96454
vertex 21.3555 3.07858 1.66524
vertex 21.2186 1.11438 1.99214
endloop
endfacet

facet normal -0.088697 -0.496198 -0.863667
outer loop
vertex 9.56331 -10.0167 -27.0339
vertex 8.16801 -9.82212 -27.0024
vertex 3.56811 -6.01582 -28.7168
endloop
endfacet

facet normal 0.963555 -0.00472916 -0.267467
outer loop
vertex -18.4415 -12.3105 -47.6979
vertex -18.5353 -10.2727 -48.0721
vertex -18.1474 -10.1054 -46.6775
endloop
endfacet

facet normal -0.704822 -0.0192045 0.709124
outer loop
vertex -26.2199 -12.014 -47.5635
vertex -24.9068 -11.0264 -46.2316
vertex -25.2487 -9.74152 -46.5366
endloop
endfacet

facet normal 0.877939 -0.398229 0.265777
outer loop
vertex 20.3709 -4.25922 -16.9918
vertex 22.1903 -3.08102 -21.2366
vertex 23.3051 1.67318 -17.7956
endloop
endfacet

facet normal -0.943939 -0.329815 -0.0141723
outer loop
vertex -19.6738 -10.3969 10.8474
vertex -21.2796 -5.84612 11.8965
vertex -20.5352 -7.88952 9.86824
endloop
endfacet

facet normal 0.875578 0.0757621 0.477099
outer loop
vertex 5.49341 -11.2849 29.4872
vertex 7.71501 -11.5283 25.4487
vertex 4.98221 -10.1189 30.2402
endloop
endfacet

facet normal 0.96155 -0.266871 -0.0648275
outer loop
vertex -11.3559 -3.20852 -42.3752
vertex -11.0294 -1.92252 -42.827
vertex -10.0429 0.913781 -39.8714
endloop
endfacet

facet normal 0.962257 0.094647 -0.255154
outer loop
vertex -37.2589 11.7568 13.9588
vertex -36.8633 9.32438 14.5487
vertex -37.6725 9.79278 11.6706
endloop
endfacet

facet normal 0.116225 -0.883733 -0.45333
outer loop
vertex -40.8889 -5.84082 -11.5278
vertex -43.3791 -5.35012 -13.1229
vertex -41.6628 -5.32242 -12.7369
endloop
endfacet

facet normal -0.558541 -0.828485 -0.0405484
outer loop
vertex -14.4166 -15.8341 9.89144
vertex -17.1944 -14.0489 11.68
vertex -17.3661 -13.8707 10.4036
endloop
endfacet

facet normal 0.947283 -0.209344 0.242548
outer loop
vertex 4.08811 -21.4348 27.3772
vertex 5.21181 -19.9189 24.2969
vertex 5.03771 -17.7128 26.8809
endloop
endfacet

facet normal -0.852506 0.473565 -0.221292
outer loop
vertex 29.6277 -3.53412 9.69394
vertex 31.8833 1.36608 11.4906
vertex 31.6198 -0.453119 8.61264
endloop
endfacet

facet normal 0.976563 -0.2148 0.0136581
outer loop
vertex 23.3363 -0.494519 -25.8532
vertex 23.3846 -0.769019 -33.6242
vertex 23.8664 1.84468 -26.97
endloop
endfacet

facet normal -0.498079 -0.56941 -0.65398
outer loop
vertex -41.3749 3.43608 -19.5857
vertex -43.543 3.82258 -18.2709
vertex -43.1013 4.98958 -19.6234
endloop
endfacet

facet normal -0.355494 0.35679 0.863901
outer loop
vertex 6.97851 18.2187 24.6862
vertex 5.97171 18.9621 23.9649
vertex 6.45701 17.6298 24.7148
endloop
endfacet

facet normal -0.877712 -0.433513 -0.204176
outer loop
vertex -7.30479 -24.0804 20.3005
vertex -10.1278 -18.1645 19.8751
vertex -7.48929 -22.847 18.4749
endloop
endfacet

facet normal -0.0802483 0.995463 -0.0511265
outer loop
vertex -40.8241 11.3404 11.4462
vertex -37.2589 11.7568 13.9588
vertex -38.0937 11.5668 11.5688
endloop
endfacet

facet normal 0.582614 -0.812491 -0.0204762
outer loop
vertex 5.03771 -17.7128 26.8809
vertex 5.52521 -17.3863 27.7935
vertex 4.22281 -18.3398 28.574
endloop
endfacet

facet normal -0.990925 0.123689 0.0526146
outer loop
vertex -41.2987 1.74318 8.67934
vertex -40.8305 5.61208 8.40344
vertex -41.2437 2.36878 8.24494
endloop
endfacet

facet normal 0.714654 -0.451112 0.534572
outer loop
vertex 2.45211 -22.296 28.8375
vertex 4.08811 -21.4348 27.3772
vertex 3.16231 -20.2099 29.6485
endloop
endfacet

facet normal 0.0550609 -0.175943 -0.982859
outer loop
vertex -2.54079 -18.4833 13.2703
vertex 0.861807 -18.0782 13.3884
vertex -2.00559 -21.3469 13.813
endloop
endfacet

facet normal -0.589674 -0.248485 -0.768466
outer loop
vertex -5.52479 -20.2924 14.1721
vertex -7.92629 -18.4297 15.4126
vertex -5.74659 -17.8167 13.5417
endloop
endfacet

facet normal -0.213406 -0.381311 0.899478
outer loop
vertex -22.9943 -10.0835 -45.3781
vertex -23.9965 -7.14532 -44.3703
vertex -24.9068 -11.0264 -46.2316
endloop
endfacet

facet normal -0.895694 -0.401445 0.191242
outer loop
vertex -11.1882 -15.3601 24.2515
vertex -11.7103 -13.495 25.7216
vertex -12.0234 -13.5335 24.1741
endloop
endfacet

facet normal 0.837699 0.174555 0.517485
outer loop
vertex -41.3496 5.51608 -17.8333
vertex -42.3392 6.52808 -16.5726
vertex -42.1261 5.89058 -16.7025
endloop
endfacet

facet normal -0.828036 -0.307574 -0.46878
outer loop
vertex -20.5352 -7.88952 9.86824
vertex -20.4028 -4.89472 7.66944
vertex -17.6899 -11.2733 7.06264
endloop
endfacet

facet normal -0.548817 0.793905 0.261752
outer loop
vertex -18.5851 20.4403 5.74864
vertex -19.7227 19.3635 6.62914
vertex -16.9032 20.8729 7.96274
endloop
endfacet

facet normal -0.0852706 0.95308 0.290461
outer loop
vertex 14.4626 13.3353 -37.2226
vertex 17.596 13.5274 -36.9332
vertex 15.1288 13.8933 -38.858
endloop
endfacet

facet normal 0.57019 0.609953 -0.550309
outer loop
vertex -7.80749 10.1504 -29.7137
vertex -10.0934 11.017 -31.1217
vertex -10.1031 14.3002 -27.4927
endloop
endfacet

facet normal 0.986008 0.158304 0.0522316
outer loop
vertex -10.4791 3.24078 -38.6914
vertex -10.0754 0.727681 -38.6951
vertex -10.0429 0.913781 -39.8714
endloop
endfacet

facet normal 0.60903 -0.672658 0.420254
outer loop
vertex 35.479 -5.92962 -3.62606
vertex 37.9202 -7.32772 -9.40156
vertex 38.617 -3.50672 -4.29546
endloop
endfacet

facet normal -0.611321 -0.229421 -0.757398
outer loop
vertex 10.1354 8.85158 -48.1011
vertex 13.5695 0.465581 -48.3327
vertex 12.5172 -0.138919 -47.3002
endloop
endfacet

facet normal 0.236112 -0.805673 0.54327
outer loop
vertex 18.1138 5.72938 34.0083
vertex 19.3646 5.85338 33.6485
vertex 18.0332 6.44088 35.0985
endloop
endfacet

facet normal -0.839786 0.517003 0.165731
outer loop
vertex -18.9016 14.1752 21.1751
vertex -17.9342 15.5122 21.9064
vertex -17.7694 16.1923 20.6198
endloop
endfacet

facet normal 0.557009 -0.603828 0.570204
outer loop
vertex 3.24231 -9.18522 31.284
vertex 7.21521 -7.99192 28.6667
vertex 5.39881 -6.82162 31.6804
endloop
endfacet

facet normal 0.0487831 0.77387 -0.631463
outer loop
vertex -6.15879 21.8616 -19.756
vertex -3.15619 20.5568 -21.1231
vertex -5.51039 17.5623 -24.9748
endloop
endfacet

facet normal -0.0789674 -0.82256 -0.563169
outer loop
vertex 34.9574 0.565681 -17.9848
vertex 33.8645 1.35128 -18.979
vertex 36.4644 0.571581 -18.2047
endloop
endfacet

facet normal -0.820514 0.119666 0.558961
outer loop
vertex -32.94 1.90498 13.8907
vertex -36.0631 5.53768 8.52854
vertex -36.2483 1.41878 9.13864
endloop
endfacet

facet normal 0.764739 -0.308286 0.565804
outer loop
vertex 20.4938 -2.25002 -16.0632
vertex 20.3709 -4.25922 -16.9918
vertex 21.1223 -0.0452194 -15.7113
endloop
endfacet

facet normal 0.380553 0.374753 0.845423
outer loop
vertex 12.2933 -7.41782 32.4646
vertex 11.2485 -6.26532 32.4241
vertex 11.1288 -7.35702 32.9618
endloop
endfacet

facet normal -0.548754 -0.0105533 -0.835918
outer loop
vertex 1.08301 3.01928 -30.8923
vertex -1.30689 6.63038 -29.3691
vertex 1.94191 3.16678 -31.4581
endloop
endfacet

facet normal 0.409068 0.682888 0.60525
outer loop
vertex 27.1371 10.5587 9.82464
vertex 25.8981 10.9803 10.1864
vertex 28.1798 8.77888 11.128
endloop
endfacet

facet normal 0.406915 -0.623909 -0.667202
outer loop
vertex -19.579 -14.4984 -47.6648
vertex -20.7789 -14.6628 -48.2428
vertex -19.1755 -13.4938 -48.3581
endloop
endfacet

facet normal 0.959954 0.192907 0.203162
outer loop
vertex 24.4068 5.99018 -6.03436
vertex 26.3134 0.726781 -10.0455
vertex 24.363 8.62468 -8.32916
endloop
endfacet

facet normal 0.962376 0.196981 0.187164
outer loop
vertex 24.363 8.62468 -8.32916
vertex 26.3134 0.726781 -10.0455
vertex 26.1454 3.03008 -11.6058
endloop
endfacet

facet normal 0.387409 0.73301 -0.559116
outer loop
vertex 19.777 5.70908 31.4572
vertex 19.0143 5.65168 30.8534
vertex 19.466 6.68408 32.52
endloop
endfacet

facet normal 0.381463 0.638002 0.668909
outer loop
vertex 1.83481 8.04848 34.0376
vertex 0.876807 11.9192 30.892
vertex -1.61339 11.6479 32.5709
endloop
endfacet

facet normal -0.343058 0.802027 -0.488943
outer loop
vertex -28.9993 10.759 2.96334
vertex -30.0181 13.244 7.75434
vertex -27.2056 12.9459 5.29204
endloop
endfacet

facet normal -0.496888 -0.701183 -0.511316
outer loop
vertex 11.0863 -7.23542 -34.5791
vertex 6.38681 -3.40522 -35.2647
vertex 15.1273 -8.25332 -37.1103
endloop
endfacet

facet normal 0.603445 0.791135 0.099796
outer loop
vertex 9.18361 -15.7098 8.21004
vertex 10.6614 -17.1193 10.448
vertex 10.439 -16.362 5.78884
endloop
endfacet

facet normal -0.331848 0.785069 -0.523014
outer loop
vertex 7.52231 11.3234 -32.4521
vertex 6.09331 13.6301 -28.083
vertex 9.24811 14.51 -28.7638
endloop
endfacet

facet normal 0.946334 0.185284 0.264805
outer loop
vertex 19.8834 11.5988 3.51394
vertex 18.3319 15.9177 6.03654
vertex 18.8815 13.626 5.67604
endloop
endfacet

facet normal -0.833013 0.140739 0.535054
outer loop
vertex -40.8305 5.61208 8.40344
vertex -40.3413 9.20338 8.22044
vertex -43.7014 2.54308 4.74104
endloop
endfacet

facet normal -0.819403 0.0911216 0.565928
outer loop
vertex -26.3922 9.74338 -1.82996
vertex -25.0571 8.00748 0.382635
vertex -25.7479 13.1806 -1.45046
endloop
endfacet

facet normal 0.496684 0.750235 0.436408
outer loop
vertex 12.2564 21.4473 13.2393
vertex 10.3892 20.4433 17.0903
vertex 14.6809 19.9924 12.9811
endloop
endfacet

facet normal -0.0183059 -0.861976 0.506618
outer loop
vertex -3.67029 -18.0582 13.2587
vertex 0.955207 -20.1701 9.83254
vertex 0.861807 -18.0782 13.3884
endloop
endfacet

facet normal 0.763565 -0.41549 0.494304
outer loop
vertex 16.0369 -3.15832 7.98694
vertex 17.6441 -1.50952 6.89014
vertex 16.3338 -2.13792 8.38594
endloop
endfacet

facet normal -0.134985 0.956707 -0.257859
outer loop
vertex -8.61389 24.1979 -9.80266
vertex -6.15879 21.8616 -19.756
vertex -12.6028 21.7291 -16.8744
endloop
endfacet

facet normal 0.740544 0.490357 0.459504
outer loop
vertex 30.5988 9.29158 7.22484
vertex 34.2832 7.57068 3.12334
vertex 37.1204 7.25748 -1.11476
endloop
endfacet

facet normal 0.245295 0.796972 0.551965
outer loop
vertex -8.46419 16.0236 26.7787
vertex -7.66209 15.0374 27.8462
vertex -6.77399 14.6307 28.0387
endloop
endfacet

facet normal -0.742386 -0.473367 0.474116
outer loop
vertex -5.10209 -26.0202 21.8129
vertex -6.69119 -23.91 21.4313
vertex -7.30479 -24.0804 20.3005
endloop
endfacet

facet normal 0.338553 -0.799631 0.495956
outer loop
vertex 5.38221 -25.8953 0.368035
vertex 4.88041 -21.805 7.30534
vertex 2.83691 -22.7105 7.24044
endloop
endfacet

facet normal -0.887223 0.164002 0.431207
outer loop
vertex -0.988193 -16.5663 36.425
vertex -0.436693 -15.1885 37.0356
vertex -1.01479 -15.273 35.8783
endloop
endfacet

facet normal -0.336189 -0.837038 0.431676
outer loop
vertex -29.2906 -2.48962 10.2381
vertex -31.8459 0.354481 13.7628
vertex -33.2985 -1.32292 9.37904
endloop
endfacet

facet normal -0.893366 -0.21728 0.393302
outer loop
vertex -25.7637 2.58138 22.9321
vertex -23.5216 -1.46252 25.7907
vertex -23.1497 1.57228 28.3121
endloop
endfacet

facet normal 0.569673 -0.719492 0.397245
outer loop
vertex 23.8855 -1.68552 14.1306
vertex 27.7442 0.480781 12.5207
vertex 25.3124 0.426681 15.91
endloop
endfacet

facet normal -0.404271 0.914247 0.0267803
outer loop
vertex -15.3455 24.7494 0.204335
vertex -13.0788 25.8655 -3.68306
vertex -18.9575 23.2966 -4.72606
endloop
endfacet

facet normal -0.991803 -0.0998852 -0.0796849
outer loop
vertex 12.5172 -0.138919 -47.3002
vertex 12.8284 -4.76362 -45.3763
vertex 12.5116 -0.931119 -46.2379
endloop
endfacet

facet normal 0.181621 -0.52718 -0.830117
outer loop
vertex -17.2014 -5.48092 -45.3099
vertex -16.4228 -5.82912 -44.9185
vertex -17.9417 -6.50492 -44.8216
endloop
endfacet

facet normal 0.245081 -0.415398 -0.876002
outer loop
vertex 3.34861 -11.435 -27.586
vertex 4.48811 -9.67512 -28.1017
vertex 8.16801 -9.82212 -27.0024
endloop
endfacet

facet normal -0.264291 0.282507 -0.922139
outer loop
vertex -23.3965 11.4932 -46.3775
vertex -21.3444 12.9365 -46.5235
vertex -22.7274 10.7787 -46.7882
endloop
endfacet

facet normal 0.598358 -0.780708 0.180175
outer loop
vertex 22.045 -3.77352 11.1955
vertex 23.8855 -1.68552 14.1306
vertex 18.9582 -3.87942 20.9879
endloop
endfacet

facet normal -0.663955 -0.0315901 -0.747105
outer loop
vertex 21.7906 1.08318 0.405335
vertex 24.3003 4.25918 -1.95926
vertex 28.8776 2.45568 -5.95086
endloop
endfacet

facet normal -0.943146 -0.153039 0.295049
outer loop
vertex 34.0771 -0.895419 -15.0235
vertex 34.7412 -4.69102 -14.8694
vertex 34.2648 -1.15522 -14.5582
endloop
endfacet

facet normal -0.357856 0.907763 -0.218872
outer loop
vertex -14.9628 24.6328 -5.71536
vertex -18.9575 23.2966 -4.72606
vertex -13.0788 25.8655 -3.68306
endloop
endfacet

facet normal -0.813751 0.577821 -0.0627064
outer loop
vertex -21.1548 16.8598 -13.2921
vertex -22.0549 15.9348 -10.1349
vertex -20.0837 18.7175 -10.0735
endloop
endfacet

facet normal -0.167438 -0.962269 0.214484
outer loop
vertex 10.7689 -6.26352 31.3786
vertex 9.06041 -6.03712 31.0607
vertex 10.2805 -7.13002 27.1098
endloop
endfacet

facet normal -0.549123 -0.77743 0.306702
outer loop
vertex 7.15731 -15.8906 17.3715
vertex 7.13211 -19.1765 8.99744
vertex 7.52021 -19.4669 8.95614
endloop
endfacet

facet normal -0.628612 0.639979 -0.441898
outer loop
vertex 28.4392 -7.24992 2.42344
vertex 26.2423 -7.05602 5.82934
vertex 29.9476 -5.04872 3.46554
endloop
endfacet

facet normal -0.688131 0.512915 0.51322
outer loop
vertex 11.3734 12.9149 29.5556
vertex 11.5532 15.0469 27.666
vertex 10.9195 13.2152 28.6469
endloop
endfacet

facet normal 0.96146 0.0994522 -0.256329
outer loop
vertex 12.8841 14.849 27.2039
vertex 12.773 14.2351 26.5488
vertex 12.3461 16.244 25.7269
endloop
endfacet

facet normal 0.000555713 0.297535 -0.954711
outer loop
vertex -1.25859 -16.0757 -19.4917
vertex 0.672107 -16.2788 -19.5539
vertex -4.05159 -16.6728 -19.6795
endloop
endfacet

facet normal -0.391746 0.750857 -0.531741
outer loop
vertex -15.5916 22.7403 -7.99136
vertex -21.4661 20.8866 -6.28096
vertex -18.9575 23.2966 -4.72606
endloop
endfacet

facet normal 0.750271 0.550059 0.36678
outer loop
vertex -16.3254 13.5877 -39.3796
vertex -15.4852 11.6826 -38.2411
vertex -12.3854 8.74788 -40.1809
endloop
endfacet

facet normal 0.902683 0.117437 -0.413971
outer loop
vertex -11.0294 -1.92252 -42.827
vertex -11.2714 2.33638 -42.1464
vertex -10.0429 0.913781 -39.8714
endloop
endfacet

facet normal 0.104042 0.29669 -0.94929
outer loop
vertex -13.9699 19.1673 24.4848
vertex -12.107 18.5664 24.5012
vertex -13.8529 18.2378 24.2071
endloop
endfacet

facet normal 0.858915 0.490687 0.146597
outer loop
vertex 37.9252 7.38928 -1.23796
vertex 39.7567 5.42968 -5.40946
vertex 38.6629 7.34398 -5.40836
endloop
endfacet

facet normal 0.60758 -0.0185549 0.794042
outer loop
vertex 17.994 14.8865 -10.281
vertex 18.8684 11.0186 -11.0405
vertex 20.3645 9.07368 -12.2307
endloop
endfacet

facet normal 0.697087 -0.330616 -0.63621
outer loop
vertex 13.8215 -20.3046 -18.9425
vertex 14.6249 -17.7749 -19.3768
vertex 16.1773 -18.4807 -17.309
endloop
endfacet

facet normal 0.646335 -0.539796 0.539325
outer loop
vertex 23.3407 -7.66692 -7.81476
vertex 20.8111 -8.17022 -5.28696
vertex 20.451 -10.0676 -6.75446
endloop
endfacet

facet normal -0.83785 0.542581 -0.0601146
outer loop
vertex -24.5094 15.3438 7.05354
vertex -22.9685 17.8697 8.37444
vertex -24.1465 15.7439 5.60674
endloop
endfacet

facet normal -0.241467 -0.95978 -0.143237
outer loop
vertex 15.9716 -8.68272 -35.6564
vertex 12.3265 -8.09032 -33.4808
vertex 15.1273 -8.25332 -37.1103
endloop
endfacet

facet normal -0.398693 -0.0610796 0.915048
outer loop
vertex 15.9545 -12.734 -46.0452
vertex 14.3885 -12.7447 -46.7282
vertex 16.3986 -13.968 -45.9341
endloop
endfacet

facet normal 0.678855 0.720985 -0.139056
outer loop
vertex 14.9442 17.4291 -18.4097
vertex 15.3034 18.5019 -11.0938
vertex 17.4022 16.593 -10.7451
endloop
endfacet

facet normal 0.933553 0.356453 0.0376732
outer loop
vertex 22.1012 4.17838 -46.2379
vertex 24.2469 -1.42692 -46.3724
vertex 24.323 -1.40032 -48.51
endloop
endfacet

facet normal -0.911078 0.0448368 0.409788
outer loop
vertex -45.0754 2.12978 -4.05276
vertex -47.7855 1.72998 -10.0343
vertex -47.439 0.755581 -9.15736
endloop
endfacet

facet normal -0.272197 0.947391 -0.168404
outer loop
vertex 34.142 5.44438 -18.4225
vertex 32.7129 5.05028 -18.3296
vertex 35.01 5.96628 -16.8894
endloop
endfacet

facet normal 0.880089 -0.03452 0.473552
outer loop
vertex 37.6611 4.10458 5.04634
vertex 39.7264 0.969681 0.979535
vertex 39.7524 2.80958 1.06544
endloop
endfacet

facet normal 0.644702 0.291404 0.706713
outer loop
vertex 1.04781 3.85108 36.4862
vertex 1.83481 8.04848 34.0376
vertex -1.44119 6.94268 37.4821
endloop
endfacet

facet normal -0.310903 -0.629149 -0.712398
outer loop
vertex -20.7866 -8.29662 -38.8704
vertex -23.3983 -7.22762 -38.6747
vertex -20.7631 -6.73692 -40.258
endloop
endfacet

facet normal -0.377504 -0.495986 -0.781977
outer loop
vertex -23.3983 -7.22762 -38.6747
vertex -23.3421 -5.40002 -39.8609
vertex -20.7631 -6.73692 -40.258
endloop
endfacet

facet normal -0.450827 0.87804 0.160626
outer loop
vertex 30.987 3.82568 -16.4799
vertex 35.01 5.96628 -16.8894
vertex 32.7129 5.05028 -18.3296
endloop
endfacet

facet normal -0.461666 -0.319387 0.82756
outer loop
vertex -27.0365 -4.34882 -44.987
vertex -27.4348 -5.18692 -45.5326
vertex -23.9965 -7.14532 -44.3703
endloop
endfacet

facet normal 0.111494 0.635594 0.76393
outer loop
vertex 9.03841 16.5864 25.6651
vertex 4.36681 16.16 26.7018
vertex 5.90631 13.506 28.6852
endloop
endfacet

facet normal -0.516679 -0.747829 0.416887
outer loop
vertex -14.744 -15.1112 12.8113
vertex -14.9167 -13.2093 16.0091
vertex -17.1944 -14.0489 11.68
endloop
endfacet

facet normal 0.232725 -0.972322 0.0206899
outer loop
vertex 32.8208 -5.72462 -14.7102
vertex 33.6109 -5.57832 -16.7244
vertex 33.8729 -5.48932 -15.4911
endloop
endfacet

facet normal 0.27878 0.868748 -0.409339
outer loop
vertex -18.7811 12.4867 -48.2386
vertex -17.4393 12.7477 -46.7708
vertex -16.3912 11.9923 -47.6602
endloop
endfacet

facet normal 0.0227837 0.877776 0.478529
outer loop
vertex -22.4224 13.5404 -37.8896
vertex -17.8691 13.2117 -37.5035
vertex -17.7502 14.1675 -39.2623
endloop
endfacet

facet normal -0.468039 -0.595173 -0.653229
outer loop
vertex -11.7926 -24.6964 -18.4751
vertex -15.411 -20.3599 -19.8337
vertex -13.5102 -21.4015 -20.2466
endloop
endfacet

facet normal -0.674071 0.738558 0.0126609
outer loop
vertex -10.7201 -10.782 28.2373
vertex -11.149 -11.1317 25.8014
vertex -12.4257 -12.2529 23.2316
endloop
endfacet

facet normal 0.564644 0.81028 -0.156916
outer loop
vertex 19.4181 12.9033 -35.8451
vertex 21.0363 11.4565 -37.4931
vertex 17.9545 13.4218 -38.4343
endloop
endfacet

facet normal -0.402532 -0.555508 0.727584
outer loop
vertex -6.07529 -21.3736 30.5302
vertex -3.81909 -21.8056 31.4487
vertex -4.90089 -19.531 32.5869
endloop
endfacet

facet normal -0.984088 -0.055355 0.168837
outer loop
vertex -10.0942 20.1028 19.8695
vertex -9.86169 19.4222 21.0012
vertex -10.1031 21.1378 20.1569
endloop
endfacet

facet normal -0.634745 -0.148114 0.758394
outer loop
vertex 29.6277 -3.53412 9.69394
vertex 26.4244 -7.87772 6.16464
vertex 29.2435 -5.85532 8.91904
endloop
endfacet

facet normal 0.645366 -0.664279 0.377141
outer loop
vertex 7.28091 -11.6996 22.6184
vertex 10.7892 -7.40712 24.1756
vertex 8.62091 -8.88312 25.2862
endloop
endfacet

facet normal -0.484992 0.872294 -0.0623314
outer loop
vertex -14.9217 -15.6391 11.1459
vertex -15.5984 -15.9655 11.8429
vertex -15.1603 -15.6087 13.428
endloop
endfacet

facet normal 0.957004 -0.163045 -0.239917
outer loop
vertex -12.1449 9.58338 -45.406
vertex -12.5386 8.18208 -46.0243
vertex -12.2373 10.5039 -46.4003
endloop
endfacet

facet normal 0.22814 0.837484 -0.49656
outer loop
vertex 13.7693 -7.96802 31.7675
vertex 13.107 -8.07132 31.2889
vertex 11.5821 -7.42582 31.677
endloop
endfacet

facet normal -0.739183 -0.667892 0.0867674
outer loop
vertex -24.9817 -13.3634 -47.4024
vertex -25.5598 -12.6794 -47.0621
vertex -26.2199 -12.014 -47.5635
endloop
endfacet

facet normal -0.480391 0.64791 -0.591131
outer loop
vertex 37.7065 2.60538 1.94624
vertex 36.7616 2.27278 2.34954
vertex 36.1322 3.09498 3.76224
endloop
endfacet

facet normal 0.406812 -0.897885 0.168246
outer loop
vertex 18.7497 0.974281 36.4037
vertex 18.2222 0.654381 35.9715
vertex 19.278 0.911581 34.7913
endloop
endfacet

facet normal -0.77931 -0.407145 0.47635
outer loop
vertex -23.7594 -6.38242 -17.2757
vertex -23.1477 -6.24932 -16.1611
vertex -25.4212 -1.69702 -15.9898
endloop
endfacet

facet normal 0.0885546 -0.0097373 -0.996024
outer loop
vertex -14.6856 10.2955 -46.6159
vertex -12.2373 10.5039 -46.4003
vertex -14.2152 7.66928 -46.5484
endloop
endfacet

facet normal 0.846662 0.531346 0.0289
outer loop
vertex 18.7249 10.4514 -46.6629
vertex 20.3846 7.77438 -46.0669
vertex 20.4212 7.80698 -47.7401
endloop
endfacet

facet normal -0.771456 0.0511126 0.634227
outer loop
vertex 28.9581 4.56738 12.5894
vertex 30.0644 9.39098 13.5463
vertex 28.5139 7.92168 11.7788
endloop
endfacet

facet normal -0.121034 -0.569094 0.813316
outer loop
vertex 9.57021 -5.32032 32.4434
vertex 11.4136 -5.89072 32.3187
vertex 11.8231 -3.67802 33.9279
endloop
endfacet

facet normal -0.257881 0.962052 -0.0891814
outer loop
vertex 35.2023 7.49058 -6.34566
vertex 36.3159 7.49498 -9.51876
vertex 36.089 7.20028 -12.0412
endloop
endfacet

facet normal -0.423548 -0.825579 0.372862
outer loop
vertex 18.8585 -12.7358 -47.9815
vertex 20.4605 -13.2076 -47.2063
vertex 19.2461 -12.2909 -46.5563
endloop
endfacet

facet normal -0.674877 0.359464 -0.644459
outer loop
vertex -31.4019 9.49698 4.77544
vertex -28.9993 10.759 2.96334
vertex -29.6338 9.26038 2.79194
endloop
endfacet

facet normal 0.823579 -0.260377 0.503907
outer loop
vertex 18.6223 -5.64682 -0.405665
vertex 20.8111 -8.17022 -5.28696
vertex 20.5968 1.50968 0.0649352
endloop
endfacet

facet normal -0.123637 -0.495825 0.859576
outer loop
vertex -21.024 -8.83262 -44.3732
vertex -22.7106 -8.38182 -44.3558
vertex -22.9943 -10.0835 -45.3781
endloop
endfacet

facet normal -0.87953 -0.0173889 -0.475526
outer loop
vertex -18.2524 19.8098 16.8819
vertex -19.1175 18.0926 18.5447
vertex -18.3872 20.4447 17.108
endloop
endfacet

facet normal 0.11522 -0.983598 0.138775
outer loop
vertex 36.3896 -5.24032 -7.72656
vertex 33.9067 -5.83682 -9.89276
vertex 36.8585 -5.60062 -10.6699
endloop
endfacet

facet normal 0.939199 0.334982 0.0754514
outer loop
vertex 21.6212 9.39738 -13.6166
vertex 23.0121 6.13798 -16.4598
vertex 22.4956 9.42018 -24.6031
endloop
endfacet

facet normal 0.0449314 -0.380944 0.923506
outer loop
vertex -11.398 18.235 25.5762
vertex -14.1142 19.122 26.0743
vertex -13.1526 17.8705 25.5112
endloop
endfacet

facet normal 0.389869 0.851638 -0.350306
outer loop
vertex 9.54061 24.9958 -5.60776
vertex 15.2821 22.889 -4.33976
vertex 15.774 21.9605 -6.04966
endloop
endfacet

facet normal 0.606452 0.506937 0.612561
outer loop
vertex 0.876807 11.9192 30.892
vertex 1.30051 14.2328 28.5578
vertex -1.17229 15.8699 29.6512
endloop
endfacet

facet normal 0.192881 0.199942 -0.960635
outer loop
vertex 21.9787 2.57618 -15.1226
vertex 23.9932 3.71528 -14.4811
vertex 22.0225 -0.622219 -15.7795
endloop
endfacet

facet normal -0.745934 0.536569 0.394558
outer loop
vertex 26.1627 -1.94832 11.202
vertex 27.8377 -2.68262 15.3672
vertex 28.6314 -0.880919 14.4176
endloop
endfacet

facet normal -0.959763 -0.16057 0.230377
outer loop
vertex 4.16781 18.9543 21.586
vertex 4.86901 17.8081 23.7083
vertex 4.03911 19.8772 21.6931
endloop
endfacet

facet normal -0.698927 -0.404792 0.589614
outer loop
vertex -6.06719 -4.23752 34.8554
vertex -4.24419 -8.98772 33.7552
vertex -2.93789 -5.64222 37.6005
endloop
endfacet

facet normal -0.685146 -0.724475 0.075569
outer loop
vertex 34.5746 -4.14462 -12.6261
vertex 35.1719 -4.77282 -13.2332
vertex 35.6016 -5.17092 -13.1538
endloop
endfacet

facet normal 0.419015 0.115809 -0.900564
outer loop
vertex 15.5365 1.06288 36.2229
vertex 15.4413 2.01088 36.3005
vertex 16.4375 0.820881 36.611
endloop
endfacet

facet normal 0.586425 0.420039 0.692585
outer loop
vertex 1.83481 8.04848 34.0376
vertex -0.894893 8.43748 36.113
vertex -1.44119 6.94268 37.4821
endloop
endfacet

facet normal -0.814382 0.0487679 0.578277
outer loop
vertex 30.3758 -0.0758194 -15.519
vertex 30.9705 0.0305806 -14.6904
vertex 30.1073 1.49778 -16.0298
endloop
endfacet

facet normal -0.0139213 -0.782616 0.622349
outer loop
vertex 14.5417 6.84708 35.7838
vertex 11.5098 5.78988 34.3865
vertex 14.5823 6.28318 35.0756
endloop
endfacet

facet normal -0.894104 0.280658 0.349011
outer loop
vertex -25.7479 13.1806 -1.45046
vertex -23.3433 14.8673 3.35314
vertex -23.9615 17.3993 -0.266565
endloop
endfacet

facet normal -0.797836 0.135113 0.58754
outer loop
vertex 28.5139 7.92168 11.7788
vertex 30.0644 9.39098 13.5463
vertex 28.1798 8.77888 11.128
endloop
endfacet

facet normal -0.32809 -0.419591 -0.846345
outer loop
vertex 31.4403 -3.25532 -16.4933
vertex 32.1079 -2.84992 -16.9531
vertex 34.3652 -3.13412 -17.6872
endloop
endfacet

facet normal -0.62337 0.767543 0.149289
outer loop
vertex -22.9685 17.8697 8.37444
vertex -19.5994 19.7942 12.5474
vertex -18.4821 21.0291 10.864
endloop
endfacet

facet normal 0.410423 -0.905008 -0.111859
outer loop
vertex -28.6605 -4.06342 1.22404
vertex -26.9602 -3.19362 0.425535
vertex -27.9479 -3.94512 2.88194
endloop
endfacet

facet normal -0.170784 0.913125 -0.370184
outer loop
vertex 34.697 3.25928 -17.3984
vertex 36.4903 3.35188 -17.9972
vertex 34.8123 2.66558 -18.9159
endloop
endfacet

facet normal 0.160751 -0.985547 -0.0534395
outer loop
vertex 16.7881 -5.03672 19.2849
vertex 15.1941 -5.10012 15.66
vertex 19.2962 -4.47432 16.4582
endloop
endfacet

facet normal -0.930121 -0.268711 -0.250339
outer loop
vertex 10.1354 8.85158 -48.1011
vertex 12.5172 -0.138919 -47.3002
vertex 11.7525 1.70958 -46.4432
endloop
endfacet

facet normal -0.180375 0.311738 0.93289
outer loop
vertex 10.3592 16.2503 26.0328
vertex 9.03841 16.5864 25.6651
vertex 10.7803 14.6071 26.6633
endloop
endfacet

facet normal 0.10606 -0.499914 -0.859556
outer loop
vertex 36.4644 0.571581 -18.2047
vertex 33.8645 1.35128 -18.979
vertex 36.406 2.05958 -19.0773
endloop
endfacet

facet normal 0.736234 0.529529 0.421376
outer loop
vertex -6.64569 -23.3265 22.3749
vertex -6.64879 -23.5407 22.6494
vertex -5.85099 -23.648 21.3905
endloop
endfacet

facet normal 0.666416 0.649031 0.366945
outer loop
vertex -5.85099 -23.648 21.3905
vertex -6.64879 -23.5407 22.6494
vertex -4.73389 -25.2727 22.2353
endloop
endfacet

facet normal 0.777029 0.496299 0.387187
outer loop
vertex -12.2373 10.5039 -46.4003
vertex -13.6914 9.29178 -41.9284
vertex -12.1449 9.58338 -45.406
endloop
endfacet

facet normal 0.591015 0.508807 -0.625953
outer loop
vertex 22.564 8.02288 -12.329
vertex 24.8376 5.78828 -11.9987
vertex 23.9932 3.71528 -14.4811
endloop
endfacet

facet normal -0.179877 -0.935903 -0.302868
outer loop
vertex -16.7618 -10.4861 -26.2042
vertex -18.5939 -10.4065 -25.3619
vertex -18.557 -8.44472 -31.4463
endloop
endfacet

facet normal -0.413715 0.628967 -0.65821
outer loop
vertex 3.22881 10.2707 -29.4926
vertex 6.09331 13.6301 -28.083
vertex 4.53931 9.40538 -31.1432
endloop
endfacet

facet normal -0.0124869 0.937339 0.348194
outer loop
vertex -38.144 -3.48062 -13.3373
vertex -37.7608 -4.30542 -11.1033
vertex -36.0417 -3.83132 -12.3178
endloop
endfacet

facet normal 0.809126 -0.447828 0.380479
outer loop
vertex 20.8111 -8.17022 -5.28696
vertex 16.333 -16.6998 -5.80326
vertex 20.451 -10.0676 -6.75446
endloop
endfacet

facet normal -0.0160519 0.0868493 -0.996092
outer loop
vertex -4.05159 -16.6728 -19.6795
vertex -2.04929 -18.7166 -19.8899
vertex -9.88409 -17.1704 -19.6289
endloop
endfacet

facet normal 0.365648 -0.866605 0.339555
outer loop
vertex 15.5204 -8.80542 30.7052
vertex 14.4419 -8.82572 31.8149
vertex 13.8041 -9.30292 31.2838
endloop
endfacet

facet normal 0.661212 -0.474593 -0.580999
outer loop
vertex -33.2981 -2.57332 -4.51506
vertex -35.348 -3.19412 -6.34096
vertex -33.057 -0.835719 -5.66006
endloop
endfacet

facet normal -0.98882 -0.0680552 -0.132677
outer loop
vertex 10.0294 7.27338 -46.5013
vertex 9.89931 9.36208 -46.6033
vertex 10.1354 8.85158 -48.1011
endloop
endfacet

facet normal 0.89029 0.0945928 -0.445462
outer loop
vertex 37.3855 4.42578 -15.5779
vertex 37.0446 5.64008 -16.0014
vertex 39.6409 2.40778 -11.4989
endloop
endfacet

facet normal 0.88701 0.0786746 -0.454998
outer loop
vertex 37.0446 5.64008 -16.0014
vertex 39.1726 5.28278 -11.9147
vertex 39.6409 2.40778 -11.4989
endloop
endfacet

facet normal -0.798673 -0.488454 -0.351475
outer loop
vertex -5.92269 -22.6945 16.7864
vertex -8.72109 -18.8357 17.7826
vertex -7.92629 -18.4297 15.4126
endloop
endfacet

facet normal -0.972855 -0.0799067 0.217184
outer loop
vertex -41.2437 2.36878 8.24494
vertex -40.7275 -1.58902 9.10124
vertex -40.9036 0.0738806 8.92424
endloop
endfacet

facet normal -0.0890522 0.989014 0.117985
outer loop
vertex 4.78171 24.1063 -9.13826
vertex 2.65931 24.0353 -10.1452
vertex -0.960293 23.6335 -9.50896
endloop
endfacet

facet normal 0.932827 -0.0384153 -0.358271
outer loop
vertex 39.6409 2.40778 -11.4989
vertex 39.5582 -3.06012 -11.1278
vertex 37.8697 -0.231219 -15.8276
endloop
endfacet

facet normal -0.599475 0.0787784 0.796507
outer loop
vertex 27.8377 -2.68262 15.3672
vertex 25.8785 -4.67652 14.0899
vertex 27.9916 -3.78082 15.5917
endloop
endfacet

facet normal 0.766194 -0.213059 0.606261
outer loop
vertex 24.4523 -4.17602 -6.80576
vertex 24.2984 1.32198 -4.67906
vertex 20.5968 1.50968 0.0649352
endloop
endfacet

facet normal 0.583423 0.707649 -0.398562
outer loop
vertex 27.2131 12.6231 5.38124
vertex 28.7268 13.3215 8.83694
vertex 28.0856 10.5227 2.92904
endloop
endfacet

facet normal -0.536581 0.0121208 -0.843762
outer loop
vertex 15.0343 -7.04312 29.7991
vertex 15.9265 -7.65962 29.2229
vertex 13.8972 -8.84082 30.4964
endloop
endfacet

facet normal 0.470008 -0.880691 -0.058963
outer loop
vertex 37.8109 -4.87732 -13.882
vertex 39.1144 -4.36842 -11.0928
vertex 36.8585 -5.60062 -10.6699
endloop
endfacet

facet normal 0.147336 -0.000451893 -0.989086
outer loop
vertex 19.6537 -6.39772 -16.1298
vertex 22.0225 -0.622219 -15.7795
vertex 21.8931 -4.32202 -15.7971
endloop
endfacet

facet normal -0.101011 0.909847 -0.402461
outer loop
vertex 16.4232 13.1051 10.1377
vertex 21.2079 11.4144 5.11454
vertex 18.2715 11.0997 5.14004
endloop
endfacet

facet normal -0.625037 -0.621393 0.47244
outer loop
vertex -14.9167 -13.2093 16.0091
vertex -14.2262 -10.5311 20.4453
vertex -16.0366 -9.16732 19.8439
endloop
endfacet

facet normal 0.8589 0.151202 0.489315
outer loop
vertex -39.2664 10.3831 -3.94086
vertex -39.0434 8.57128 -3.77266
vertex -38.7583 9.35668 -4.51566
endloop
endfacet

facet normal 0.406132 0.816752 0.409846
outer loop
vertex 8.98371 21.3846 16.6073
vertex 10.3892 20.4433 17.0903
vertex 12.2564 21.4473 13.2393
endloop
endfacet

facet normal 0.6028 -0.0358266 -0.797088
outer loop
vertex 37.8585 -1.50292 -0.321865
vertex 39.7264 0.969681 0.979535
vertex 38.7524 -2.12632 0.382135
endloop
endfacet

facet normal 0.994515 -0.0977862 -0.0371092
outer loop
vertex 11.5191 -6.22592 21.0274
vertex 11.4253 -7.00772 20.5737
vertex 11.5427 -4.93932 18.2716
endloop
endfacet

facet normal 0.29497 0.937986 0.182141
outer loop
vertex -37.5415 1.63688 -15.3548
vertex -37.5564 2.03418 -17.3768
vertex -39.018 2.41548 -16.9733
endloop
endfacet

facet normal 0.0176631 -0.467558 0.883786
outer loop
vertex 18.3493 -8.44622 -44.3274
vertex 16.2965 -8.38692 -44.255
vertex 17.6484 -10.2018 -45.2422
endloop
endfacet

facet normal 0.237218 0.967588 -0.0866128
outer loop
vertex -17.913 13.6999 -44.9314
vertex -17.7502 14.1675 -39.2623
vertex -16.8424 13.669 -42.3442
endloop
endfacet

facet normal -0.846249 0.259575 -0.465278
outer loop
vertex -30.0468 -0.254619 -14.2328
vertex -30.6472 2.10568 -11.8241
vertex -29.1147 2.03778 -14.6493
endloop
endfacet

facet normal -0.0115355 -0.995094 0.0982635
outer loop
vertex 29.7662 -4.89902 3.18144
vertex 25.6017 -4.80122 3.68314
vertex 30.9325 -5.54822 -3.25526
endloop
endfacet

facet normal 0.372558 0.365231 -0.853116
outer loop
vertex 30.4504 -6.67562 -9.93326
vertex 29.3754 -5.84492 -10.0471
vertex 30.2946 -6.19802 -9.79686
endloop
endfacet

facet normal -0.275482 0.2697 -0.922698
outer loop
vertex -15.5901 22.2228 16.1077
vertex -14.6658 22.1105 15.7989
vertex -16.8169 20.9582 16.1043
endloop
endfacet

facet normal -0.553024 -0.126487 0.823508
outer loop
vertex -6.26339 -13.6154 34.331
vertex -8.02249 -13.8551 33.1128
vertex -6.84379 -14.3981 33.821
endloop
endfacet

facet normal 0.938969 -0.328302 0.10274
outer loop
vertex 19.3035 -7.13722 -38.6163
vertex 19.5365 -5.99192 -37.0865
vertex 19.081 -7.15402 -36.6364
endloop
endfacet

facet normal -0.0451332 -0.39325 0.918323
outer loop
vertex 11.1436 21.4235 17.6383
vertex 9.01641 22.1922 17.8629
vertex 8.96581 21.153 17.4154
endloop
endfacet

facet normal 0.710287 0.466468 -0.527162
outer loop
vertex 24.632 1.07538 -42.2601
vertex 20.8571 8.69138 -40.6071
vertex 25.2841 2.10348 -40.4717
endloop
endfacet

facet normal 0.508433 0.725653 0.463599
outer loop
vertex 10.539 12.9667 27.357
vertex 11.7831 11.6235 28.0951
vertex 13.0558 12.6731 25.0566
endloop
endfacet

facet normal 0.564305 0.628592 -0.535193
outer loop
vertex 17.9545 13.4218 -38.4343
vertex 21.0363 11.4565 -37.4931
vertex 21.5689 9.96218 -38.6867
endloop
endfacet

facet normal 0.0917523 0.726953 0.68053
outer loop
vertex -5.94879 15.8626 26.6116
vertex -8.46419 16.0236 26.7787
vertex -6.77399 14.6307 28.0387
endloop
endfacet

facet normal 0.561465 0.12964 0.817282
outer loop
vertex -8.78999 17.8725 23.444
vertex -10.3184 18.747 24.3552
vertex -10.6351 17.4769 24.7743
endloop
endfacet

facet normal -0.901111 0.209807 0.379446
outer loop
vertex -43.7014 2.54308 4.74104
vertex -42.9399 8.61658 3.19124
vertex -46.3895 6.61718 -3.89526
endloop
endfacet

facet normal -0.149926 0.875397 0.459567
outer loop
vertex 2.41181 16.214 25.961
vertex 4.36681 16.16 26.7018
vertex 5.75041 16.6994 26.1256
endloop
endfacet

facet normal 0.036329 -0.999297 -0.00927071
outer loop
vertex -35.3357 -4.70002 2.10904
vertex -37.5163 -4.75562 -0.439865
vertex -35.2715 -4.65652 -2.32756
endloop
endfacet

facet normal -0.455992 -0.861042 0.225116
outer loop
vertex -8.90709 -27.2947 -4.52996
vertex -15.1804 -23.1676 -1.45126
vertex -12.8518 -26.0982 -7.94386
endloop
endfacet

facet normal 0.852926 -0.512895 0.0972373
outer loop
vertex 4.97561 -20.1948 23.2633
vertex 3.61931 -22.4453 23.29
vertex 3.44241 -23.2862 20.4059
endloop
endfacet

facet normal 0.714518 -0.451131 0.534738
outer loop
vertex 2.45211 -22.296 28.8375
vertex 3.16231 -20.2099 29.6485
vertex 2.27101 -19.7125 31.2591
endloop
endfacet

facet normal -0.272908 -0.315675 0.908774
outer loop
vertex 26.1627 -1.94832 11.202
vertex 29.5987 2.54488 13.7946
vertex 27.7442 0.480781 12.5207
endloop
endfacet

facet normal -0.884442 -0.272412 0.378886
outer loop
vertex -10.1599 -14.5009 29.0477
vertex -9.99039 -17.0821 27.5875
vertex -9.71039 -16.0822 28.96
endloop
endfacet

facet normal -0.624675 0.25344 0.738613
outer loop
vertex -6.23859 7.70248 34.277
vertex -5.23229 3.61928 36.5291
vertex -2.78799 6.36688 37.6536
endloop
endfacet

facet normal -0.968521 0.234062 -0.0847432
outer loop
vertex -9.86169 19.4222 21.0012
vertex -10.3184 18.747 24.3552
vertex -9.84639 19.7991 21.8676
endloop
endfacet

facet normal -0.540752 0.689893 0.481284
outer loop
vertex 1.33461 -24.0587 21.3095
vertex 2.49891 -23.356 21.6104
vertex 1.90921 -23.328 20.9078
endloop
endfacet

facet normal 0.505009 0.110688 0.855987
outer loop
vertex -36.8633 9.32438 14.5487
vertex -38.4031 -2.48362 16.9841
vertex -36.521 -3.23502 15.9708
endloop
endfacet

facet normal -0.301268 -0.365466 -0.880723
outer loop
vertex -30.5073 2.27028 -5.92316
vertex -31.3057 -2.51152 -3.66576
vertex -31.7007 -1.89422 -3.78676
endloop
endfacet

facet normal -0.922524 -0.361681 -0.134673
outer loop
vertex -29.2611 -4.70542 -13.9856
vertex -29.0312 -6.57922 -10.5284
vertex -30.4879 -1.89022 -13.1427
endloop
endfacet

facet normal -0.924414 -0.115631 0.363439
outer loop
vertex -43.5696 -3.25532 3.23134
vertex -43.7014 2.54308 4.74104
vertex -45.8739 0.751281 -1.35486
endloop
endfacet

facet normal -0.407174 0.913041 0.0237757
outer loop
vertex -10.7201 -10.782 28.2373
vertex -7.92349 -9.63112 31.9322
vertex -9.25939 -10.1554 29.1892
endloop
endfacet

facet normal 0.368523 0.336835 0.866448
outer loop
vertex 14.4419 -8.82572 31.8149
vertex 16.5262 -7.12702 30.268
vertex 13.7693 -7.96802 31.7675
endloop
endfacet

facet normal -0.315774 -0.053215 -0.947341
outer loop
vertex -20.7486 -10.3378 -16.1067
vertex -18.984 -11.5744 -16.6255
vertex -20.2193 -11.6488 -16.2095
endloop
endfacet

facet normal 0.350336 0.90249 0.250551
outer loop
vertex 8.32191 23.1292 -10.1185
vertex 6.33171 23.4753 -8.58256
vertex 9.31641 22.4714 -9.13986
endloop
endfacet

facet normal -0.719218 0.378462 -0.582659
outer loop
vertex 23.1958 6.59978 0.924435
vertex 25.6612 7.19138 -1.73446
vertex 24.3003 4.25918 -1.95926
endloop
endfacet

facet normal -0.555999 -0.727223 0.402508
outer loop
vertex -14.0218 -14.4946 14.923
vertex -14.9167 -13.2093 16.0091
vertex -14.744 -15.1112 12.8113
endloop
endfacet

facet normal 0.561291 0.0187952 0.827405
outer loop
vertex 5.66341 -13.9891 27.2246
vertex 5.97711 -15.6368 27.0492
vertex 7.32581 -13.4419 26.0844
endloop
endfacet

facet normal 0.124521 -0.892726 0.433053
outer loop
vertex 6.85691 -16.7808 14.6553
vertex 3.46691 -17.1937 14.7787
vertex 5.97791 -19.9997 8.27234
endloop
endfacet

facet normal 0.442134 -0.858932 -0.258367
outer loop
vertex -13.3246 -9.39222 -27.42
vertex -13.8983 -9.04812 -29.5456
vertex -12.84 -9.07842 -27.634
endloop
endfacet

facet normal 0.0648994 -0.996201 0.0580651
outer loop
vertex 33.8729 -5.48932 -15.4911
vertex 33.6109 -5.57832 -16.7244
vertex 35.9963 -5.43242 -16.8881
endloop
endfacet

facet normal -0.182905 -0.361919 -0.91409
outer loop
vertex 28.7817 -6.61042 -9.62516
vertex 29.3754 -5.84492 -10.0471
vertex 30.4504 -6.67562 -9.93326
endloop
endfacet

facet normal 0.110018 0.964821 -0.238781
outer loop
vertex 4.78171 24.1063 -9.13826
vertex 8.22901 21.6813 -17.3485
vertex 4.19691 21.7559 -18.9048
endloop
endfacet

facet normal -0.966297 0.0806238 0.24448
outer loop
vertex -3.78549 -16.923 37.4756
vertex -3.47599 -15.8902 38.3584
vertex -4.22089 -17.1514 35.8302
endloop
endfacet

facet normal 0.792099 -0.392385 0.467561
outer loop
vertex 13.2567 -16.696 -0.588565
vertex 16.333 -16.6998 -5.80326
vertex 18.6223 -5.64682 -0.405665
endloop
endfacet

facet normal 0.794039 -0.400368 -0.457392
outer loop
vertex 6.43181 -15.4021 26.2483
vertex 6.26941 -14.883 25.512
vertex 7.32581 -13.4419 26.0844
endloop
endfacet

facet normal 0.609329 -0.783835 -0.119665
outer loop
vertex 17.5028 -14.7024 -46.4947
vertex 17.4525 -14.5382 -47.8268
vertex 18.6042 -13.7589 -47.0666
endloop
endfacet

facet normal 0.499226 0.840723 -0.20966
outer loop
vertex 11.1201 21.7671 -10.1202
vertex 14.9442 17.4291 -18.4097
vertex 8.22901 21.6813 -17.3485
endloop
endfacet

facet normal 0.652644 -0.523597 0.547633
outer loop
vertex 19.5365 -5.99192 -37.0865
vertex 20.6766 -5.89332 -38.3508
vertex 22.1347 -3.51842 -37.818
endloop
endfacet

facet normal 0.767689 0.280105 0.576364
outer loop
vertex 12.123 15.6124 24.3054
vertex 12.0683 16.8001 23.801
vertex 11.184 16.5067 25.1214
endloop
endfacet

facet normal 0.0654345 0.814169 0.576929
outer loop
vertex 13.7693 -7.96802 31.7675
vertex 16.5262 -7.12702 30.268
vertex 15.0207 -7.38792 30.807
endloop
endfacet

facet normal -0.895316 0.0120152 0.445269
outer loop
vertex -38.4031 -2.48362 16.9841
vertex -39.1344 11.5224 15.1356
vertex -39.5208 -3.11252 14.7536
endloop
endfacet

facet normal -0.47777 -0.847868 0.229905
outer loop
vertex -34.7315 -1.20112 8.87604
vertex -31.9236 -3.14012 7.56074
vertex -32.6481 -2.56572 8.17334
endloop
endfacet

facet normal 0.203207 -0.947635 0.246363
outer loop
vertex 6.10491 -15.5274 -19.3873
vertex 2.77731 -16.5442 -20.5538
vertex 9.14321 -15.1322 -20.3735
endloop
endfacet

facet normal -0.437102 -0.29496 -0.84967
outer loop
vertex -28.7749 -1.17612 -15.4609
vertex -26.6722 -8.69022 -13.9342
vertex -29.2611 -4.70542 -13.9856
endloop
endfacet

facet normal -0.488739 0.723079 -0.48815
outer loop
vertex -21.7706 12.1137 -40.6555
vertex -22.4224 13.5404 -37.8896
vertex -20.2384 13.3009 -40.431
endloop
endfacet

facet normal -0.178654 0.473423 0.862527
outer loop
vertex -6.01509 23.7103 -7.61246
vertex -6.33849 22.9 -7.23476
vertex -4.78779 22.7273 -6.81876
endloop
endfacet

facet normal -0.275983 0.62938 0.726439
outer loop
vertex -11.1542 -12.8128 25.7736
vertex -11.1633 -13.9883 26.7886
vertex -10.1441 -13.782 26.997
endloop
endfacet

facet normal -0.722941 -0.577014 -0.380014
outer loop
vertex -27.5397 -11.2298 -48.1802
vertex -29.1278 -9.52062 -47.7543
vertex -28.5884 -9.58792 -48.6783
endloop
endfacet

facet normal -0.216508 0.30939 -0.92596
outer loop
vertex -27.7977 4.47928 -14.3122
vertex -26.8377 4.96638 -14.3739
vertex -26.8042 2.93268 -15.0613
endloop
endfacet

facet normal 0.432311 0.212678 0.876285
outer loop
vertex 14.7491 18.2177 -10.0458
vertex 12.4099 20.5259 -9.45196
vertex 13.2202 17.9097 -9.21676
endloop
endfacet

facet normal 0.443998 -0.879175 0.172965
outer loop
vertex 13.2464 -6.65022 30.1512
vertex 13.5591 -7.02642 27.4363
vertex 15.0801 -5.96742 28.915
endloop
endfacet

facet normal 0.710361 0.206838 -0.672759
outer loop
vertex 5.66341 -13.9891 27.2246
vertex 5.90521 -13.498 27.6308
vertex 5.97711 -15.6368 27.0492
endloop
endfacet

facet normal -0.379277 -0.575402 -0.724611
outer loop
vertex 8.56281 21.1844 17.1824
vertex 5.48641 21.8594 18.2566
vertex 6.95621 22.3899 17.0661
endloop
endfacet

facet normal 0.99508 -0.010321 -0.0985392
outer loop
vertex -16.7171 -6.83732 -46.6581
vertex -16.8552 -5.14722 -48.2299
vertex -16.7497 0.0947806 -47.7133
endloop
endfacet

facet normal -0.0382888 0.0232654 -0.998996
outer loop
vertex -15.9394 1.82898 -46.6184
vertex -14.2152 7.66928 -46.5484
vertex -12.6213 4.82928 -46.6757
endloop
endfacet

facet normal 0.738315 0.355163 0.573368
outer loop
vertex 11.0769 17.5361 24.6218
vertex 11.184 16.5067 25.1214
vertex 12.0683 16.8001 23.801
endloop
endfacet

facet normal -0.396264 0.533367 -0.747325
outer loop
vertex -28.5043 5.69738 -13.0681
vertex -26.7035 8.32558 -12.1472
vertex -27.7977 4.47928 -14.3122
endloop
endfacet

facet normal -0.32045 0.532225 -0.783612
outer loop
vertex -27.7977 4.47928 -14.3122
vertex -26.7035 8.32558 -12.1472
vertex -26.8377 4.96638 -14.3739
endloop
endfacet

facet normal 0.686305 -0.346055 -0.639711
outer loop
vertex -28.6951 -0.456819 -3.46226
vertex -28.8718 2.82288 -5.42606
vertex -28.1646 1.90558 -4.17106
endloop
endfacet

facet normal -0.79671 -0.488411 -0.35596
outer loop
vertex -23.0147 -12.7135 -47.9398
vertex -22.2087 -14.2029 -47.7002
vertex -22.3784 -14.3861 -47.069
endloop
endfacet

facet normal 0.332428 -0.525884 -0.782903
outer loop
vertex 14.358 16.4262 21.2124
vertex 13.4383 15.9687 21.1292
vertex 13.1679 16.7417 20.4952
endloop
endfacet

facet normal 0.376497 -0.877505 -0.297044
outer loop
vertex -18.8888 -8.06172 -37.3263
vertex -15.6572 -7.80672 -33.9837
vertex -20.1147 -9.07782 -35.8784
endloop
endfacet

facet normal 0.933404 -0.235644 -0.27061
outer loop
vertex 5.66341 -13.9891 27.2246
vertex 5.96851 -12.5218 26.9992
vertex 5.90521 -13.498 27.6308
endloop
endfacet

facet normal 0.747489 -0.48369 0.455307
outer loop
vertex 15.8954 13.7382 10.7707
vertex 17.7686 12.6936 6.58574
vertex 17.364 14.9644 9.66224
endloop
endfacet

facet normal -0.863981 0.286057 0.414377
outer loop
vertex -29.4691 -4.26202 -46.6547
vertex -27.3419 1.34368 -46.0895
vertex -29.3542 -3.49732 -46.9432
endloop
endfacet

facet normal 0.88233 0.174623 0.437035
outer loop
vertex -33.8336 13.3745 5.76584
vertex -33.1151 8.37458 6.31304
vertex -32.7419 8.87058 5.36154
endloop
endfacet

facet normal 0.311079 -0.0185518 -0.950203
outer loop
vertex 22.1012 4.17838 -46.2379
vertex 23.5012 3.66958 -45.7696
vertex 23.6318 -0.691219 -45.6417
endloop
endfacet

facet normal -0.0731504 -0.519235 -0.851495
outer loop
vertex -15.2559 15.7812 25.5762
vertex -17.0171 14.6569 26.4131
vertex -16.0644 16.8756 24.9784
endloop
endfacet

facet normal 0.558625 -0.778262 0.286786
outer loop
vertex 7.20131 -13.1785 18.4978
vertex 10.8842 -9.82412 20.4269
vertex 7.06471 -12.69 20.0897
endloop
endfacet

facet normal -0.12071 0.0817253 -0.989318
outer loop
vertex -29.6686 -4.97652 -48.6591
vertex -29.6094 -3.97392 -48.5835
vertex -20.3672 3.14898 -49.1227
endloop
endfacet

facet normal 0.161292 -0.772989 0.613573
outer loop
vertex 33.5375 3.16708 -16.6998
vertex 34.2823 3.08448 -16.9996
vertex 34.8032 4.43928 -15.4297
endloop
endfacet

facet normal -0.63149 0.00639382 0.775358
outer loop
vertex 31.8833 1.36608 11.4906
vertex 29.6277 -3.53412 9.69394
vertex 31.3369 -2.24182 11.0753
endloop
endfacet

facet normal 0.593187 0.740323 -0.316308
outer loop
vertex 14.0558 20.15 7.22334
vertex 17.5929 17.8164 8.39464
vertex 17.3055 16.43 4.61074
endloop
endfacet

facet normal 0.962827 0.268854 0.0261178
outer loop
vertex -8.59429 21.3479 19.2838
vertex -8.24799 19.8354 22.0867
vertex -8.25069 19.9297 21.2174
endloop
endfacet

facet normal -0.243038 0.680648 0.691123
outer loop
vertex 4.36681 16.16 26.7018
vertex 2.41181 16.214 25.961
vertex 3.79831 15.726 26.9293
endloop
endfacet

facet normal -0.0450075 -0.992781 0.111174
outer loop
vertex -1.84459 -21.9791 23.2382
vertex -2.15969 -22.1139 21.9068
vertex 1.25161 -22.2136 22.3974
endloop
endfacet

facet normal -0.498553 -0.0871383 -0.862469
outer loop
vertex -11.7543 -15.2646 22.3185
vertex -10.7205 -14.8437 21.6784
vertex -10.1708 -16.9605 21.5745
endloop
endfacet

facet normal 0.494497 -0.530209 -0.688732
outer loop
vertex 20.6766 -5.89332 -38.3508
vertex 18.361 -6.00562 -39.9269
vertex 21.4676 -3.09882 -39.9342
endloop
endfacet

facet normal -0.405349 -0.823593 0.396719
outer loop
vertex 30.9705 0.0305806 -14.6904
vertex 30.3758 -0.0758194 -15.519
vertex 31.4504 -0.448019 -15.1936
endloop
endfacet

facet normal 0.906321 0.409871 -0.1029
outer loop
vertex 18.5325 14.4654 3.03404
vertex 19.8834 11.5988 3.51394
vertex 20.0268 10.8453 1.77524
endloop
endfacet

facet normal -0.163802 0.956216 -0.242527
outer loop
vertex -34.5555 8.36358 -3.63026
vertex -37.3863 8.39858 -1.58046
vertex -36.4219 8.86858 -0.378765
endloop
endfacet

facet normal -0.763478 0.107527 -0.63682
outer loop
vertex -10.4414 -17.3496 23.5668
vertex -10.2936 -17.7324 23.325
vertex -10.6543 -18.8847 23.5628
endloop
endfacet

facet normal 0.480577 -0.87223 -0.0908893
outer loop
vertex -21.4574 -9.15662 -43.5545
vertex -21.024 -8.83262 -44.3732
vertex -19.4582 -7.96152 -44.4527
endloop
endfacet

facet normal -0.483889 -0.869147 -0.102151
outer loop
vertex 18.2222 0.654381 35.9715
vertex 17.4766 1.10128 35.7003
vertex 17.7159 1.09138 34.6516
endloop
endfacet

facet normal -0.188012 -0.83234 0.521404
outer loop
vertex -12.392 -18.6189 9.57784
vertex -11.9072 -20.1652 7.28424
vertex -6.98589 -20.0073 9.31074
endloop
endfacet

facet normal 0.91557 -0.399968 0.0419247
outer loop
vertex -35.7962 -4.16682 -5.83386
vertex -36.3952 -5.82062 -8.52956
vertex -35.348 -3.19412 -6.34096
endloop
endfacet

facet normal -0.77497 0.396463 -0.492179
outer loop
vertex 6.77821 8.57758 -35.1344
vertex 9.11411 9.06528 -38.4196
vertex 6.02901 2.68028 -38.7053
endloop
endfacet

facet normal -0.297069 -0.608443 -0.735899
outer loop
vertex -15.2295 14.3341 26.7621
vertex -15.2559 15.7812 25.5762
vertex -14.9106 14.6621 26.3621
endloop
endfacet

facet normal 0.841289 0.116993 0.527773
outer loop
vertex 12.2175 -7.77942 19.4819
vertex 11.4253 -7.00772 20.5737
vertex 10.81 -8.56782 21.9004
endloop
endfacet

facet normal -0.23279 0.902236 0.363012
outer loop
vertex 31.7857 -7.25752 -2.23636
vertex 33.5431 -6.56072 -2.84126
vertex 32.6838 -6.75712 -2.90406
endloop
endfacet

facet normal -0.496558 -0.80364 0.328015
outer loop
vertex 5.74591 -20.5772 23.4926
vertex 5.21181 -19.9189 24.2969
vertex 4.97561 -20.1948 23.2633
endloop
endfacet

facet normal -0.804031 -0.302195 -0.512067
outer loop
vertex 34.8032 4.43928 -15.4297
vertex 35.301 3.57498 -15.7014
vertex 34.2029 2.58138 -13.3908
endloop
endfacet

facet normal 0.522986 0.489309 0.697899
outer loop
vertex 19.7097 7.39098 27.7605
vertex 16.989 12.7935 26.0115
vertex 14.9443 10.1612 29.3893
endloop
endfacet

facet normal 0.915548 -0.39814 0.0570729
outer loop
vertex 14.5573 6.11038 34.272
vertex 14.7957 6.65268 34.23
vertex 14.5823 6.28318 35.0756
endloop
endfacet

facet normal -0.431101 -0.630787 -0.645182
outer loop
vertex -2.11549 -25.6632 17.145
vertex -5.92269 -22.6945 16.7864
vertex -5.52479 -20.2924 14.1721
endloop
endfacet

facet normal -0.655243 0.729349 -0.196741
outer loop
vertex 29.5718 -4.09682 5.63304
vertex 27.4102 -5.60942 7.22474
vertex 30.0327 -3.02452 8.07324
endloop
endfacet

facet normal -0.796104 0.575804 0.186195
outer loop
vertex 15.0207 -7.38792 30.807
vertex 15.0343 -7.04312 29.7991
vertex 13.8972 -8.84082 30.4964
endloop
endfacet

facet normal 0.287372 0.939718 -0.185332
outer loop
vertex 37.4261 3.42988 -16.1512
vertex 36.4903 3.35188 -17.9972
vertex 35.741 3.73008 -17.2417
endloop
endfacet

facet normal 0.506734 -0.84475 -0.172098
outer loop
vertex 13.5118 -23.6765 -11.2571
vertex 7.23821 -26.9229 -13.7945
vertex 13.1244 -22.8699 -16.3567
endloop
endfacet

facet normal 0.0992714 0.55302 0.827233
outer loop
vertex 11.5098 5.78988 34.3865
vertex 9.48081 9.69468 32.0195
vertex 1.83481 8.04848 34.0376
endloop
endfacet

facet normal -0.642217 -0.2682 0.718071
outer loop
vertex -7.42589 17.9681 28.0882
vertex -9.28979 18.3089 26.5485
vertex -7.93459 16.5566 27.106
endloop
endfacet

facet normal 0.683996 -0.718411 -0.126625
outer loop
vertex 23.4108 -8.51982 -10.3299
vertex 19.0966 -12.3402 -11.9591
vertex 23.079 -8.35312 -13.068
endloop
endfacet

facet normal -0.55769 -0.824833 0.0929081
outer loop
vertex -18.1642 -22.8054 -10.5986
vertex -12.8518 -26.0982 -7.94386
vertex -16.8642 -23.1158 -5.55096
endloop
endfacet

facet normal -0.915021 0.10641 -0.38912
outer loop
vertex 34.2648 -1.15522 -14.5582
vertex 34.2029 2.58138 -13.3908
vertex 35.301 3.57498 -15.7014
endloop
endfacet

facet normal 0.217768 -0.962822 -0.159846
outer loop
vertex -27.4738 -3.11422 6.65774
vertex -25.4951 -2.95152 8.37324
vertex -26.8031 -3.39212 9.24484
endloop
endfacet

facet normal -0.71644 -0.660359 0.225031
outer loop
vertex 30.8088 -6.03622 -3.66976
vertex 29.2541 -4.66092 -4.58346
vertex 30.872 -6.94272 -6.12856
endloop
endfacet

facet normal 0.21056 0.958025 -0.194558
outer loop
vertex 4.78171 24.1063 -9.13826
vertex 8.32191 23.1292 -10.1185
vertex 8.22901 21.6813 -17.3485
endloop
endfacet

facet normal 0.537388 0.162767 -0.827479
outer loop
vertex -12.9117 0.253181 -43.6215
vertex -11.2714 2.33638 -42.1464
vertex -11.0294 -1.92252 -42.827
endloop
endfacet

facet normal -0.52671 0.845621 -0.0866175
outer loop
vertex 7.96921 10.464 -46.3971
vertex 13.0236 14.0648 -41.9784
vertex 13.1008 13.834 -44.7013
endloop
endfacet

facet normal 0.0421523 0.969008 -0.243407
outer loop
vertex 11.2317 15.0982 -28.081
vertex 14.2415 14.2688 -30.8615
vertex 12.2212 14.0515 -32.0765
endloop
endfacet

facet normal -0.734407 -0.210442 0.64526
outer loop
vertex -27.763 -1.49342 -4.36136
vertex -24.9516 -0.0638194 -0.695265
vertex -26.9873 0.633381 -2.78486
endloop
endfacet

facet normal -0.940306 -0.100728 -0.325082
outer loop
vertex 5.89811 0.715081 -38.7379
vertex 4.75431 0.347881 -35.3157
vertex 4.61221 2.32318 -35.5167
endloop
endfacet

facet normal 0.879804 0.472905 0.0480097
outer loop
vertex 5.19801 20.553 22.4726
vertex 5.97171 18.9621 23.9649
vertex 6.00091 19.1469 21.6107
endloop
endfacet

facet normal 0.482388 0.596728 -0.641263
outer loop
vertex 15.774 21.9605 -6.04966
vertex 19.3128 18.3194 -6.77576
vertex 17.8884 17.7902 -8.33976
endloop
endfacet

facet normal -0.25864 0.955762 0.140083
outer loop
vertex -4.68519 17.471 24.4365
vertex -2.18439 17.6464 27.8569
vertex -2.70559 18.1308 23.59
endloop
endfacet

facet normal 0.82486 -0.0364405 0.564161
outer loop
vertex 28.9581 4.56738 12.5894
vertex 28.4154 2.55528 13.253
vertex 28.5487 1.86338 13.0135
endloop
endfacet

facet normal 0.0764837 -0.987492 0.137876
outer loop
vertex 30.9325 -5.54822 -3.25526
vertex 34.1032 -5.14182 -2.10386
vertex 32.1277 -4.99052 0.0759352
endloop
endfacet

facet normal 0.352236 0.2815 0.892574
outer loop
vertex 1.57721 -13.9017 35.4277
vertex 2.84121 -11.161 34.0645
vertex 1.90231 -11.7296 34.6143
endloop
endfacet

facet normal -0.718889 -0.61116 -0.331185
outer loop
vertex 12.5273 -6.50922 -44.3378
vertex 10.4391 -4.33452 -43.8182
vertex 10.4141 -3.07752 -46.0836
endloop
endfacet

facet normal -0.125255 -0.986337 -0.107009
outer loop
vertex 11.1492 -6.35252 31.753
vertex 9.65381 -6.13472 31.4967
vertex 10.7689 -6.26352 31.3786
endloop
endfacet

facet normal 0.175044 0.957505 0.229224
outer loop
vertex 4.44941 25.6223 1.79584
vertex 10.129 24.2881 3.03174
vertex 7.43731 26.134 -2.62336
endloop
endfacet

facet normal -0.52243 0.850829 0.0561808
outer loop
vertex -21.7706 12.1137 -40.6555
vertex -20.4882 13.1034 -43.7182
vertex -23.3965 11.4932 -46.3775
endloop
endfacet

facet normal 0.47387 -0.759295 0.446002
outer loop
vertex 5.38221 -25.8953 0.368035
vertex 11.3338 -22.65 -0.430465
vertex 10.2001 -19.5939 5.97684
endloop
endfacet

facet normal -0.266859 -0.62133 -0.736705
outer loop
vertex 24.5425 -4.28632 2.68994
vertex 22.4326 -2.85162 2.24424
vertex 22.538 -1.50692 1.07194
endloop
endfacet

facet normal -0.81246 -0.274468 0.514369
outer loop
vertex -23.1497 1.57228 28.3121
vertex -20.5263 -2.66552 30.1946
vertex -20.8346 0.944481 31.6339
endloop
endfacet

facet normal -0.485902 -0.871524 0.0659183
outer loop
vertex -13.8085 -8.05342 25.5749
vertex -21.1748 -3.83462 27.0538
vertex -16.9602 -6.58352 21.7765
endloop
endfacet

facet normal 0.413726 -0.667224 -0.61939
outer loop
vertex -39.4272 -4.13902 10.9315
vertex -41.9512 -4.35022 9.47304
vertex -40.258 -3.36342 9.54104
endloop
endfacet

facet normal -0.254336 0.737145 0.626044
outer loop
vertex -13.1246 20.9428 17.5062
vertex -15.5283 20.3586 17.2175
vertex -17.0407 16.8251 20.7637
endloop
endfacet

facet normal -0.15822 0.938618 -0.306532
outer loop
vertex 12.7177 7.34208 34.5759
vertex 14.3037 7.47028 34.1499
vertex 12.8605 6.87758 33.0797
endloop
endfacet

facet normal 0.701787 0.711402 -0.037446
outer loop
vertex 25.8981 10.9803 10.1864
vertex 26.7233 10.3336 13.3668
vertex 28.1798 8.77888 11.128
endloop
endfacet

facet normal 0.156938 0.532112 -0.832002
outer loop
vertex -10.1031 14.3002 -27.4927
vertex -6.66069 12.5301 -27.9755
vertex -7.80749 10.1504 -29.7137
endloop
endfacet

facet normal 0.864309 -0.063951 0.49888
outer loop
vertex 35.5903 4.52628 8.10134
vertex 33.3347 3.57768 11.8875
vertex 33.026 1.16248 12.1126
endloop
endfacet

facet normal 0.809738 0.46247 0.361172
outer loop
vertex 40.4135 7.30898 -9.28846
vertex 38.6629 7.34398 -5.40836
vertex 39.7567 5.42968 -5.40946
endloop
endfacet

facet normal -0.832844 0.277946 -0.478661
outer loop
vertex 36.3159 7.49498 -9.51876
vertex 34.6772 8.78568 -5.91806
vertex 36.8993 8.90068 -9.71756
endloop
endfacet

facet normal -0.218697 0.0995879 0.970698
outer loop
vertex -10.3415 -15.306 27.1089
vertex -10.1441 -13.782 26.997
vertex -11.1633 -13.9883 26.7886
endloop
endfacet

facet normal 0.902608 0.429543 0.0281419
outer loop
vertex 20.4212 7.80698 -47.7401
vertex 20.3846 7.77438 -46.0669
vertex 22.1012 4.17838 -46.2379
endloop
endfacet

facet normal 0.551515 0.83399 0.0170821
outer loop
vertex 38.4053 6.50358 -12.2055
vertex 37.3403 7.16698 -10.2117
vertex 39.122 5.99408 -10.4757
endloop
endfacet

facet normal -0.342747 -0.296595 0.891379
outer loop
vertex -11.5563 19.9207 26.0763
vertex -11.398 18.235 25.5762
vertex -8.98409 19.3997 26.8919
endloop
endfacet

facet normal -0.984115 -0.162147 0.0722871
outer loop
vertex -30.5316 -0.130319 -9.79096
vertex -30.4879 -1.89022 -13.1427
vertex -29.9389 -3.84052 -10.0442
endloop
endfacet

facet normal 0.562924 0.822202 0.0842624
outer loop
vertex 4.78131 -9.90422 29.4869
vertex 4.98221 -10.1189 30.2402
vertex 6.02451 -10.5554 27.5366
endloop
endfacet

facet normal -0.301027 -0.915651 -0.266396
outer loop
vertex -7.31269 -16.4803 -20.4717
vertex -15.9726 -13.3597 -21.4119
vertex -5.70749 -16.8488 -21.019
endloop
endfacet

facet normal 0.35899 0.88645 -0.292116
outer loop
vertex -17.8691 13.2117 -37.5035
vertex -15.3277 13.9384 -32.1749
vertex -16.6983 12.6984 -37.6224
endloop
endfacet

facet normal 0.66659 0.640082 0.382037
outer loop
vertex 11.8774 21.0649 8.53514
vertex 14.2213 20.7189 5.02504
vertex 14.9254 22.395 0.988235
endloop
endfacet

facet normal -0.0573749 -0.982132 -0.179233
outer loop
vertex 25.0374 -5.82892 7.67774
vertex 24.2168 -5.73312 7.41554
vertex 23.5395 -5.13342 4.34664
endloop
endfacet

facet normal 0.539232 0.630647 -0.558134
outer loop
vertex -34.3842 6.33178 -5.93356
vertex -35.4325 7.35938 -5.78516
vertex -34.4643 7.20938 -5.01926
endloop
endfacet

facet normal 0.10916 0.654586 -0.748065
outer loop
vertex 8.65521 22.8363 16.6115
vertex 11.8875 21.8707 16.2383
vertex 9.05511 22.1534 16.0723
endloop
endfacet

facet normal -0.120586 -0.991016 -0.0578422
outer loop
vertex 9.65381 -6.13472 31.4967
vertex 9.06041 -6.03712 31.0607
vertex 10.7689 -6.26352 31.3786
endloop
endfacet

facet normal 0.522706 -0.767599 0.370905
outer loop
vertex 12.7959 -18.3808 4.82914
vertex 10.6614 -17.1193 10.448
vertex 10.2001 -19.5939 5.97684
endloop
endfacet

facet normal 0.414527 -0.81367 0.407563
outer loop
vertex 10.2001 -19.5939 5.97684
vertex 10.6614 -17.1193 10.448
vertex 7.52021 -19.4669 8.95614
endloop
endfacet

facet normal 0.614664 -0.768186 0.179106
outer loop
vertex 8.62091 -8.88312 25.2862
vertex 10.7892 -7.40712 24.1756
vertex 10.2805 -7.13002 27.1098
endloop
endfacet

facet normal -0.0459747 0.953302 -0.298499
outer loop
vertex 34.142 5.44438 -18.4225
vertex 35.01 5.96628 -16.8894
vertex 36.381 6.44838 -15.5608
endloop
endfacet

facet normal 0.858527 0.318999 0.401462
outer loop
vertex 22.1012 4.17838 -46.2379
vertex 23.6318 -0.691219 -45.6417
vertex 24.2469 -1.42692 -46.3724
endloop
endfacet

facet normal 0.534846 -0.61983 0.574239
outer loop
vertex 14.5859 -11.263 -16.429
vertex 16.921 -9.95952 -17.1969
vertex 17.3439 -8.53712 -16.0554
endloop
endfacet

facet normal 0.418904 0.869827 0.260616
outer loop
vertex 35.398 6.00848 2.07914
vertex 35.7352 5.85198 2.05934
vertex 36.6826 5.90308 0.366035
endloop
endfacet

facet normal 0.493541 -0.0215977 0.869454
outer loop
vertex 15.5365 1.06288 36.2229
vertex 16.8008 2.24748 35.5347
vertex 15.4413 2.01088 36.3005
endloop
endfacet

facet normal -0.327653 -0.911969 0.246892
outer loop
vertex -38.8026 -3.87432 10.8337
vertex -45.7112 -4.83012 -1.86506
vertex -36.5923 -6.98982 2.25924
endloop
endfacet

facet normal 0.207614 0.890325 -0.405239
outer loop
vertex -40.8994 3.08718 -16.776
vertex -37.5564 2.03418 -17.3768
vertex -42.3162 2.82788 -18.0716
endloop
endfacet

facet normal -0.609416 0.309631 0.729891
outer loop
vertex -19.3422 -5.58462 13.9098
vertex -21.0921 -5.73302 12.5117
vertex -19.803 -7.58672 14.3744
endloop
endfacet

facet normal 0.0892491 0.865211 0.493402
outer loop
vertex -8.60309 19.3456 21.2127
vertex -5.24659 20.212 19.0863
vertex -8.93839 20.0258 20.0806
endloop
endfacet

facet normal 0.512518 -0.498964 -0.698828
outer loop
vertex 22.7608 -11.6824 -47.9659
vertex 21.8064 -11.788 -48.5904
vertex 23.7475 -10.1235 -48.3553
endloop
endfacet

facet normal -0.491462 -0.611063 -0.620537
outer loop
vertex -2.61729 -24.3574 27.0203
vertex -3.53739 -24.272 27.6649
vertex -4.32619 -22.7701 26.8107
endloop
endfacet

facet normal -0.0659083 -0.509855 0.857732
outer loop
vertex -10.4476 -1.67762 36.0405
vertex -6.06719 -4.23752 34.8554
vertex -5.80259 -2.89512 35.6737
endloop
endfacet

facet normal 0.660044 -0.746346 -0.0854999
outer loop
vertex 5.96581 -16.9137 27.0708
vertex 5.52521 -17.3863 27.7935
vertex 5.03771 -17.7128 26.8809
endloop
endfacet

facet normal -0.735641 -0.670837 -0.0938638
outer loop
vertex -9.25759 -17.996 28.3757
vertex -9.99039 -17.0821 27.5875
vertex -9.25209 -17.8188 27.066
endloop
endfacet

facet normal 0.994796 -0.0926934 0.0422992
outer loop
vertex 26.3134 0.726781 -10.0455
vertex 25.8968 -3.67622 -9.89716
vertex 26.3399 -0.593619 -13.5639
endloop
endfacet

facet normal -0.465773 0.308127 -0.829526
outer loop
vertex 34.1007 4.48358 7.35594
vertex 34.7449 4.64608 7.05464
vertex 33.6587 2.46228 6.85334
endloop
endfacet

facet normal -0.333463 -0.795365 -0.50616
outer loop
vertex 13.8041 -9.30292 31.2838
vertex 11.9446 -8.87142 31.8308
vertex 13.8972 -8.84082 30.4964
endloop
endfacet

facet normal -0.531396 -0.729179 -0.43118
outer loop
vertex 8.57391 -8.39012 -29.5301
vertex 6.38681 -3.40522 -35.2647
vertex 11.0863 -7.23542 -34.5791
endloop
endfacet

facet normal 0.595943 -0.42546 0.681055
outer loop
vertex 31.7106 0.995681 9.11054
vertex 32.0674 0.155681 8.27354
vertex 32.7452 1.18168 8.32144
endloop
endfacet

facet normal 0.463741 0.00935789 -0.885921
outer loop
vertex 12.3461 16.244 25.7269
vertex 11.184 16.5067 25.1214
vertex 11.759 17.4066 25.4319
endloop
endfacet

facet normal -0.754307 -0.528364 0.389682
outer loop
vertex -21.922 -14.2718 -5.45146
vertex -18.4063 -17.7664 -3.38426
vertex -17.25 -17.6531 -0.992565
endloop
endfacet

facet normal 0.724004 0.673742 -0.147951
outer loop
vertex -36.8381 -4.40142 -10.1959
vertex -36.253 -4.84932 -9.37216
vertex -36.1263 -5.32602 -10.923
endloop
endfacet

facet normal 0.509975 0.738912 -0.44038
outer loop
vertex -37.7608 -4.30542 -11.1033
vertex -36.8381 -4.40142 -10.1959
vertex -36.1263 -5.32602 -10.923
endloop
endfacet

facet normal 0.525024 -0.239472 -0.816703
outer loop
vertex 21.9408 -6.08292 -15.2502
vertex 21.8931 -4.32202 -15.7971
vertex 24.0264 -0.611219 -15.5138
endloop
endfacet

facet normal 0.126563 -0.181136 0.97528
outer loop
vertex 6.65311 19.5648 26.2128
vertex 7.56011 18.6934 25.9332
vertex 9.21531 19.2675 25.8251
endloop
endfacet

facet normal -0.0292834 0.967351 0.251745
outer loop
vertex -4.60549 22.7384 10.4844
vertex -0.425593 23.1064 9.55634
vertex -1.86389 25.5196 0.116335
endloop
endfacet

facet normal 0.935365 -0.140731 0.324481
outer loop
vertex 17.6026 2.01508 34.2448
vertex 18.427 2.09838 31.9045
vertex 18.8834 3.17568 31.0561
endloop
endfacet

facet normal -0.727028 -0.64751 0.228386
outer loop
vertex -4.18429 -27.2337 21.2937
vertex -5.10209 -26.0202 21.8129
vertex -7.30479 -24.0804 20.3005
endloop
endfacet

facet normal 0.48398 -0.848034 -0.215874
outer loop
vertex 15.1742 -8.76892 -29.6383
vertex 17.5551 -8.17462 -26.6347
vertex 13.7378 -10.648 -25.4768
endloop
endfacet

facet normal 0.155723 0.746514 0.646891
outer loop
vertex 18.1967 -2.95782 33.9957
vertex 16.4526 -3.71432 35.2884
vertex 17.4176 -4.17292 35.5854
endloop
endfacet

facet normal 0.0809904 -0.452873 0.887889
outer loop
vertex 13.056 5.24948 33.9698
vertex 14.5573 6.11038 34.272
vertex 11.5098 5.78988 34.3865
endloop
endfacet

facet normal 0.110002 -0.97241 0.205716
outer loop
vertex 11.5098 5.78988 34.3865
vertex 14.5573 6.11038 34.272
vertex 14.5823 6.28318 35.0756
endloop
endfacet

facet normal 0.0451046 0.832597 -0.55204
outer loop
vertex 4.19691 21.7559 -18.9048
vertex 6.87741 21.021 -19.7941
vertex 3.03541 20.3721 -21.0867
endloop
endfacet

facet normal 0.480649 -0.736439 0.476061
outer loop
vertex 32.6749 -6.15172 -6.44386
vertex 33.7474 -5.62702 -6.71496
vertex 32.2256 -5.50582 -4.99116
endloop
endfacet

facet normal -0.683609 0.197197 0.702704
outer loop
vertex -19.7928 18.3935 -9.08666
vertex -20.9193 17.4373 -9.91416
vertex -20.6133 16.8597 -9.45446
endloop
endfacet

facet normal -0.296431 0.554887 -0.777322
outer loop
vertex -28.9993 10.759 2.96334
vertex -26.8177 9.09788 0.945635
vertex -28.1469 8.36118 0.926635
endloop
endfacet

facet normal 0.372529 0.448684 0.812345
outer loop
vertex 1.55421 22.9677 -7.29976
vertex 0.475507 23.7625 -7.24416
vertex 0.0191074 23.117 -6.67826
endloop
endfacet

facet normal 0.818758 0.421851 -0.389457
outer loop
vertex 37.0446 5.64008 -16.0014
vertex 38.4053 6.50358 -12.2055
vertex 39.1726 5.28278 -11.9147
endloop
endfacet

facet normal -0.14562 0.81789 0.556642
outer loop
vertex -33.1151 8.37458 6.31304
vertex -35.1615 6.88248 7.97004
vertex -32.2996 8.55218 6.26544
endloop
endfacet

facet normal 0.418803 0.375166 0.826955
outer loop
vertex 1.80311 -9.20992 33.2913
vertex -0.605893 -8.62962 34.2481
vertex 0.129407 -10.4223 34.689
endloop
endfacet

facet normal 0.230111 -0.958 -0.171129
outer loop
vertex 7.23821 -26.9229 -13.7945
vertex 0.710707 -29.3261 -9.11796
vertex -0.276893 -28.4942 -15.1033
endloop
endfacet

facet normal 0.850599 0.519204 -0.0831206
outer loop
vertex 18.5657 19.8606 -4.79446
vertex 20.5336 16.6799 -4.52506
vertex 19.3128 18.3194 -6.77576
endloop
endfacet

facet normal -0.378901 0.186682 -0.906413
outer loop
vertex -27.7358 3.50708 -46.0312
vertex -27.3171 5.32208 -45.8324
vertex -25.5913 8.68778 -45.8607
endloop
endfacet

facet normal 0.664432 -0.307354 -0.681222
outer loop
vertex -42.9152 4.31648 -16.762
vertex -42.1261 5.89058 -16.7025
vertex -41.5804 3.78558 -15.2205
endloop
endfacet

facet normal -0.412 0.891006 -0.190693
outer loop
vertex 15.5122 13.4955 15.6444
vertex 15.0422 14.4365 21.0566
vertex 17.4318 14.9783 18.4251
endloop
endfacet

facet normal 0.547091 0.688486 0.476108
outer loop
vertex 15.3034 18.5019 -11.0938
vertex 14.7491 18.2177 -10.0458
vertex 17.4022 16.593 -10.7451
endloop
endfacet

facet normal -0.690671 -0.509761 0.512949
outer loop
vertex -15.7012 -17.0703 3.71544
vertex -13.2692 -15.8446 8.20824
vertex -15.6275 -14.1349 6.73174
endloop
endfacet

facet normal -0.827808 0.551606 -0.102297
outer loop
vertex 32.0674 0.155681 8.27354
vertex 31.6198 -0.453119 8.61264
vertex 32.7452 1.18168 8.32144
endloop
endfacet

facet normal -0.263362 0.821362 0.50597
outer loop
vertex -13.1246 20.9428 17.5062
vertex -15.6998 17.3908 21.9318
vertex -10.8089 18.4019 22.8363
endloop
endfacet

facet normal -0.622939 -0.747469 0.230734
outer loop
vertex 15.1273 -8.25332 -37.1103
vertex 9.53521 -3.92432 -38.1843
vertex 14.6637 -8.10622 -37.8856
endloop
endfacet

facet normal 0.0267766 -0.89476 0.445743
outer loop
vertex -14.6126 -14.0806 -19.3317
vertex -13.5714 -13.6587 -18.5473
vertex -15.0548 -13.5044 -18.1484
endloop
endfacet

facet normal -0.626889 -0.630135 0.458193
outer loop
vertex -14.2262 -10.5311 20.4453
vertex -14.9113 -8.33312 22.5307
vertex -16.0366 -9.16732 19.8439
endloop
endfacet

facet normal -0.325999 -0.839379 0.434934
outer loop
vertex -38.261 -6.75172 -7.94906
vertex -37.5062 -5.31582 -4.61206
vertex -39.2626 -6.43362 -8.08586
endloop
endfacet

facet normal 0.547586 -0.559962 0.621765
outer loop
vertex -35.7821 -5.40372 -2.55086
vertex -35.2715 -4.65652 -2.32756
vertex -37.5163 -4.75562 -0.439865
endloop
endfacet

facet normal -0.864198 0.317139 0.390621
outer loop
vertex -9.25939 -10.1554 29.1892
vertex -8.99179 -9.67942 29.3948
vertex -11.149 -11.1317 25.8014
endloop
endfacet

facet normal -0.610536 0.412122 -0.676314
outer loop
vertex 18.3446 -8.11532 -15.9946
vertex 19.6537 -6.39772 -16.1298
vertex 16.4601 -11.4833 -16.3457
endloop
endfacet

facet normal -0.216084 0.97431 0.0634637
outer loop
vertex 34.1007 4.48358 7.35594
vertex 33.4106 4.18308 9.61944
vertex 34.7449 4.64608 7.05464
endloop
endfacet

facet normal -0.629058 -0.777358 -0.000815461
outer loop
vertex -21.2885 -8.97762 -37.6533
vertex -21.4672 -8.83422 -36.5513
vertex -22.4679 -8.02402 -36.8787
endloop
endfacet

facet normal -0.374894 0.0562618 0.925359
outer loop
vertex -11.2814 21.2531 18.2341
vertex -13.2356 21.6824 17.4162
vertex -13.1246 20.9428 17.5062
endloop
endfacet

facet normal 0.853029 0.0960536 0.512948
outer loop
vertex 17.6026 2.01508 34.2448
vertex 18.1445 5.57728 32.6766
vertex 16.8008 2.24748 35.5347
endloop
endfacet

facet normal 0.361588 -0.54292 -0.757953
outer loop
vertex -2.11549 -25.6632 17.145
vertex 1.26861 -22.7359 16.6626
vertex -0.750093 -27.4231 19.057
endloop
endfacet

facet normal 0.457222 -0.473452 0.752855
outer loop
vertex -6.97599 -23.5196 21.342
vertex -5.76569 -22.8939 21.0005
vertex -5.70839 -21.8809 21.6028
endloop
endfacet

facet normal 0.965644 0.00375681 -0.259843
outer loop
vertex -14.0176 -22.023 2.30434
vertex -13.7108 -21.1603 3.45724
vertex -13.3963 -20.9883 4.62814
endloop
endfacet

facet normal 0.967479 0.252942 0.00219528
outer loop
vertex -6.55569 17.5706 26.9501
vertex -6.03369 15.5585 28.718
vertex -6.11319 15.8711 27.7548
endloop
endfacet

facet normal 0.79087 0.593751 -0.148271
outer loop
vertex 9.94421 -16.1166 10.6377
vertex 10.6614 -17.1193 10.448
vertex 9.18361 -15.7098 8.21004
endloop
endfacet

facet normal -0.800032 0.318373 0.508515
outer loop
vertex 28.6314 -0.880919 14.4176
vertex 29.5987 2.54488 13.7946
vertex 26.1627 -1.94832 11.202
endloop
endfacet

facet normal 0.383298 0.0321157 -0.923066
outer loop
vertex 20.3846 7.77438 -46.0669
vertex 18.7249 10.4514 -46.6629
vertex 20.1954 10.3468 -46.056
endloop
endfacet

facet normal -0.361138 0.924483 -0.122112
outer loop
vertex -14.0218 -14.4946 14.923
vertex -14.3789 -14.5325 15.6926
vertex -12.3992 -13.5173 17.5233
endloop
endfacet

facet normal 0.764159 0.467481 -0.444435
outer loop
vertex -40.6716 9.73208 -7.41066
vertex -38.7583 9.35668 -4.51566
vertex -40.5828 8.58688 -8.46256
endloop
endfacet

facet normal -0.183187 0.457595 -0.870086
outer loop
vertex 3.71701 24.5945 -6.91776
vertex 4.24211 22.8765 -7.93196
vertex 3.34301 22.5038 -7.93866
endloop
endfacet

facet normal -0.0382829 0.884358 -0.465237
outer loop
vertex -34.1 8.81178 -3.64266
vertex -32.2108 9.54718 -2.40006
vertex -32.0524 8.69168 -4.03936
endloop
endfacet

facet normal 0.932379 0.348921 0.0944665
outer loop
vertex 33.145 -5.75572 -4.11896
vertex 33.2655 -6.37792 -3.00976
vertex 33.6567 -6.79182 -5.34206
endloop
endfacet

facet normal 0.161091 0.62671 -0.76242
outer loop
vertex 34.8123 2.66558 -18.9159
vertex 36.4903 3.35188 -17.9972
vertex 36.406 2.05958 -19.0773
endloop
endfacet

facet normal -0.290971 -0.369417 0.882535
outer loop
vertex 5.97791 -19.9997 8.27234
vertex 6.95521 -20.0081 8.59104
vertex 7.13211 -19.1765 8.99744
endloop
endfacet

facet normal -0.98579 -0.0509431 -0.16007
outer loop
vertex 16.7579 -4.80992 34.4045
vertex 16.6833 -3.69702 34.5095
vertex 16.7812 -3.26852 33.7705
endloop
endfacet

facet normal 0.125631 -0.986365 0.106306
outer loop
vertex 37.8109 -4.87732 -13.882
vertex 35.0839 -5.37022 -15.2321
vertex 35.9963 -5.43242 -16.8881
endloop
endfacet

facet normal -0.164108 -0.694626 0.700403
outer loop
vertex -21.4574 -9.15662 -43.5545
vertex -20.4854 -6.65292 -40.8436
vertex -22.2497 -6.16282 -40.7709
endloop
endfacet

facet normal 0.342135 0.0853166 -0.93577
outer loop
vertex -16.8552 -5.14722 -48.2299
vertex -17.8667 -6.45942 -48.7193
vertex -16.7497 0.0947806 -47.7133
endloop
endfacet

facet normal 0.185794 0.545677 0.81714
outer loop
vertex -1.17229 15.8699 29.6512
vertex -2.46589 16.0214 29.8442
vertex -1.61339 11.6479 32.5709
endloop
endfacet

facet normal -0.596785 0.792647 -0.124731
outer loop
vertex -20.996 15.9974 -19.5327
vertex -21.1548 16.8598 -13.2921
vertex -14.2828 22.6288 -9.51046
endloop
endfacet

facet normal -0.754244 0.421539 -0.503408
outer loop
vertex 34.7449 4.64608 7.05464
vertex 34.9519 2.07768 4.59384
vertex 33.6587 2.46228 6.85334
endloop
endfacet

facet normal -0.861039 -0.330073 0.386863
outer loop
vertex -22.9622 -0.252919 5.93324
vertex -20.4028 -4.89472 7.66944
vertex -21.6298 -1.22702 8.06764
endloop
endfacet

facet normal 0.544837 0.582689 0.603014
outer loop
vertex 16.4769 6.81088 31.2418
vertex 19.7097 7.39098 27.7605
vertex 14.9443 10.1612 29.3893
endloop
endfacet

facet normal 0.305883 -0.685887 0.660299
outer loop
vertex -1.59679 -25.38 24.1926
vertex -0.558593 -24.1702 24.9683
vertex -2.39709 -24.9268 25.0341
endloop
endfacet

facet normal -0.587071 0.686971 -0.428275
outer loop
vertex 32.1736 -5.30752 0.359935
vertex 31.7857 -7.25752 -2.23636
vertex 29.6374 -7.12452 0.921835
endloop
endfacet

facet normal -0.296613 -0.213513 -0.930824
outer loop
vertex -43.2905 -4.12972 -16.9516
vertex -42.3776 -2.82342 -17.5421
vertex -41.2673 -4.59562 -17.4894
endloop
endfacet

facet normal -0.502522 0.808991 0.304969
outer loop
vertex 13.0558 12.6731 25.0566
vertex 12.7866 11.4742 27.7932
vertex 13.9506 13.6682 23.8912
endloop
endfacet

facet normal 0.267028 0.120051 -0.956182
outer loop
vertex 30.5199 -5.30032 -14.3882
vertex 31.4266 -3.16012 -13.8663
vertex 31.4911 -5.94052 -14.1974
endloop
endfacet

facet normal 0.483361 0.848425 -0.215725
outer loop
vertex -3.33269 21.9124 -18.6331
vertex -2.83389 23.0578 -13.0107
vertex -0.527193 21.7422 -13.0163
endloop
endfacet

facet normal -0.425729 0.0793965 0.901361
outer loop
vertex 33.1936 10.6607 10.0141
vertex 33.0518 11.6953 9.85604
vertex 31.6998 4.32208 9.86694
endloop
endfacet

facet normal -0.797356 0.425343 0.428144
outer loop
vertex 10.3902 12.7134 27.8182
vertex 11.5532 15.0469 27.666
vertex 10.7803 14.6071 26.6633
endloop
endfacet

facet normal 0.369232 0.584136 -0.722809
outer loop
vertex 11.2137 22.7288 -7.75826
vertex 15.774 21.9605 -6.04966
vertex 17.8884 17.7902 -8.33976
endloop
endfacet

facet normal 0.580683 -0.775507 0.247783
outer loop
vertex 11.3338 -22.65 -0.430465
vertex 8.54101 -26.4932 -5.91386
vertex 14.0862 -22.7727 -7.26496
endloop
endfacet

facet normal 0.0803073 -0.993425 0.0815988
outer loop
vertex 35.9963 -5.43242 -16.8881
vertex 35.0839 -5.37022 -15.2321
vertex 33.8729 -5.48932 -15.4911
endloop
endfacet

facet normal 0.649733 -0.702516 0.290375
outer loop
vertex 0.345007 -16.494 33.6167
vertex 0.121807 -15.8094 35.7726
vertex -0.988193 -16.5663 36.425
endloop
endfacet

facet normal 0.351888 0.925004 -0.143322
outer loop
vertex -40.736 7.42248 -7.49896
vertex -38.7117 6.49068 -8.54316
vertex -41.8458 7.34298 -10.7372
endloop
endfacet

facet normal -0.556614 -0.679599 -0.477835
outer loop
vertex 24.5425 -4.28632 2.68994
vertex 22.538 -1.50692 1.07194
vertex 25.3856 -1.92432 -1.65146
endloop
endfacet

facet normal 0.849337 -0.184645 -0.494503
outer loop
vertex 12.3431 18.3305 18.4852
vertex 12.5824 18.4627 18.8468
vertex 13.1679 16.7417 20.4952
endloop
endfacet

facet normal -0.37846 0.605164 0.700389
outer loop
vertex -13.1246 20.9428 17.5062
vertex -10.0942 20.1028 19.8695
vertex -11.2814 21.2531 18.2341
endloop
endfacet

facet normal 0.114509 0.98799 0.103749
outer loop
vertex -38.144 -3.48062 -13.3373
vertex -36.0417 -3.83132 -12.3178
vertex -35.8147 -3.69562 -13.8609
endloop
endfacet

facet normal 0.8386 0.478102 -0.26109
outer loop
vertex 24.8376 5.78828 -11.9987
vertex 22.4586 12.0064 -8.25336
vertex 24.363 8.62468 -8.32916
endloop
endfacet

facet normal 0.380338 0.731096 0.566428
outer loop
vertex 11.4877 11.2164 28.9981
vertex 12.4943 8.25468 32.1449
vertex 12.7866 11.4742 27.7932
endloop
endfacet

facet normal 0.243226 0.854758 -0.458508
outer loop
vertex -2.17249 25.4292 -2.69286
vertex -2.42239 24.1573 -5.19646
vertex -8.87339 25.4593 -6.19146
endloop
endfacet

facet normal -0.236377 -0.046675 -0.97054
outer loop
vertex -13.5102 -21.4015 -20.2466
vertex -15.411 -20.3599 -19.8337
vertex -10.9377 -22.0257 -20.8431
endloop
endfacet

facet normal 0.016975 0.248709 0.968429
outer loop
vertex -1.44119 6.94268 37.4821
vertex -2.78799 6.36688 37.6536
vertex -1.66909 4.36908 38.147
endloop
endfacet

facet normal 0.657914 0.691559 -0.298152
outer loop
vertex 35.5153 3.27858 5.58274
vertex 34.7449 4.64608 7.05464
vertex 36.5211 2.64668 6.33664
endloop
endfacet

facet normal 0.597654 0.511614 -0.617302
outer loop
vertex 16.4453 11.7438 -48.7041
vertex 17.3066 11.7253 -47.8855
vertex 19.9832 7.78578 -48.5591
endloop
endfacet

facet normal -0.946078 0.103293 0.307028
outer loop
vertex 26.2979 11.2934 8.58444
vertex 26.7421 14.083 9.01494
vertex 25.8709 12.1475 6.98144
endloop
endfacet

facet normal -0.339513 0.452332 -0.824698
outer loop
vertex 6.95621 22.3899 17.0661
vertex 8.65521 22.8363 16.6115
vertex 9.05511 22.1534 16.0723
endloop
endfacet

facet normal 0.71076 0.50764 -0.486951
outer loop
vertex -38.6034 5.45258 -10.1791
vertex -36.8116 6.54228 -6.42776
vertex -35.9505 4.76478 -7.02406
endloop
endfacet

facet normal 0.581645 -0.449536 0.677943
outer loop
vertex 4.78131 -9.90422 29.4869
vertex 7.21521 -7.99192 28.6667
vertex 3.24231 -9.18522 31.284
endloop
endfacet

facet normal 0.3549 0.834526 -0.421442
outer loop
vertex 11.9317 17.5034 -22.5033
vertex 6.87741 21.021 -19.7941
vertex 8.22901 21.6813 -17.3485
endloop
endfacet

facet normal 0.270832 0.797078 -0.539738
outer loop
vertex -12.0995 16.1194 -25.8079
vertex -10.1031 14.3002 -27.4927
vertex -13.9333 14.9676 -28.429
endloop
endfacet

facet normal 0.655443 0.695677 -0.293987
outer loop
vertex 19.3128 18.3194 -6.77576
vertex 15.774 21.9605 -6.04966
vertex 18.5657 19.8606 -4.79446
endloop
endfacet

facet normal -0.84709 -0.148955 0.510149
outer loop
vertex -11.2814 21.2531 18.2341
vertex -10.0942 20.1028 19.8695
vertex -10.1031 21.1378 20.1569
endloop
endfacet

facet normal 0.806784 -0.119041 0.57873
outer loop
vertex 6.09811 20.1377 19.8073
vertex 7.08691 22.566 18.9284
vertex 5.73461 21.7133 20.6381
endloop
endfacet

facet normal -0.754898 0.0945786 0.648987
outer loop
vertex -11.1828 21.9877 18.7771
vertex -10.1031 21.1378 20.1569
vertex -11.2344 23.0903 18.5564
endloop
endfacet

facet normal -0.205999 -0.514484 0.832388
outer loop
vertex -3.81909 -21.8056 31.4487
vertex -2.31689 -20.8274 32.4251
vertex -4.90089 -19.531 32.5869
endloop
endfacet

facet normal 0.2705 0.386978 -0.88152
outer loop
vertex -6.66069 12.5301 -27.9755
vertex -3.37859 16.2685 -25.3272
vertex -6.47619 7.89538 -29.9535
endloop
endfacet

facet normal 0.602268 0.789171 -0.120343
outer loop
vertex -10.7278 17.6507 25.4504
vertex -9.14079 16.5303 26.0456
vertex -10.6351 17.4769 24.7743
endloop
endfacet

facet normal 0.791233 -0.609206 0.0530928
outer loop
vertex 6.91641 -14.0669 22.2206
vertex 5.43691 -16.0806 21.1632
vertex 6.40571 -15.0085 19.0273
endloop
endfacet

facet normal 0.0217362 0.108853 -0.99382
outer loop
vertex 4.74151 -15.7405 -19.4405
vertex 6.10491 -15.5274 -19.3873
vertex 8.04761 -16.5976 -19.4621
endloop
endfacet

facet normal -0.587343 0.41595 0.694272
outer loop
vertex 34.172 9.75348 -4.12236
vertex 33.8727 8.64768 -3.71296
vertex 35.0019 8.40208 -2.61056
endloop
endfacet

facet normal -0.460772 0.520884 0.718589
outer loop
vertex 35.0352 9.42928 -3.33386
vertex 34.172 9.75348 -4.12236
vertex 35.0019 8.40208 -2.61056
endloop
endfacet

facet normal -0.514198 -0.772314 -0.373002
outer loop
vertex 15.5637 -3.70702 10.453
vertex 17.6953 -4.51442 9.18624
vertex 14.5061 -4.36042 13.264
endloop
endfacet

facet normal -0.603921 0.134566 0.785602
outer loop
vertex 1.92191 15.4479 29.1878
vertex 2.50061 12.3603 30.1615
vertex 3.35701 13.7471 30.5824
endloop
endfacet

facet normal 0.521391 0.85296 0.0247234
outer loop
vertex 6.02451 -10.5554 27.5366
vertex 7.71501 -11.5283 25.4487
vertex 7.08091 -11.135 25.252
endloop
endfacet

facet normal 0.389611 -0.213537 -0.895882
outer loop
vertex 39.6414 2.97078 -9.52916
vertex 39.122 5.99408 -10.4757
vertex 39.3237 6.62138 -10.5375
endloop
endfacet

facet normal -0.733476 0.418522 0.535586
outer loop
vertex -16.4594 14.7213 28.1743
vertex -15.9708 17.467 26.6978
vertex -17.0887 15.2723 26.8819
endloop
endfacet

facet normal 0.20497 0.934428 -0.291259
outer loop
vertex 7.08091 -11.135 25.252
vertex 8.52771 -13.2472 19.4934
vertex 7.45401 -12.1629 22.2166
endloop
endfacet

facet normal -0.249079 0.757939 -0.6029
outer loop
vertex -12.0995 16.1194 -25.8079
vertex -15.9481 18.0776 -21.7562
vertex -12.3706 20.2783 -20.4675
endloop
endfacet

facet normal -0.384113 -0.886916 -0.256588
outer loop
vertex 12.3265 -8.09032 -33.4808
vertex 11.0863 -7.23542 -34.5791
vertex 15.1273 -8.25332 -37.1103
endloop
endfacet

facet normal 0.796262 0.524516 -0.301414
outer loop
vertex 21.5689 9.96218 -38.6867
vertex 21.0363 11.4565 -37.4931
vertex 23.012 7.98538 -38.3141
endloop
endfacet

facet normal -0.762166 0.109647 0.638029
outer loop
vertex 10.86 18.1029 26.3128
vertex 10.3592 16.2503 26.0328
vertex 11.5532 15.0469 27.666
endloop
endfacet

facet normal 0.280042 -0.920419 0.272774
outer loop
vertex -30.9176 -2.30912 9.33194
vertex -31.9236 -3.14012 7.56074
vertex -31.2515 -3.42122 5.92204
endloop
endfacet

facet normal 0.186627 -0.293695 -0.937504
outer loop
vertex -11.4853 19.4941 24.3344
vertex -11.0102 18.299 24.8033
vertex -12.107 18.5664 24.5012
endloop
endfacet

facet normal 0.91593 0.261963 0.304053
outer loop
vertex 16.2372 18.418 12.0805
vertex 15.5618 16.2253 16.0039
vertex 18.3275 16.2556 7.64644
endloop
endfacet

facet normal 0.897029 -0.437998 -0.0591332
outer loop
vertex 5.86071 -18.3995 23.392
vertex 4.97561 -20.1948 23.2633
vertex 5.75001 -18.1851 20.1254
endloop
endfacet

facet normal -0.259823 0.895371 0.361667
outer loop
vertex -14.3379 12.3598 28.3472
vertex -10.1536 12.4212 31.2013
vertex -10.1111 13.4275 28.7406
endloop
endfacet

facet normal 0.180678 -0.949836 -0.255278
outer loop
vertex -40.9639 -6.47372 -9.14076
vertex -39.5624 -5.89952 -10.2852
vertex -39.2626 -6.43362 -8.08586
endloop
endfacet

facet normal 0.513737 -0.202828 -0.833628
outer loop
vertex 1.49321 -20.1643 14.2851
vertex 0.861807 -18.0782 13.3884
vertex 3.46691 -17.1937 14.7787
endloop
endfacet

facet normal -0.952509 -0.291988 0.0864297
outer loop
vertex -22.7845 -6.04532 -0.436865
vertex -24.1091 -0.655619 3.17404
vertex -24.3107 -0.631219 1.03374
endloop
endfacet

facet normal 0.645065 0.389291 -0.657528
outer loop
vertex 13.9802 20.0502 17.2134
vertex 12.9904 20.5144 16.5172
vertex 11.8875 21.8707 16.2383
endloop
endfacet

facet normal 0.558543 -0.828083 0.0480456
outer loop
vertex -18.5211 -7.88412 -38.541
vertex -15.4601 -5.90622 -40.0354
vertex -18.8888 -8.06172 -37.3263
endloop
endfacet

facet normal -0.566403 0.404661 -0.71794
outer loop
vertex -29.1147 2.03778 -14.6493
vertex -28.5043 5.69738 -13.0681
vertex -27.7977 4.47928 -14.3122
endloop
endfacet

facet normal 0.793725 -0.591148 -0.14333
outer loop
vertex -6.64569 -23.3265 22.3749
vertex -6.97599 -23.5196 21.342
vertex -5.70839 -21.8809 21.6028
endloop
endfacet

facet normal 0.44987 0.860766 0.238114
outer loop
vertex 18.7772 5.77858 30.6277
vertex 16.4769 6.81088 31.2418
vertex 18.0048 5.63628 32.6014
endloop
endfacet

facet normal -0.910135 -0.263435 -0.319776
outer loop
vertex 34.6772 8.78568 -5.91806
vertex 36.3159 7.49498 -9.51876
vertex 35.2023 7.49058 -6.34566
endloop
endfacet

facet normal -0.374089 0.272559 -0.886436
outer loop
vertex 16.4601 -11.4833 -16.3457
vertex 19.6537 -6.39772 -16.1298
vertex 17.5278 -12.9167 -17.237
endloop
endfacet

facet normal 0.759025 0.574696 -0.305951
outer loop
vertex -16.3912 11.9923 -47.6602
vertex -14.6856 10.2955 -46.6159
vertex -14.9429 10.0674 -47.6827
endloop
endfacet

facet normal 0.0149492 0.448264 0.893776
outer loop
vertex 6.49581 22.8088 -8.25096
vertex 6.33171 23.4753 -8.58256
vertex 4.74201 22.6327 -8.13336
endloop
endfacet

facet normal -0.877112 0.325348 -0.353304
outer loop
vertex 6.77821 8.57758 -35.1344
vertex 6.02901 2.68028 -38.7053
vertex 4.61221 2.32318 -35.5167
endloop
endfacet

facet normal -0.104399 -0.0347617 -0.993928
outer loop
vertex 24.039 8.27988 2.16474
vertex 20.7417 4.33798 2.64894
vertex 19.457 6.65138 2.70294
endloop
endfacet

facet normal 0.369336 -0.925623 0.0825437
outer loop
vertex 9.64001 -14.7852 -18.7049
vertex 9.14321 -15.1322 -20.3735
vertex 11.8002 -13.8538 -17.9267
endloop
endfacet

facet normal -0.874873 -0.14056 0.463509
outer loop
vertex -43.5696 -3.25532 3.23134
vertex -40.7275 -1.58902 9.10124
vertex -43.7014 2.54308 4.74104
endloop
endfacet

facet normal -0.477437 -0.0182747 -0.878476
outer loop
vertex 41.0851 0.0411806 -10.2529
vertex 39.6414 2.97078 -9.52916
vertex 41.0235 1.31348 -10.2459
endloop
endfacet

facet normal -0.434949 -0.0381554 -0.899646
outer loop
vertex -31.523 2.22688 -5.43026
vertex -33.2842 7.40398 -4.79836
vertex -30.5073 2.27028 -5.92316
endloop
endfacet

facet normal -0.430369 -0.0883443 0.898319
outer loop
vertex 10.8623 20.3953 17.4024
vertex 12.0867 19.6513 17.9158
vertex 11.1436 21.4235 17.6383
endloop
endfacet

facet normal 0.691852 0.42079 -0.58675
outer loop
vertex 23.9932 3.71528 -14.4811
vertex 24.8376 5.78828 -11.9987
vertex 25.0185 2.27368 -14.3059
endloop
endfacet

facet normal 0.188489 -0.950725 -0.246158
outer loop
vertex -40.8889 -5.84082 -11.5278
vertex -39.5624 -5.89952 -10.2852
vertex -40.9639 -6.47372 -9.14076
endloop
endfacet

facet normal 0.935869 -0.349467 0.0449553
outer loop
vertex 19.081 -7.15402 -36.6364
vertex 19.5365 -5.99192 -37.0865
vertex 20.886 -2.30512 -36.5184
endloop
endfacet

facet normal 0.895029 -0.0778017 0.43917
outer loop
vertex 17.8311 -0.728719 33.7282
vertex 17.8485 0.594381 33.9272
vertex 17.0634 -0.476219 35.3375
endloop
endfacet

facet normal 0.666703 0.463153 0.583949
outer loop
vertex 12.1184 14.4246 28.4147
vertex 12.8841 14.849 27.2039
vertex 11.7768 16.9343 26.8143
endloop
endfacet

facet normal -0.332 0.70809 -0.623206
outer loop
vertex 6.09331 13.6301 -28.083
vertex 7.29621 15.6148 -26.4688
vertex 9.24811 14.51 -28.7638
endloop
endfacet

facet normal -0.423972 -0.737798 0.525264
outer loop
vertex 14.4967 -7.61512 -43.5738
vertex 16.3013 -6.63442 -40.7397
vertex 12.5571 -5.43772 -42.0809
endloop
endfacet

facet normal 0.796063 0.167943 -0.581446
outer loop
vertex -39.2664 10.3831 -3.94086
vertex -36.0209 12.4269 1.09284
vertex -35.3723 10.2848 1.36224
endloop
endfacet

facet normal 0.149055 0.702408 0.695992
outer loop
vertex -24.0796 -12.0136 -14.3103
vertex -22.5329 -13.1526 -13.4921
vertex -21.7218 -11.6466 -15.1857
endloop
endfacet

facet normal 0.504578 -0.85824 0.0939471
outer loop
vertex 2.84071 -24.0923 22.7231
vertex 2.22731 -24.4203 23.0204
vertex 1.82381 -24.7238 22.4158
endloop
endfacet

facet normal 0.202876 -0.957661 0.204269
outer loop
vertex 33.0302 1.98588 8.01364
vertex 32.497 2.29198 9.97814
vertex 31.5255 2.08808 9.98734
endloop
endfacet

facet normal -0.381134 -0.695408 0.609216
outer loop
vertex -4.46199 -23.2213 29.4305
vertex -3.81909 -21.8056 31.4487
vertex -6.07529 -21.3736 30.5302
endloop
endfacet

facet normal 0.753593 0.465558 -0.464062
outer loop
vertex 37.0446 5.64008 -16.0014
vertex 36.7113 4.45588 -17.7306
vertex 36.3453 4.52068 -18.26
endloop
endfacet

facet normal 0.229412 0.964077 -0.133886
outer loop
vertex -0.988193 -16.5663 36.425
vertex -3.09169 -16.026 36.7113
vertex -1.93319 -16.2192 37.3054
endloop
endfacet

facet normal 0.880831 0.416187 0.225665
outer loop
vertex 31.9928 -4.12902 -11.0286
vertex 32.8204 -4.90592 -12.8262
vertex 32.1684 -3.44382 -12.978
endloop
endfacet

facet normal 0.765866 -0.191379 0.61386
outer loop
vertex 22.1488 6.35678 -1.86876
vertex 20.2486 8.75148 1.24854
vertex 19.4109 6.20558 1.50004
endloop
endfacet

facet normal -0.975028 -0.2138 0.0600904
outer loop
vertex -27.0227 -1.46182 -20.5066
vertex -27.622 1.80518 -18.607
vertex -28.3773 1.32478 -32.5714
endloop
endfacet

facet normal 0.0652091 0.908715 0.412292
outer loop
vertex -5.24659 20.212 19.0863
vertex -10.0949 20.6537 18.8797
vertex -8.93839 20.0258 20.0806
endloop
endfacet

facet normal 0.93337 -0.319647 -0.163238
outer loop
vertex -14.6096 -3.68932 -45.6098
vertex -13.1671 1.09038 -46.7209
vertex -12.9117 0.253181 -43.6215
endloop
endfacet

facet normal 0.318952 0.947723 0.00949645
outer loop
vertex 19.4181 12.9033 -35.8451
vertex 17.9545 13.4218 -38.4343
vertex 17.596 13.5274 -36.9332
endloop
endfacet

facet normal -0.841623 0.457022 -0.287753
outer loop
vertex -45.0738 6.05958 -11.1298
vertex -44.5866 4.98818 -14.2563
vertex -45.1985 5.19938 -12.1313
endloop
endfacet

facet normal 0.755603 0.65308 -0.0505053
outer loop
vertex 20.7283 11.2023 -29.3515
vertex 21.8799 9.67628 -31.8552
vertex 20.6288 10.9331 -34.3206
endloop
endfacet

facet normal 0.674252 0.672426 0.305332
outer loop
vertex -4.73389 -25.2727 22.2353
vertex -6.64879 -23.5407 22.6494
vertex -5.89809 -24.9191 24.0275
endloop
endfacet

facet normal -0.0177851 0.766484 -0.642017
outer loop
vertex -25.2168 11.6293 4.71114
vertex -24.5483 9.17178 1.75864
vertex -25.0571 8.00748 0.382635
endloop
endfacet

facet normal 0.0581436 -0.998265 0.00929851
outer loop
vertex -40.1467 -5.56602 -15.0993
vertex -41.3181 -5.64752 -16.5239
vertex -38.8467 -5.50372 -16.532
endloop
endfacet

facet normal 0.157029 0.859391 0.48661
outer loop
vertex 9.46711 22.9633 17.4587
vertex 6.47601 22.8441 18.6344
vertex 7.08691 22.566 18.9284
endloop
endfacet

facet normal 0.65028 -0.524198 -0.549865
outer loop
vertex 24.3826 -3.03902 -44.3011
vertex 22.3928 -5.69842 -44.1191
vertex 23.2284 -3.66182 -45.0724
endloop
endfacet

facet normal 0.56693 0.774672 0.280131
outer loop
vertex -36.0188 8.15988 -3.68786
vertex -37.9497 9.07018 -2.29756
vertex -37.3863 8.39858 -1.58046
endloop
endfacet

facet normal -0.0975803 0.0513666 -0.993901
outer loop
vertex -29.6094 -3.97392 -48.5835
vertex -20.7156 11.7412 -48.6445
vertex -20.3672 3.14898 -49.1227
endloop
endfacet

facet normal -0.220043 0.841142 0.494026
outer loop
vertex 1.52761 -11.6533 34.3176
vertex 1.90231 -11.7296 34.6143
vertex 2.84121 -11.161 34.0645
endloop
endfacet

facet normal 0.844483 0.375558 0.381843
outer loop
vertex 26.7233 10.3336 13.3668
vertex 24.3568 10.2032 18.7287
vertex 28.5139 7.92168 11.7788
endloop
endfacet

facet normal 0.428517 0.872335 0.23538
outer loop
vertex -0.430993 17.8487 23.9153
vertex -2.18439 17.6464 27.8569
vertex 0.819307 16.7041 25.8809
endloop
endfacet

facet normal 0.710188 0.107462 -0.695762
outer loop
vertex -12.1449 9.58338 -45.406
vertex -12.1275 5.92678 -45.953
vertex -12.5386 8.18208 -46.0243
endloop
endfacet

facet normal 0.680694 0.0585109 -0.730227
outer loop
vertex 40.4135 7.30898 -9.28846
vertex 39.8675 6.61138 -9.85336
vertex 39.3683 8.04518 -10.2039
endloop
endfacet

facet normal -0.547043 0.697506 0.46285
outer loop
vertex -28.1266 12.6079 16.9827
vertex -24.9849 12.1493 21.387
vertex -25.7168 13.7994 18.0352
endloop
endfacet

facet normal 0.135692 0.764381 0.630324
outer loop
vertex 18.1967 -2.95782 33.9957
vertex 17.2165 -2.67712 33.8663
vertex 16.4526 -3.71432 35.2884
endloop
endfacet

facet normal 0.927542 -0.270742 -0.257612
outer loop
vertex -14.2152 7.66928 -46.5484
vertex -15.9394 1.82898 -46.6184
vertex -16.7497 0.0947806 -47.7133
endloop
endfacet

facet normal 0.819927 -0.411081 0.398413
outer loop
vertex 16.413 -4.70662 29.5815
vertex 15.6109 -5.34292 30.5757
vertex 15.4296 -5.96002 30.3121
endloop
endfacet

facet normal 0.310176 0.931074 0.192073
outer loop
vertex 4.78171 24.1063 -9.13826
vertex 6.33171 23.4753 -8.58256
vertex 8.32191 23.1292 -10.1185
endloop
endfacet

facet normal 0.0817923 0.256214 0.963153
outer loop
vertex 34.7412 -4.69102 -14.8694
vertex 32.8086 -2.17502 -15.3746
vertex 31.5075 -3.91902 -14.8002
endloop
endfacet

facet normal 0.238182 0.424751 -0.873416
outer loop
vertex 11.2137 22.7288 -7.75826
vertex 17.8884 17.7902 -8.33976
vertex 11.1048 20.4771 -8.88296
endloop
endfacet

facet normal 0.192452 0.296775 -0.935354
outer loop
vertex 11.1048 20.4771 -8.88296
vertex 17.8884 17.7902 -8.33976
vertex 12.6506 18.9025 -9.06456
endloop
endfacet

facet normal -0.262501 -0.655304 -0.708287
outer loop
vertex -39.7822 -6.88742 -2.53826
vertex -45.3055 -4.86772 -2.35986
vertex -41.4304 -5.62782 -3.09276
endloop
endfacet

facet normal -0.483933 -0.652972 0.582612
outer loop
vertex -6.63689 -24.8689 23.4702
vertex -5.50479 -25.5995 23.5917
vertex -5.89809 -24.9191 24.0275
endloop
endfacet

facet normal -0.203438 0.719405 0.664131
outer loop
vertex 29.7348 -3.63432 -12.1726
vertex 30.0782 -4.71032 -10.9019
vertex 31.5437 -3.48762 -11.7774
endloop
endfacet

facet normal 0.221678 -0.822235 -0.524202
outer loop
vertex 0.398007 -14.8382 -24.5329
vertex 10.7116 -11.199 -25.8796
vertex 9.14321 -15.1322 -20.3735
endloop
endfacet

facet normal 0.0165114 0.118416 -0.992827
outer loop
vertex -4.05159 -16.6728 -19.6795
vertex 0.672107 -16.2788 -19.5539
vertex -2.04929 -18.7166 -19.8899
endloop
endfacet

facet normal 0.49978 0.828666 0.252056
outer loop
vertex 11.8774 21.0649 8.53514
vertex 14.0558 20.15 7.22334
vertex 14.2213 20.7189 5.02504
endloop
endfacet

facet normal -0.167169 0.384349 0.907926
outer loop
vertex 29.6425 0.0451806 14.5448
vertex 27.8377 -2.68262 15.3672
vertex 28.6231 -3.27732 15.7636
endloop
endfacet

facet normal -0.454695 -0.870875 0.186623
outer loop
vertex -20.5301 -10.8572 -17.0457
vertex -17.298 -12.6271 -17.4303
vertex -18.984 -11.5744 -16.6255
endloop
endfacet

facet normal 0.147701 -0.0919331 0.98475
outer loop
vertex 12.8153 0.508181 35.463
vertex 11.8691 0.988581 35.6498
vertex 11.9113 -1.14602 35.4442
endloop
endfacet

facet normal 0.765599 -0.582695 0.272626
outer loop
vertex 24.4334 -0.172719 -42.0089
vertex 24.7765 1.43778 -39.5303
vertex 21.4676 -3.09882 -39.9342
endloop
endfacet

facet normal 0.118052 -0.750091 0.650712
outer loop
vertex 9.57021 -5.32032 32.4434
vertex 11.8231 -3.67802 33.9279
vertex 11.1 -3.39902 34.3807
endloop
endfacet

facet normal -0.299639 0.953853 -0.019504
outer loop
vertex -17.4501 -17.5702 6.13634
vertex -15.7012 -17.0703 3.71544
vertex -17.25 -17.6531 -0.992565
endloop
endfacet

facet normal 0.175404 0.720016 0.671424
outer loop
vertex 17.4176 -4.17292 35.5854
vertex 13.2247 -3.83932 36.3229
vertex 14.6981 -4.35762 36.4939
endloop
endfacet

facet normal 0.170447 0.762644 0.623957
outer loop
vertex 13.2247 -3.83932 36.3229
vertex 17.4176 -4.17292 35.5854
vertex 16.4526 -3.71432 35.2884
endloop
endfacet

facet normal 0.602825 0.490658 -0.629171
outer loop
vertex 10.4664 17.8762 24.5596
vertex 9.48341 19.0379 24.5237
vertex 11.759 17.4066 25.4319
endloop
endfacet

facet normal 0.48219 -0.34774 -0.804096
outer loop
vertex 39.2129 -4.82912 -9.70686
vertex 40.5922 -4.23682 -9.13596
vertex 37.9202 -7.32772 -9.40156
endloop
endfacet

facet normal 0.112801 0.29897 0.947572
outer loop
vertex -5.76569 -22.8939 21.0005
vertex -6.97599 -23.5196 21.342
vertex -6.69119 -23.91 21.4313
endloop
endfacet

facet normal 0.0238995 0.183941 -0.982647
outer loop
vertex -42.0793 -0.649719 -18.4934
vertex -38.6709 -1.56792 -18.5824
vertex -40.1946 -2.44112 -18.7829
endloop
endfacet

facet normal -0.250753 0.488335 0.835854
outer loop
vertex -3.27329 -24.0862 4.91194
vertex -7.27459 -24.0887 3.71294
vertex -6.98589 -24.5237 4.05374
endloop
endfacet

facet normal 0.678594 -0.675758 0.287856
outer loop
vertex 8.51701 -13.1509 20.5978
vertex 6.91641 -14.0669 22.2206
vertex 7.15731 -15.8906 17.3715
endloop
endfacet

facet normal 0.128699 0.486031 -0.864414
outer loop
vertex -5.51039 17.5623 -24.9748
vertex -6.66069 12.5301 -27.9755
vertex -10.1031 14.3002 -27.4927
endloop
endfacet

facet normal 0.810508 -0.224988 0.540794
outer loop
vertex 3.64471 -16.4198 30.5701
vertex 2.27101 -19.7125 31.2591
vertex 4.22301 -17.614 29.2066
endloop
endfacet

facet normal -0.0856459 0.139013 0.98658
outer loop
vertex 34.3742 13.498 9.71684
vertex 33.0518 11.6953 9.85604
vertex 33.1936 10.6607 10.0141
endloop
endfacet

facet normal 0.63619 0.020108 0.77127
outer loop
vertex 8.96581 21.153 17.4154
vertex 7.08691 22.566 18.9284
vertex 6.09811 20.1377 19.8073
endloop
endfacet

facet normal -0.688516 -0.360065 0.629523
outer loop
vertex 29.2541 -4.66092 -4.58346
vertex 30.8088 -6.03622 -3.66976
vertex 30.9325 -5.54822 -3.25526
endloop
endfacet

facet normal -0.298498 -0.886695 -0.353088
outer loop
vertex 11.2546 -10.1643 -27.3663
vertex 11.0863 -7.23542 -34.5791
vertex 12.3265 -8.09032 -33.4808
endloop
endfacet

facet normal 0.525967 -0.482526 0.700377
outer loop
vertex -14.5565 16.427 25.571
vertex -13.1526 17.8705 25.5112
vertex -15.3077 17.0744 26.5812
endloop
endfacet

facet normal -0.287155 0.270718 0.918833
outer loop
vertex 30.8248 3.56108 13.8784
vertex 29.5987 2.54488 13.7946
vertex 29.6425 0.0451806 14.5448
endloop
endfacet

facet normal 0.401175 -0.216664 -0.890009
outer loop
vertex -32.9167 2.00708 -6.49696
vertex -35.1609 0.357381 -7.10696
vertex -34.4823 1.48288 -7.07516
endloop
endfacet

facet normal 0.497535 0.690551 0.524975
outer loop
vertex -1.61339 11.6479 32.5709
vertex -0.894893 8.43748 36.113
vertex 1.83481 8.04848 34.0376
endloop
endfacet

facet normal -0.0580129 -0.845033 0.531557
outer loop
vertex -14.6126 -14.0806 -19.3317
vertex -12.1641 -14.5869 -19.8693
vertex -13.5714 -13.6587 -18.5473
endloop
endfacet

facet normal -0.473096 0.0784505 -0.877511
outer loop
vertex 21.007 1.15058 0.833935
vertex 21.2778 2.97688 0.851135
vertex 21.7906 1.08318 0.405335
endloop
endfacet

facet normal -0.747627 0.607691 0.267889
outer loop
vertex 30.4878 -4.66482 -15.9541
vertex 31.5075 -3.91902 -14.8002
vertex 31.4403 -3.25532 -16.4933
endloop
endfacet

facet normal -0.642865 0.752738 0.141812
outer loop
vertex -24.361 11.2955 -33.8061
vertex -20.536 13.8498 -30.0249
vertex -21.3698 13.5871 -32.4099
endloop
endfacet

facet normal 0.179074 0.9718 -0.153419
outer loop
vertex -36.8116 6.54228 -6.42776
vertex -40.3662 7.32438 -5.62286
vertex -39.4089 7.36938 -4.22046
endloop
endfacet

facet normal 0.172643 0.968632 -0.178738
outer loop
vertex -40.3662 7.32438 -5.62286
vertex -36.8116 6.54228 -6.42776
vertex -38.7117 6.49068 -8.54316
endloop
endfacet

facet normal -0.901261 0.414902 0.124842
outer loop
vertex -27.3171 5.32208 -45.8324
vertex -28.7805 1.09168 -42.337
vertex -24.9787 8.80548 -40.527
endloop
endfacet

facet normal 0.616623 0.645947 0.450032
outer loop
vertex 1.80311 -9.20992 33.2913
vertex 4.98221 -10.1189 30.2402
vertex 3.24231 -9.18522 31.284
endloop
endfacet

facet normal 0.847999 -0.474503 0.236104
outer loop
vertex 29.6653 -1.52312 11.3944
vertex 30.1133 -2.11792 8.58984
vertex 31.7106 0.995681 9.11054
endloop
endfacet

facet normal 0.637431 -0.726748 0.255967
outer loop
vertex 29.6653 -1.52312 11.3944
vertex 28.6911 -2.86282 10.0169
vertex 30.1133 -2.11792 8.58984
endloop
endfacet

facet normal -0.0592643 0.428163 0.901756
outer loop
vertex -2.41629 -23.0289 21.3223
vertex -5.85099 -23.648 21.3905
vertex -4.73389 -25.2727 22.2353
endloop
endfacet

facet normal 0.958379 -0.127102 0.255645
outer loop
vertex 36.8406 1.48858 1.66354
vertex 37.6419 5.57658 0.691935
vertex 36.7616 2.27278 2.34954
endloop
endfacet

facet normal -0.669532 -0.0772984 -0.73875
outer loop
vertex -47.7855 1.72998 -10.0343
vertex -47.2757 6.06978 -10.9505
vertex -46.5565 5.69868 -11.5634
endloop
endfacet

facet normal -0.0706782 -0.128016 -0.989251
outer loop
vertex -15.9394 1.82898 -46.6184
vertex -13.1671 1.09038 -46.7209
vertex -15.0866 -3.48172 -45.9921
endloop
endfacet

facet normal -0.190781 -0.775006 -0.602469
outer loop
vertex -9.30189 -26.7941 -16.5655
vertex -11.7926 -24.6964 -18.4751
vertex -5.13339 -26.9485 -17.6869
endloop
endfacet

facet normal -0.286679 -0.212537 -0.934154
outer loop
vertex -44.9874 0.755081 -3.73676
vertex -43.4525 -3.66632 -3.20186
vertex -45.3055 -4.86772 -2.35986
endloop
endfacet

facet normal -0.178117 0.95596 -0.233269
outer loop
vertex -8.61389 24.1979 -9.80266
vertex -12.6028 21.7291 -16.8744
vertex -12.1667 23.0564 -11.7679
endloop
endfacet

facet normal -0.075445 0.786123 0.613449
outer loop
vertex -1.61339 11.6479 32.5709
vertex -2.94129 11.4741 32.6304
vertex -2.51779 8.71138 36.2228
endloop
endfacet

facet normal 0.0407461 -0.988716 -0.144152
outer loop
vertex 0.710707 -29.3261 -9.11796
vertex -3.77919 -29.3136 -10.4731
vertex -0.276893 -28.4942 -15.1033
endloop
endfacet

facet normal -0.781363 0.587266 -0.211165
outer loop
vertex 32.4429 3.56808 11.4898
vertex 33.4106 4.18308 9.61944
vertex 32.6336 3.34268 10.1569
endloop
endfacet

facet normal -0.719925 0.0747191 -0.690019
outer loop
vertex 12.5172 -0.138919 -47.3002
vertex 13.5695 0.465581 -48.3327
vertex 12.5531 -5.99152 -47.9714
endloop
endfacet

facet normal -0.062419 0.391281 -0.918152
outer loop
vertex 36.4644 0.571581 -18.2047
vertex 37.1199 -1.16832 -18.9908
vertex 32.9828 0.00838063 -18.2081
endloop
endfacet

facet normal 0.00199104 -0.749424 -0.662088
outer loop
vertex 32.2599 -6.87172 -13.1411
vertex 30.6259 -7.28032 -12.6835
vertex 31.4911 -5.94052 -14.1974
endloop
endfacet

facet normal 0.0992066 -0.846887 0.522438
outer loop
vertex -0.391893 -26.89 1.07834
vertex 2.83691 -22.7105 7.24044
vertex -2.52409 -24.4949 5.36574
endloop
endfacet

facet normal -0.0598838 -0.873742 -0.48269
outer loop
vertex 16.6603 -5.27022 35.2498
vertex 15.1955 -5.41782 35.6987
vertex 16.7579 -4.80992 34.4045
endloop
endfacet

facet normal -0.825571 0.562045 -0.0503718
outer loop
vertex -26.2714 9.95898 -24.0658
vertex -25.9086 9.90188 -30.6494
vertex -26.9977 8.24738 -31.26
endloop
endfacet

facet normal 0.640573 0.758113 0.12219
outer loop
vertex 24.0891 12.4066 14.3143
vertex 23.5464 12.3082 17.77
vertex 26.7233 10.3336 13.3668
endloop
endfacet

facet normal -0.071343 0.994181 -0.0807096
outer loop
vertex 6.47601 22.8441 18.6344
vertex 9.46711 22.9633 17.4587
vertex 8.65521 22.8363 16.6115
endloop
endfacet

facet normal 0.637345 0.400106 0.658565
outer loop
vertex 17.994 14.8865 -10.281
vertex 17.4022 16.593 -10.7451
vertex 16.9094 15.5825 -9.65426
endloop
endfacet

facet normal 0.585445 0.462707 -0.6657
outer loop
vertex -10.0934 11.017 -31.1217
vertex -7.80749 10.1504 -29.7137
vertex -8.31249 7.86398 -31.7471
endloop
endfacet

facet normal 0.98927 0.133602 0.0591188
outer loop
vertex 23.8664 1.84468 -26.97
vertex 23.9782 3.35298 -32.2485
vertex 23.0063 8.08598 -26.6823
endloop
endfacet

facet normal 0.803975 -0.556351 0.209993
outer loop
vertex -1.36539 -24.3477 26.9805
vertex -1.74079 -25.3293 25.8172
vertex -0.595593 -23.4039 26.5338
endloop
endfacet

facet normal 0.181433 0.977052 0.111586
outer loop
vertex -11.9445 21.9137 15.0769
vertex -5.24659 20.212 19.0863
vertex -10.3115 22.0297 11.4058
endloop
endfacet

facet normal 0.412899 -0.898413 -0.149561
outer loop
vertex 19.0033 -6.60182 -32.0847
vertex 17.5551 -8.17462 -26.6347
vertex 15.1742 -8.76892 -29.6383
endloop
endfacet

facet normal -0.271495 -0.78807 -0.552482
outer loop
vertex 16.4375 0.820881 36.611
vertex 17.4766 1.10128 35.7003
vertex 18.2222 0.654381 35.9715
endloop
endfacet

facet normal -0.167227 -0.985887 -0.00792751
outer loop
vertex -20.2436 -6.21962 15.5014
vertex -24.733 -5.43772 12.9541
vertex -23.6243 -5.61292 11.3594
endloop
endfacet

facet normal -0.689652 0.176155 0.702389
outer loop
vertex -11.2344 23.0903 18.5564
vertex -10.1031 21.1378 20.1569
vertex -9.71639 22.3231 20.2393
endloop
endfacet

facet normal 0.296559 -0.213825 0.93077
outer loop
vertex 14.8196 -1.77402 35.7996
vertex 15.5365 1.06288 36.2229
vertex 14.6145 0.564781 36.4023
endloop
endfacet

facet normal 0.87775 0.456139 0.146601
outer loop
vertex 17.4022 16.593 -10.7451
vertex 21.6212 9.39738 -13.6166
vertex 20.2732 12.6787 -15.7556
endloop
endfacet

facet normal 0.894411 0.249931 -0.370895
outer loop
vertex 37.4261 3.42988 -16.1512
vertex 37.3855 4.42578 -15.5779
vertex 39.6409 2.40778 -11.4989
endloop
endfacet

facet normal -0.0932425 0.0342581 -0.995054
outer loop
vertex 13.5695 0.465581 -48.3327
vertex 19.2822 -7.80422 -49.1527
vertex 13.4277 -6.17022 -48.5479
endloop
endfacet

facet normal -0.946354 0.280918 -0.159684
outer loop
vertex -24.5094 15.3438 7.05354
vertex -24.1465 15.7439 5.60674
vertex -25.2168 11.6293 4.71114
endloop
endfacet

facet normal -0.529113 -0.581662 -0.617826
outer loop
vertex -4.03579 -27.5862 19.7758
vertex -5.92269 -22.6945 16.7864
vertex -3.18519 -27.2859 18.7647
endloop
endfacet

facet normal 0.736889 0.226586 0.636909
outer loop
vertex 31.1627 8.22178 8.06044
vertex 32.2355 3.87358 8.36614
vertex 32.6089 4.50248 7.71034
endloop
endfacet

facet normal -0.0181994 0.112282 -0.99351
outer loop
vertex -7.42889 -16.068 -19.5492
vertex -4.05159 -16.6728 -19.6795
vertex -9.88409 -17.1704 -19.6289
endloop
endfacet

facet normal -0.308994 0.156895 -0.938034
outer loop
vertex -20.0027 -17.0555 -17.7685
vertex -22.8034 -13.5943 -16.267
vertex -15.411 -20.3599 -19.8337
endloop
endfacet

facet normal 0.348611 -0.510539 0.786015
outer loop
vertex 1.25901 -4.08752 35.4748
vertex 3.24231 -9.18522 31.284
vertex 3.06001 -3.52322 35.0425
endloop
endfacet

facet normal 0.727672 -0.504703 0.464509
outer loop
vertex 6.02451 -10.5554 27.5366
vertex 7.08091 -11.135 25.252
vertex 8.62091 -8.88312 25.2862
endloop
endfacet

facet normal -0.836757 0.0702874 0.543045
outer loop
vertex -19.803 -7.58672 14.3744
vertex -18.7747 -9.14582 16.1607
vertex -17.3718 -6.87162 18.028
endloop
endfacet

facet normal -0.0589333 -0.632357 -0.772432
outer loop
vertex 15.0801 -5.96742 28.915
vertex 16.1225 -5.35872 28.3372
vertex 15.0343 -7.04312 29.7991
endloop
endfacet

facet normal 0.315007 -0.790554 0.525161
outer loop
vertex 3.64471 -16.4198 30.5701
vertex 4.06611 -15.4172 31.8267
vertex 1.78151 -15.6652 32.8238
endloop
endfacet

facet normal -0.499457 0.818583 -0.283665
outer loop
vertex -0.234593 19.7445 -19.2963
vertex -0.527193 21.7422 -13.0163
vertex 0.619807 22.963 -11.513
endloop
endfacet

facet normal 0.174882 -0.737162 -0.652694
outer loop
vertex 10.7116 -11.199 -25.8796
vertex 0.398007 -14.8382 -24.5329
vertex 3.34861 -11.435 -27.586
endloop
endfacet

facet normal -0.627617 0.335203 0.702664
outer loop
vertex 28.2452 15.4177 12.2918
vertex 29.5332 12.5905 14.791
vertex 30.3838 14.0367 14.8608
endloop
endfacet

facet normal 0.385872 -0.216112 0.896883
outer loop
vertex -15.0505 21.7211 17.3402
vertex -17.8406 20.8977 18.3422
vertex -15.5283 20.3586 17.2175
endloop
endfacet

facet normal 0.050298 0.265778 -0.962721
outer loop
vertex 11.2583 -15.7531 -19.2342
vertex 12.5235 -19.3473 -20.1604
vertex 5.65781 -17.5244 -20.0158
endloop
endfacet

facet normal 0.867274 0.239077 0.436667
outer loop
vertex 35.2744 2.11168 3.79484
vertex 34.2536 4.98358 4.24994
vertex 34.1069 5.14168 4.45474
endloop
endfacet

facet normal 0.848196 0.222694 0.480594
outer loop
vertex 34.1069 5.14168 4.45474
vertex 34.0689 5.22168 4.48474
vertex 33.8364 5.30558 4.85624
endloop
endfacet

facet normal 0.848209 0.222112 0.48084
outer loop
vertex 35.2744 2.11168 3.79484
vertex 34.1069 5.14168 4.45474
vertex 33.8364 5.30558 4.85624
endloop
endfacet

facet normal 0.106769 0.539439 -0.835228
outer loop
vertex -5.07889 5.01308 -30.2975
vertex -2.64409 8.43228 -27.778
vertex -2.58729 5.24118 -29.8317
endloop
endfacet

facet normal 0.161658 0.892237 -0.421638
outer loop
vertex -37.9497 9.07018 -2.29756
vertex -37.5102 7.48828 -5.47656
vertex -39.0434 8.57128 -3.77266
endloop
endfacet

facet normal 0.280395 -0.408271 -0.868731
outer loop
vertex 12.5235 -19.3473 -20.1604
vertex 7.65521 -22.1078 -20.4344
vertex 7.61041 -21.3638 -20.7985
endloop
endfacet

facet normal -0.330271 -0.102802 0.938271
outer loop
vertex 21.1223 -0.0452194 -15.7113
vertex 21.9787 2.57618 -15.1226
vertex 21.2477 1.03868 -15.5484
endloop
endfacet

facet normal -0.47299 -0.345113 -0.810665
outer loop
vertex 21.007 1.15058 0.833935
vertex 21.7906 1.08318 0.405335
vertex 22.538 -1.50692 1.07194
endloop
endfacet

facet normal -0.646532 0.589014 -0.484829
outer loop
vertex 6.77821 8.57758 -35.1344
vertex 4.53931 9.40538 -31.1432
vertex 6.09331 13.6301 -28.083
endloop
endfacet

facet normal 0.219166 -0.836533 -0.502174
outer loop
vertex 11.2546 -10.1643 -27.3663
vertex 13.7378 -10.648 -25.4768
vertex 10.7116 -11.199 -25.8796
endloop
endfacet

facet normal -0.130244 -0.68237 -0.71931
outer loop
vertex 16.4642 -8.55292 -38.4814
vertex 10.7898 -5.73782 -40.1244
vertex 16.4451 -6.79042 -40.1499
endloop
endfacet

facet normal -0.570373 -0.810942 -0.130566
outer loop
vertex -15.9726 -13.3597 -21.4119
vertex -20.5301 -10.8572 -17.0457
vertex -21.5988 -9.00572 -23.8765
endloop
endfacet

facet normal -0.9953 -0.0952132 0.0176721
outer loop
vertex -28.6652 -0.0722194 -42.1162
vertex -28.7805 1.09168 -42.337
vertex -28.453 -2.72222 -44.4433
endloop
endfacet

facet normal -0.502406 -0.521644 0.689548
outer loop
vertex 24.5626 -5.65882 12.5704
vertex 25.1584 -6.11672 12.6581
vertex 26.2113 -5.54552 13.8574
endloop
endfacet

facet normal 0.420171 -0.824089 0.379913
outer loop
vertex 2.65691 -23.1623 23.7279
vertex 2.61021 -22.2727 25.7092
vertex 1.66121 -23.0094 25.1607
endloop
endfacet

facet normal 0.457907 -0.888764 0.0204747
outer loop
vertex 12.2236 -7.31412 22.5075
vertex 16.7881 -5.03672 19.2849
vertex 18.9582 -3.87942 20.9879
endloop
endfacet

facet normal -0.913844 0.397923 -0.0809138
outer loop
vertex -29.4378 6.05318 -8.33966
vertex -27.0462 11.6559 -7.79796
vertex -29.8556 4.35098 -11.9922
endloop
endfacet

facet normal 0.664581 -0.693636 0.27785
outer loop
vertex -35.7962 -4.16682 -5.83386
vertex -37.5062 -5.31582 -4.61206
vertex -36.3952 -5.82062 -8.52956
endloop
endfacet

facet normal 0.812405 -0.203355 0.546484
outer loop
vertex 34.35 7.89488 7.26584
vertex 35.2436 13.332 7.96054
vertex 33.1936 10.6607 10.0141
endloop
endfacet

facet normal 0.830582 -0.542813 0.124448
outer loop
vertex 18.9391 -7.09172 -17.0308
vertex 20.2725 -6.20602 -22.0672
vertex 22.1903 -3.08102 -21.2366
endloop
endfacet

facet normal -0.203179 -0.205189 -0.957401
outer loop
vertex -23.674 -7.61332 -16.0698
vertex -21.7243 -8.89812 -16.2082
vertex -20.7486 -10.3378 -16.1067
endloop
endfacet

facet normal -0.548558 -0.382702 0.743386
outer loop
vertex -6.06719 -4.23752 34.8554
vertex -5.55549 -9.01372 32.7742
vertex -4.24419 -8.98772 33.7552
endloop
endfacet

facet normal 0.0241416 -0.0838612 -0.996185
outer loop
vertex -7.46779 -0.894919 -30.878
vertex -6.71919 1.55498 -31.0661
vertex -3.06509 -4.39492 -30.4767
endloop
endfacet

facet normal 0.194986 0.649272 0.735137
outer loop
vertex -33.8336 13.3745 5.76584
vertex -38.6773 11.4335 8.76494
vertex -38.2249 10.8291 9.17874
endloop
endfacet

facet normal -0.544197 -0.802578 0.244375
outer loop
vertex -5.98979 -25.5168 22.7832
vertex -5.50479 -25.5995 23.5917
vertex -6.63689 -24.8689 23.4702
endloop
endfacet

facet normal -0.773787 -0.420696 -0.473571
outer loop
vertex -22.497 -16.7936 -13.9256
vertex -22.8034 -13.5943 -16.267
vertex -20.0027 -17.0555 -17.7685
endloop
endfacet

facet normal -0.203708 0.793549 0.573396
outer loop
vertex 14.9844 12.5811 27.0421
vertex 12.7866 11.4742 27.7932
vertex 12.4943 8.25468 32.1449
endloop
endfacet

facet normal -0.933422 -0.285249 -0.217613
outer loop
vertex 12.5116 -0.931119 -46.2379
vertex 11.7525 1.70958 -46.4432
vertex 12.5172 -0.138919 -47.3002
endloop
endfacet

facet normal -0.825239 -0.546229 -0.143579
outer loop
vertex -19.7852 -20.9556 -13.6785
vertex -21.7721 -18.87 -10.1928
vertex -22.497 -16.7936 -13.9256
endloop
endfacet

facet normal 0.771735 0.367875 0.518742
outer loop
vertex 33.3275 3.84248 8.77024
vertex 32.2938 4.17228 10.0741
vertex 32.6336 3.34268 10.1569
endloop
endfacet

facet normal -0.0760286 0.65648 -0.750502
outer loop
vertex 2.81221 16.2813 -25.4315
vertex 7.29621 15.6148 -26.4688
vertex 6.09331 13.6301 -28.083
endloop
endfacet

facet normal -0.630365 0.620778 -0.466127
outer loop
vertex -22.8511 16.2709 4.55674
vertex -23.3433 14.8673 3.35314
vertex -24.1465 15.7439 5.60674
endloop
endfacet

facet normal 0.645637 0.246375 -0.722809
outer loop
vertex -43.003 -5.91092 -9.90976
vertex -42.0814 -6.19252 -9.18256
vertex -42.6273 -7.25182 -10.0313
endloop
endfacet

facet normal -0.108854 0.677175 -0.727726
outer loop
vertex 34.9574 0.565681 -17.9848
vertex 36.4644 0.571581 -18.2047
vertex 32.9828 0.00838063 -18.2081
endloop
endfacet

facet normal 0.0854269 -0.275952 0.957368
outer loop
vertex -11.5563 19.9207 26.0763
vertex -14.1142 19.122 26.0743
vertex -11.398 18.235 25.5762
endloop
endfacet

facet normal 0.373346 0.766009 -0.5233
outer loop
vertex 27.2131 12.6231 5.38124
vertex 28.0856 10.5227 2.92904
vertex 27.3087 10.2828 2.02374
endloop
endfacet

facet normal -0.182966 0.929534 -0.32014
outer loop
vertex 4.48751 19.3791 25.5642
vertex 7.15241 19.8457 25.3959
vertex 6.58651 19.3858 24.3842
endloop
endfacet

facet normal -0.0788502 0.993744 -0.0790862
outer loop
vertex -40.8241 11.3404 11.4462
vertex -38.0937 11.5668 11.5688
vertex -42.8336 10.8401 7.16314
endloop
endfacet

facet normal -0.103109 0.992374 -0.0675445
outer loop
vertex -43.7158 10.908 9.50764
vertex -40.8241 11.3404 11.4462
vertex -42.8336 10.8401 7.16314
endloop
endfacet

facet normal -0.775569 -0.143311 -0.614781
outer loop
vertex 32.6404 0.347381 -11.2332
vertex 35.1719 -4.77282 -13.2332
vertex 34.5746 -4.14462 -12.6261
endloop
endfacet

facet normal -0.39524 -0.918368 -0.0196229
outer loop
vertex -3.66149 -26.6521 22.3749
vertex -4.20259 -26.451 23.8605
vertex -5.10209 -26.0202 21.8129
endloop
endfacet

facet normal -0.497703 -0.77149 0.396352
outer loop
vertex -11.4887 -23.4416 2.65114
vertex -12.4572 -22.8748 2.53834
vertex -15.1804 -23.1676 -1.45126
endloop
endfacet

facet normal -0.307077 -0.848645 -0.430704
outer loop
vertex -18.5939 -10.4065 -25.3619
vertex -15.9225 -11.5411 -25.0311
vertex -15.9726 -13.3597 -21.4119
endloop
endfacet

facet normal 0.551132 0.00339901 0.834411
outer loop
vertex -33.1974 -5.40522 7.87984
vertex -34.7315 -1.20112 8.87604
vertex -38.4086 -3.44482 11.3138
endloop
endfacet

facet normal 0.446028 -0.84747 0.287843
outer loop
vertex 33.7389 -5.22082 3.76444
vertex 30.0458 -7.66842 2.28074
vertex 30.5989 -8.12902 0.0676352
endloop
endfacet

facet normal 0.214119 0.892708 -0.396518
outer loop
vertex 24.9666 10.6866 5.50584
vertex 24.9099 9.58068 2.98524
vertex 21.2079 11.4144 5.11454
endloop
endfacet

facet normal -0.174312 0.884224 -0.433317
outer loop
vertex -0.960293 23.6335 -9.50896
vertex 2.65931 24.0353 -10.1452
vertex 0.619807 22.963 -11.513
endloop
endfacet

facet normal 0.22272 0.938838 -0.262638
outer loop
vertex -2.59579 -25.6368 22.7468
vertex -4.73389 -25.2727 22.2353
vertex -3.56199 -25.4146 22.7218
endloop
endfacet

facet normal 0.952924 0.0336605 0.301335
outer loop
vertex 16.4406 -4.56522 6.86724
vertex 16.0369 -3.15832 7.98694
vertex 16.0448 -5.37742 8.20994
endloop
endfacet

facet normal -0.212396 -0.885354 0.413566
outer loop
vertex -8.52549 -26.0003 0.102135
vertex -3.49529 -27.2969 -0.0902648
vertex -6.98589 -24.5237 4.05374
endloop
endfacet

facet normal 0.899917 0.423459 0.10408
outer loop
vertex 20.8571 8.69138 -40.6071
vertex 24.632 1.07538 -42.2601
vertex 22.4612 6.50798 -45.5934
endloop
endfacet

facet normal 0.761787 -0.354383 -0.542304
outer loop
vertex 4.09411 -18.0877 16.2438
vertex 3.46691 -17.1937 14.7787
vertex 5.10771 -16.2462 16.4642
endloop
endfacet

facet normal -0.248262 -0.806728 0.536242
outer loop
vertex -9.17799 -15.1457 -19.3275
vertex -12.1641 -14.5869 -19.8693
vertex -7.31269 -16.4803 -20.4717
endloop
endfacet

facet normal -0.268485 0.51794 -0.812191
outer loop
vertex -2.64409 8.43228 -27.778
vertex -1.30689 6.63038 -29.3691
vertex -2.58729 5.24118 -29.8317
endloop
endfacet

facet normal 0.544625 -0.838675 0.00283823
outer loop
vertex 13.5591 -7.02642 27.4363
vertex 20.7243 -2.39482 21.1226
vertex 16.1225 -5.35872 28.3372
endloop
endfacet

facet normal 0.361122 0.493512 -0.791225
outer loop
vertex 36.4644 0.571581 -18.2047
vertex 37.7462 -0.864019 -18.5152
vertex 37.1199 -1.16832 -18.9908
endloop
endfacet

facet normal -0.106672 -0.513882 0.851203
outer loop
vertex -5.70839 -21.8809 21.6028
vertex -2.41629 -23.0289 21.3223
vertex -2.15969 -22.1139 21.9068
endloop
endfacet

facet normal -0.423254 0.62034 -0.660329
outer loop
vertex -26.7035 8.32558 -12.1472
vertex -25.9829 12.4053 -8.77656
vertex -24.773 12.2217 -9.72446
endloop
endfacet

facet normal -0.0680875 0.914531 0.398744
outer loop
vertex 4.78041 19.8925 20.2831
vertex 6.46981 20.7838 18.5274
vertex 1.97521 20.3949 18.6519
endloop
endfacet

facet normal 0.582288 -0.0363805 -0.812168
outer loop
vertex 21.1223 -0.0452194 -15.7113
vertex 20.7848 -2.34702 -15.8501
vertex 20.4938 -2.25002 -16.0632
endloop
endfacet

facet normal 0.758278 0.620564 0.199786
outer loop
vertex 19.4181 12.9033 -35.8451
vertex 20.6288 10.9331 -34.3206
vertex 21.0363 11.4565 -37.4931
endloop
endfacet

facet normal 0.262878 -0.956325 -0.12782
outer loop
vertex 17.5028 -14.7024 -46.4947
vertex 16.5723 -14.7524 -48.0343
vertex 17.4525 -14.5382 -47.8268
endloop
endfacet

facet normal -0.0667792 -0.848632 0.524752
outer loop
vertex -12.1641 -14.5869 -19.8693
vertex -10.7777 -14.0848 -18.8809
vertex -13.5714 -13.6587 -18.5473
endloop
endfacet

facet normal -0.538507 0.824013 -0.176103
outer loop
vertex -20.0837 18.7175 -10.0735
vertex -17.2808 20.8218 -8.79816
vertex -14.2828 22.6288 -9.51046
endloop
endfacet

facet normal 0.66193 -0.222069 -0.715915
outer loop
vertex 24.974 -6.04832 -48.4853
vertex 24.7839 -9.28622 -47.6567
vertex 23.7475 -10.1235 -48.3553
endloop
endfacet

facet normal -0.911732 -0.294987 0.28588
outer loop
vertex -10.2839 -17.1458 26.5384
vertex -10.6543 -18.8847 23.5628
vertex -10.0793 -20.6694 23.555
endloop
endfacet

facet normal -0.437917 -0.677389 0.591078
outer loop
vertex 11.9446 -8.87142 31.8308
vertex 12.6237 -8.57222 32.6767
vertex 11.1288 -7.35702 32.9618
endloop
endfacet

facet normal 0.493797 -0.425385 -0.758427
outer loop
vertex 36.4644 0.571581 -18.2047
vertex 36.406 2.05958 -19.0773
vertex 37.2828 1.93858 -18.4386
endloop
endfacet

facet normal -0.495034 -0.81167 0.310054
outer loop
vertex -14.744 -15.1112 12.8113
vertex -17.1944 -14.0489 11.68
vertex -14.9217 -15.6391 11.1459
endloop
endfacet

facet normal 0.129696 0.206938 0.969719
outer loop
vertex 11.8691 0.988581 35.6498
vertex 11.1088 4.35868 35.0323
vertex 1.04781 3.85108 36.4862
endloop
endfacet

facet normal -0.776556 -0.0922037 0.623265
outer loop
vertex -30.1763 5.76028 17.9044
vertex -32.94 1.90498 13.8907
vertex -25.7637 2.58138 22.9321
endloop
endfacet

facet normal 0.669678 -0.195934 0.716338
outer loop
vertex 1.78151 -15.6652 32.8238
vertex 0.843907 -17.7674 33.1252
vertex 2.27101 -19.7125 31.2591
endloop
endfacet

facet normal 0.866113 0.244351 0.436051
outer loop
vertex 31.1627 8.22178 8.06044
vertex 31.4177 4.15858 9.83084
vertex 32.2355 3.87358 8.36614
endloop
endfacet

facet normal 0.604848 0.701745 -0.376447
outer loop
vertex 36.381 6.44838 -15.5608
vertex 38.4053 6.50358 -12.2055
vertex 37.0446 5.64008 -16.0014
endloop
endfacet

facet normal -0.797248 0.011637 0.60354
outer loop
vertex -38.1175 -3.37692 16.6125
vertex -39.5208 -3.11252 14.7536
vertex -41.0129 -3.72922 12.7946
endloop
endfacet

facet normal 0.687496 -0.395044 0.609335
outer loop
vertex 24.4523 -4.17602 -6.80576
vertex 20.8111 -8.17022 -5.28696
vertex 23.3407 -7.66692 -7.81476
endloop
endfacet

facet normal -0.616917 0.749569 -0.239915
outer loop
vertex 10.7381 10.9602 -37.9212
vertex 12.2212 14.0515 -32.0765
vertex 12.6667 12.7126 -37.4053
endloop
endfacet

facet normal -0.371323 -0.663578 -0.649449
outer loop
vertex 12.0867 19.6513 17.9158
vertex 12.9904 20.5144 16.5172
vertex 12.5824 18.4627 18.8468
endloop
endfacet

facet normal 0.301987 -0.463284 0.83317
outer loop
vertex 15.1955 -5.41782 35.6987
vertex 16.6603 -5.27022 35.2498
vertex 17.4176 -4.17292 35.5854
endloop
endfacet

facet normal -0.173405 0.101417 -0.979615
outer loop
vertex -25.5913 8.68778 -45.8607
vertex -25.0471 7.25908 -46.1049
vertex -26.6422 3.46068 -46.2158
endloop
endfacet

facet normal 0.440731 -0.819251 -0.366858
outer loop
vertex 13.3743 15.4271 22.2619
vertex 13.4383 15.9687 21.1292
vertex 14.358 16.4262 21.2124
endloop
endfacet

facet normal -0.176376 0.573857 0.799738
outer loop
vertex -13.7645 4.74938 35.3164
vertex -13.9661 9.82758 31.628
vertex -16.7986 7.45018 32.7092
endloop
endfacet

facet normal 0.458144 -0.0472971 0.887619
outer loop
vertex -15.3077 17.0744 26.5812
vertex -13.1526 17.8705 25.5112
vertex -14.1142 19.122 26.0743
endloop
endfacet

facet normal 0.00961664 -0.791143 -0.611556
outer loop
vertex 0.398007 -14.8382 -24.5329
vertex -2.49399 -16.659 -22.2229
vertex -4.20629 -15.3776 -23.9075
endloop
endfacet

facet normal -0.0964692 -0.147799 0.984301
outer loop
vertex -14.5736 -0.659219 35.789
vertex -10.4476 -1.67762 36.0405
vertex -9.66679 1.54438 36.6008
endloop
endfacet

facet normal -0.079482 -0.183936 0.979719
outer loop
vertex -13.7162 1.00038 36.1702
vertex -14.5736 -0.659219 35.789
vertex -9.66679 1.54438 36.6008
endloop
endfacet

facet normal -0.236356 -0.955488 -0.176572
outer loop
vertex -15.9726 -13.3597 -21.4119
vertex -12.1641 -14.5869 -19.8693
vertex -14.6126 -14.0806 -19.3317
endloop
endfacet

facet normal 0.864916 0.0388333 0.500413
outer loop
vertex 21.3906 9.01458 24.793
vertex 22.394 3.58968 23.4796
vertex 23.4178 8.28218 21.3459
endloop
endfacet

facet normal 0.645886 -0.375772 -0.66455
outer loop
vertex -41.7912 7.39838 -8.88226
vertex -43.9129 6.65318 -10.523
vertex -43.5406 7.85708 -10.8418
endloop
endfacet

facet normal -0.492108 -0.154803 -0.85666
outer loop
vertex -10.0793 -20.6694 23.555
vertex -10.6543 -18.8847 23.5628
vertex -9.51239 -20.0924 23.1251
endloop
endfacet

facet normal -0.549002 -0.623111 -0.557072
outer loop
vertex 21.705 -4.15562 5.84444
vertex 22.3295 -3.13702 4.08974
vertex 22.4308 -4.28812 5.27744
endloop
endfacet

facet normal 0.922341 0.0883824 0.376133
outer loop
vertex 35.2744 2.11168 3.79484
vertex 34.9519 2.07768 4.59384
vertex 35.3189 1.58468 3.80954
endloop
endfacet

facet normal 0.847992 0.0888669 0.522505
outer loop
vertex 12.2175 -7.77942 19.4819
vertex 10.81 -8.56782 21.9004
vertex 13.5874 -9.17762 17.4965
endloop
endfacet

facet normal 0.51789 0.735786 0.436359
outer loop
vertex -2.18439 17.6464 27.8569
vertex -1.17229 15.8699 29.6512
vertex 0.819307 16.7041 25.8809
endloop
endfacet

facet normal -0.686933 -0.432348 -0.584121
outer loop
vertex 17.9258 -3.25172 7.33814
vertex 15.5637 -3.70702 10.453
vertex 16.3338 -2.13792 8.38594
endloop
endfacet

facet normal -0.456743 0.889588 -0.00433056
outer loop
vertex -46.0733 7.57578 -3.64786
vertex -38.6773 11.4335 8.76494
vertex -37.8934 11.7875 -1.19696
endloop
endfacet

facet normal 0.823725 0.52369 -0.217316
outer loop
vertex -34.1562 13.6579 5.22584
vertex -33.8336 13.3745 5.76584
vertex -33.7994 12.8321 4.58824
endloop
endfacet

facet normal 0.412309 0.069159 -0.908415
outer loop
vertex -20.3672 3.14898 -49.1227
vertex -16.7497 0.0947806 -47.7133
vertex -17.8667 -6.45942 -48.7193
endloop
endfacet

facet normal 0.700093 -0.362367 0.615272
outer loop
vertex 19.455 -4.55192 -16.1221
vertex 18.9391 -7.09172 -17.0308
vertex 20.3709 -4.25922 -16.9918
endloop
endfacet

facet normal 0.696195 -0.702265 -0.148786
outer loop
vertex 18.6453 -7.80742 -35.5912
vertex 19.081 -7.15402 -36.6364
vertex 21.3122 -5.35592 -34.683
endloop
endfacet

facet normal 0.195805 -0.710285 -0.676133
outer loop
vertex 8.36621 -24.925 -17.269
vertex 1.64811 -27.2886 -16.7315
vertex 7.65521 -22.1078 -20.4344
endloop
endfacet

facet normal 0.0885229 -0.0187799 -0.995897
outer loop
vertex -23.1163 -10.388 -49.1118
vertex -20.3672 3.14898 -49.1227
vertex -17.8667 -6.45942 -48.7193
endloop
endfacet

facet normal 0.213568 0.904245 -0.369771
outer loop
vertex 21.8368 12.5856 8.34194
vertex 24.9666 10.6866 5.50584
vertex 21.2079 11.4144 5.11454
endloop
endfacet

facet normal 0.541151 -0.120652 0.832226
outer loop
vertex 20.5002 -10.8987 -46.3367
vertex 21.112 -10.2972 -46.6473
vertex 18.7606 -9.60732 -45.0183
endloop
endfacet

facet normal -0.634958 0.413336 0.652673
outer loop
vertex -16.9728 4.68218 34.2928
vertex -16.7986 7.45018 32.7092
vertex -20.5139 6.85798 29.4698
endloop
endfacet

facet normal -0.245116 -0.484385 -0.839815
outer loop
vertex 13.8972 -8.84082 30.4964
vertex 15.9265 -7.65962 29.2229
vertex 15.1251 -8.76452 30.094
endloop
endfacet

facet normal -0.298775 0.95045 -0.0858997
outer loop
vertex -10.1536 12.4212 31.2013
vertex -8.39759 12.959 31.0439
vertex -9.19519 12.5955 29.7966
endloop
endfacet

facet normal 0.376089 -0.0814696 0.922995
outer loop
vertex -33.1974 -5.40522 7.87984
vertex -31.9236 -3.14012 7.56074
vertex -34.7315 -1.20112 8.87604
endloop
endfacet

facet normal -0.639389 0.755998 -0.14017
outer loop
vertex -21.4661 20.8866 -6.28096
vertex -22.3272 20.5914 -3.94516
vertex -18.9575 23.2966 -4.72606
endloop
endfacet

facet normal -0.759504 -0.509151 -0.40487
outer loop
vertex 4.36581 20.6944 20.0525
vertex 4.78041 19.8925 20.2831
vertex 4.03911 19.8772 21.6931
endloop
endfacet

facet normal -0.48458 -0.8578 -0.17135
outer loop
vertex -18.5939 -10.4065 -25.3619
vertex -21.5988 -9.00572 -23.8765
vertex -21.5994 -7.53572 -31.2343
endloop
endfacet

facet normal 0.806943 0.251769 0.53428
outer loop
vertex 6.03381 -13.7307 29.6025
vertex 2.80021 -11.3668 33.3724
vertex 3.73071 -13.4531 32.9502
endloop
endfacet

facet normal -0.754774 -0.0757947 0.651591
outer loop
vertex -26.9991 7.02228 -14.6405
vertex -26.0848 6.62548 -13.6275
vertex -24.9039 9.29508 -11.9491
endloop
endfacet

facet normal 0.624587 0.772845 -0.112262
outer loop
vertex 21.3868 11.3042 -24.9862
vertex 20.7283 11.2023 -29.3515
vertex 17.4022 16.593 -10.7451
endloop
endfacet

facet normal 0.729849 0.448534 -0.515885
outer loop
vertex -38.6034 5.45258 -10.1791
vertex -35.9505 4.76478 -7.02406
vertex -40.9107 4.45958 -14.3069
endloop
endfacet

facet normal 0.32675 0.573164 0.751477
outer loop
vertex 7.32581 -13.4419 26.0844
vertex 6.56591 -12.784 25.913
vertex 5.66341 -13.9891 27.2246
endloop
endfacet

facet normal 0.461593 0.796446 -0.390649
outer loop
vertex -15.3277 13.9384 -32.1749
vertex -13.9333 14.9676 -28.429
vertex -13.0895 10.6999 -36.1328
endloop
endfacet

facet normal 0.433527 0.0998466 0.895592
outer loop
vertex 5.74761 17.1399 25.9241
vertex 4.10151 16.6979 26.7702
vertex 4.36681 16.16 26.7018
endloop
endfacet

facet normal 0.950327 0.307454 0.048492
outer loop
vertex -8.73439 21.6638 20.0269
vertex -8.24799 19.8354 22.0867
vertex -8.59429 21.3479 19.2838
endloop
endfacet

facet normal 0.528786 -0.846464 0.0623242
outer loop
vertex 13.5591 -7.02642 27.4363
vertex 16.1225 -5.35872 28.3372
vertex 15.0801 -5.96742 28.915
endloop
endfacet

facet normal 0.593065 -0.0209233 -0.804883
outer loop
vertex 36.8885 4.71278 0.159335
vertex 37.9179 10.9704 0.755135
vertex 37.6419 5.57658 0.691935
endloop
endfacet

facet normal -0.471892 -0.610021 -0.636547
outer loop
vertex -37.4926 -5.52912 -4.00256
vertex -39.2462 -5.37922 -2.84616
vertex -39.1421 -4.82792 -3.45176
endloop
endfacet

facet normal 0.866851 0.469056 0.168986
outer loop
vertex 32.8685 -5.61362 -3.09486
vertex 33.2655 -6.37792 -3.00976
vertex 33.145 -5.75572 -4.11896
endloop
endfacet

facet normal 0.514981 0.853288 0.0818181
outer loop
vertex 37.9252 7.38928 -1.23796
vertex 38.6629 7.34398 -5.40836
vertex 35.4915 9.34718 -6.33906
endloop
endfacet

facet normal -0.662603 0.34666 0.663916
outer loop
vertex -14.9106 14.6621 26.3621
vertex -17.0903 15.3968 23.8031
vertex -17.727 11.9648 24.9597
endloop
endfacet

facet normal -0.637487 -0.692706 0.337298
outer loop
vertex 10.4391 -4.33452 -43.8182
vertex 12.5273 -6.50922 -44.3378
vertex 12.5571 -5.43772 -42.0809
endloop
endfacet

facet normal -0.326479 -0.462558 -0.824288
outer loop
vertex -15.9225 -11.5411 -25.0311
vertex -12.84 -9.07842 -27.634
vertex -10.9602 -10.3195 -27.682
endloop
endfacet

facet normal -0.794768 0.492634 -0.35448
outer loop
vertex 9.15291 9.98938 -39.921
vertex 12.3082 13.4455 -42.1923
vertex 8.94551 8.14428 -42.0204
endloop
endfacet

facet normal 0.767649 0.538647 0.347238
outer loop
vertex 14.4061 17.9303 15.9141
vertex 13.1679 16.7417 20.4952
vertex 15.5618 16.2253 16.0039
endloop
endfacet

facet normal 0.624409 0.688781 -0.368368
outer loop
vertex -10.7278 17.6507 25.4504
vertex -9.19339 16.7299 26.3295
vertex -9.14079 16.5303 26.0456
endloop
endfacet

facet normal 0.69607 -0.0457318 0.716516
outer loop
vertex 1.25901 -4.08752 35.4748
vertex 0.00260745 -2.30002 36.8094
vertex -1.39519 -4.82292 38.0063
endloop
endfacet

facet normal -0.964868 0.170269 0.200093
outer loop
vertex -13.8271 -14.1296 18.0107
vertex -13.2933 -13.2758 19.8583
vertex -14.3789 -14.5325 15.6926
endloop
endfacet

facet normal 0.461852 -0.412489 0.785204
outer loop
vertex 24.0381 -5.88842 -46.7183
vertex 24.8911 -4.96952 -46.7374
vertex 23.2284 -3.66182 -45.0724
endloop
endfacet

facet normal 0.653982 -0.668543 -0.354059
outer loop
vertex -16.4228 -5.82912 -44.9185
vertex -14.6096 -3.68932 -45.6098
vertex -16.7649 -6.54372 -44.2011
endloop
endfacet

facet normal 0.521599 -0.313193 0.793628
outer loop
vertex 22.1347 -3.51842 -37.818
vertex 20.886 -2.30512 -36.5184
vertex 19.5365 -5.99192 -37.0865
endloop
endfacet

facet normal 0.130749 -0.617843 0.775354
outer loop
vertex 3.06001 -3.52322 35.0425
vertex 7.76181 -4.34622 33.5938
vertex 11.9113 -1.14602 35.4442
endloop
endfacet

facet normal -0.782151 0.54749 0.297479
outer loop
vertex -22.0549 15.9348 -10.1349
vertex -20.9193 17.4373 -9.91416
vertex -20.0837 18.7175 -10.0735
endloop
endfacet

facet normal -0.962173 -0.217413 -0.164179
outer loop
vertex 30.1073 1.49778 -16.0298
vertex 30.4651 0.711081 -17.0848
vertex 30.3758 -0.0758194 -15.519
endloop
endfacet

facet normal -0.938137 0.0160573 0.345891
outer loop
vertex -28.8718 2.82288 -5.42606
vertex -30.5316 -0.130319 -9.79096
vertex -29.5812 -1.50522 -7.14916
endloop
endfacet

facet normal -0.113692 0.574812 0.810349
outer loop
vertex -9.19339 16.7299 26.3295
vertex -11.0463 16.3442 26.3431
vertex -8.22829 13.4591 28.785
endloop
endfacet

facet normal -0.82808 0.0118294 -0.560485
outer loop
vertex -10.1278 -18.1645 19.8751
vertex -9.23689 -17.0319 18.5828
vertex -8.72109 -18.8357 17.7826
endloop
endfacet

facet normal -0.91668 -0.354101 -0.185229
outer loop
vertex -10.9394 -23.0872 3.96034
vertex -12.4202 -20.4459 6.23924
vertex -10.6002 -23.3668 2.81634
endloop
endfacet

facet normal -0.898544 0.0350366 0.437483
outer loop
vertex -25.7479 13.1806 -1.45046
vertex -25.0571 8.00748 0.382635
vertex -23.3433 14.8673 3.35314
endloop
endfacet

facet normal -0.535288 -0.158367 -0.82969
outer loop
vertex 8.63951 1.09058 -43.6927
vertex 10.4391 -4.33452 -43.8182
vertex 8.16631 0.0197806 -43.183
endloop
endfacet

facet normal 0.914595 0.246322 -0.320688
outer loop
vertex 38.4958 13.4704 1.85014
vertex 38.916 13.5274 3.09244
vertex 38.7639 12.0377 1.51454
endloop
endfacet

facet normal 0.962502 -0.139472 0.232672
outer loop
vertex 19.6401 0.623781 4.62704
vertex 19.903 -1.16002 2.47014
vertex 20.2606 2.13258 2.96454
endloop
endfacet

facet normal -0.651039 0.244077 -0.718732
outer loop
vertex 21.3555 3.07858 1.66524
vertex 19.8845 3.99168 3.30774
vertex 20.7417 4.33798 2.64894
endloop
endfacet

facet normal 0.956079 -0.292433 -0.019873
outer loop
vertex -10.0754 0.727681 -38.6951
vertex -11.3559 -3.20852 -42.3752
vertex -10.0429 0.913781 -39.8714
endloop
endfacet

facet normal 0.41439 0.115077 0.902794
outer loop
vertex -36.0631 5.53768 8.52854
vertex -38.9837 3.86818 10.0819
vertex -36.2483 1.41878 9.13864
endloop
endfacet

facet normal 0.879867 0.0309855 0.474208
outer loop
vertex 24.4068 5.99018 -6.03436
vertex 20.0268 10.8453 1.77524
vertex 22.1488 6.35678 -1.86876
endloop
endfacet

facet normal 0.512506 0.857265 -0.0493352
outer loop
vertex -18.5002 17.7615 21.8732
vertex -16.5307 16.7078 24.0247
vertex -17.0407 16.8251 20.7637
endloop
endfacet

facet normal 0.71463 0.501789 -0.487351
outer loop
vertex 31.1857 -7.17122 -9.75266
vertex 31.9831 -6.86482 -8.26786
vertex 31.8439 -7.77422 -9.40836
endloop
endfacet

facet normal -0.0766882 0.965705 0.248058
outer loop
vertex 6.46981 20.7838 18.5274
vertex 8.42871 21.9229 14.6984
vertex 1.97521 20.3949 18.6519
endloop
endfacet

facet normal 0.299597 -0.93077 0.209545
outer loop
vertex 18.6453 -7.80742 -35.5912
vertex 15.3067 -8.23232 -32.7052
vertex 15.9716 -8.68272 -35.6564
endloop
endfacet

facet normal 0.0650722 -0.700056 -0.711117
outer loop
vertex 1.64811 -27.2886 -16.7315
vertex -5.13339 -26.9485 -17.6869
vertex -2.73639 -25.5768 -18.8179
endloop
endfacet

facet normal -0.158396 0.966733 0.200846
outer loop
vertex -16.3979 21.4906 13.6014
vertex -13.3987 21.3578 16.6058
vertex -11.9445 21.9137 15.0769
endloop
endfacet

facet normal -0.45528 0.860518 -0.228537
outer loop
vertex -20.996 15.9974 -19.5327
vertex -15.9481 18.0776 -21.7562
vertex -18.7153 15.4636 -26.0863
endloop
endfacet

facet normal -0.109139 -0.836103 0.537605
outer loop
vertex 18.0332 6.44088 35.0985
vertex 16.2923 6.44178 34.7463
vertex 18.1138 5.72938 34.0083
endloop
endfacet

facet normal 0.629778 -0.646041 0.431291
outer loop
vertex -20.3536 -14.1736 -46.0472
vertex -19.579 -14.4984 -47.6648
vertex -18.8399 -12.9978 -46.4964
endloop
endfacet

facet normal 0.113487 -0.944234 -0.309099
outer loop
vertex -13.8983 -9.04812 -29.5456
vertex -16.7618 -10.4861 -26.2042
vertex -15.6572 -7.80672 -33.9837
endloop
endfacet

facet normal -0.466801 0.168995 -0.868065
outer loop
vertex 8.94551 8.14428 -42.0204
vertex 8.16631 0.0197806 -43.183
vertex 6.54591 0.186281 -42.2792
endloop
endfacet

facet normal 0.72885 0.0687442 0.681214
outer loop
vertex 21.5913 8.61688 -13.4972
vertex 17.994 14.8865 -10.281
vertex 20.3645 9.07368 -12.2307
endloop
endfacet

facet normal 0.693445 -0.654687 0.300864
outer loop
vertex 15.8461 -5.27252 31.5649
vertex 16.8505 -3.55222 32.9934
vertex 16.7812 -3.26852 33.7705
endloop
endfacet

facet normal -0.50954 0.778632 0.366198
outer loop
vertex 2.29851 17.6584 27.0869
vertex 3.32551 17.9674 27.8591
vertex 4.37471 19.0679 26.9789
endloop
endfacet

facet normal 0.303656 0.95204 0.0375873
outer loop
vertex 17.596 13.5274 -36.9332
vertex 17.011 13.4662 -30.6573
vertex 19.4181 12.9033 -35.8451
endloop
endfacet

facet normal -0.00366293 0.616762 -0.787141
outer loop
vertex -12.7646 22.6074 -8.46366
vertex -8.15659 24.3349 -7.13156
vertex -11.2844 22.9094 -8.23396
endloop
endfacet

facet normal -0.33331 0.830257 0.44674
outer loop
vertex 14.4626 13.3353 -37.2226
vertex 12.6157 13.928 -39.702
vertex 12.6667 12.7126 -37.4053
endloop
endfacet

facet normal -0.883072 -0.0413488 0.467413
outer loop
vertex -29.5812 -1.50522 -7.14916
vertex -28.1646 1.90558 -4.17106
vertex -28.8718 2.82288 -5.42606
endloop
endfacet

facet normal 0.868566 0.195732 0.455282
outer loop
vertex 28.5139 7.92168 11.7788
vertex 24.3568 10.2032 18.7287
vertex 23.4178 8.28218 21.3459
endloop
endfacet

facet normal -0.273197 -0.961734 -0.0207429
outer loop
vertex 20.4605 -13.2076 -47.2063
vertex 18.8585 -12.7358 -47.9815
vertex 20.2232 -13.1161 -48.3203
endloop
endfacet

facet normal 0.143 -0.816318 0.559621
outer loop
vertex -37.6989 0.262381 -15.2693
vertex -38.4143 -0.208019 -15.7727
vertex -36.6788 -0.156019 -16.1403
endloop
endfacet

facet normal -0.80221 0.581731 -0.134341
outer loop
vertex -25.1139 9.99308 -34.9497
vertex -26.9977 8.24738 -31.26
vertex -24.361 11.2955 -33.8061
endloop
endfacet

facet normal 0.775216 -0.156376 0.612035
outer loop
vertex -33.1974 -5.40522 7.87984
vertex -32.3398 -5.82962 6.68514
vertex -31.2515 -3.42122 5.92204
endloop
endfacet

facet normal -0.860962 -0.495511 0.114946
outer loop
vertex -24.6665 -6.27512 -23.6079
vertex -23.7594 -6.38242 -17.2757
vertex -27.0227 -1.46182 -20.5066
endloop
endfacet

facet normal 0.4071 0.912064 0.0490817
outer loop
vertex 36.8993 8.90068 -9.71756
vertex 35.4915 9.34718 -6.33906
vertex 40.4135 7.30898 -9.28846
endloop
endfacet

facet normal 0.45809 0.804804 -0.377417
outer loop
vertex -2.83389 23.0578 -13.0107
vertex -0.960293 23.6335 -9.50896
vertex -0.527193 21.7422 -13.0163
endloop
endfacet

facet normal 0.749929 0.567994 0.339101
outer loop
vertex -12.3854 8.74788 -40.1809
vertex -15.4852 11.6826 -38.2411
vertex -12.6581 8.09928 -38.4913
endloop
endfacet

facet normal 0.81154 -0.354309 -0.464616
outer loop
vertex 20.4938 -2.25002 -16.0632
vertex 19.2557 -5.27812 -15.9164
vertex 19.455 -4.55192 -16.1221
endloop
endfacet

facet normal 0.420271 0.280794 -0.86286
outer loop
vertex 37.9179 10.9704 0.755135
vertex 38.4958 13.4704 1.85014
vertex 38.7639 12.0377 1.51454
endloop
endfacet

facet normal 0.145378 0.932021 -0.331966
outer loop
vertex 8.22901 21.6813 -17.3485
vertex 6.87741 21.021 -19.7941
vertex 4.19691 21.7559 -18.9048
endloop
endfacet

facet normal -0.712694 0.00876829 0.70142
outer loop
vertex 34.8032 4.43928 -15.4297
vertex 34.2098 4.93718 -16.0388
vertex 33.5375 3.16708 -16.6998
endloop
endfacet

facet normal 0.923715 -0.380766 0.0420382
outer loop
vertex 16.0448 -5.37742 8.20994
vertex 13.7383 -11.2105 6.05584
vertex 16.4406 -4.56522 6.86724
endloop
endfacet

facet normal 0.915998 0.0705996 -0.394921
outer loop
vertex -12.9599 7.62878 -42.4147
vertex -12.6995 6.90538 -41.9401
vertex -12.9117 0.253181 -43.6215
endloop
endfacet

facet normal 0.904934 0.419261 0.0728994
outer loop
vertex 20.2732 12.6787 -15.7556
vertex 21.6212 9.39738 -13.6166
vertex 22.4956 9.42018 -24.6031
endloop
endfacet

facet normal 0.201297 -0.910486 0.361241
outer loop
vertex 5.38221 -25.8953 0.368035
vertex -0.391893 -26.89 1.07834
vertex 0.608307 -28.6323 -3.87026
endloop
endfacet

facet normal 0.662352 -0.743557 -0.091721
outer loop
vertex 25.0374 -5.82892 7.67774
vertex 28.6911 -2.86282 10.0169
vertex 26.2113 -5.54552 13.8574
endloop
endfacet

facet normal -0.395638 -0.285184 0.873007
outer loop
vertex -4.13999 -24.0266 25.8298
vertex -3.09699 -25.1176 25.9461
vertex -4.25229 -22.9806 26.1206
endloop
endfacet

facet normal -0.171775 0.0934074 -0.980698
outer loop
vertex -20.7156 11.7412 -48.6445
vertex -29.6094 -3.97392 -48.5835
vertex -23.1661 9.56968 -48.4221
endloop
endfacet

facet normal 0.914644 0.225152 0.335758
outer loop
vertex 12.8492 13.9432 24.9238
vertex 15.18 13.784 18.6813
vertex 15.5618 16.2253 16.0039
endloop
endfacet

facet normal 0.941213 -0.261186 -0.214241
outer loop
vertex 3.97411 -19.2366 17.1174
vertex 4.09411 -18.0877 16.2438
vertex 5.00991 -16.9765 18.9126
endloop
endfacet

facet normal 0.0434912 0.868324 0.494087
outer loop
vertex 1.97521 20.3949 18.6519
vertex -2.31189 19.3296 20.9015
vertex 2.41181 16.214 25.961
endloop
endfacet

facet normal 0.374491 0.0076443 0.927199
outer loop
vertex -39.7872 -3.47852 -15.0313
vertex -39.0093 -2.43072 -15.3541
vertex -40.3974 -1.23152 -14.8034
endloop
endfacet

facet normal 0.902757 -0.398503 -0.161938
outer loop
vertex 19.5125 4.86338 32.0639
vertex 19.0208 4.49378 30.2326
vertex 19.777 5.70908 31.4572
endloop
endfacet

facet normal 0.338461 -0.734828 -0.587769
outer loop
vertex 19.3035 -7.13722 -38.6163
vertex 17.215 -8.77972 -37.7654
vertex 16.4642 -8.55292 -38.4814
endloop
endfacet

facet normal 0.00369367 -0.997571 0.0695589
outer loop
vertex -27.9479 -3.94512 2.88194
vertex -31.2591 -4.02502 1.91154
vertex -28.6605 -4.06342 1.22404
endloop
endfacet

facet normal -0.10191 -0.981948 0.159352
outer loop
vertex -12.4202 -20.4459 6.23924
vertex -12.7865 -20.287 6.98394
vertex -12.711 -20.4724 5.88964
endloop
endfacet

facet normal -0.409137 -0.837146 0.363033
outer loop
vertex -11.429 -5.64612 32.0579
vertex -8.93769 -7.21982 31.2367
vertex -14.1362 -3.23472 34.5674
endloop
endfacet

facet normal 0.345448 0.303877 0.887876
outer loop
vertex 11.1088 4.35868 35.0323
vertex 13.056 5.24948 33.9698
vertex 11.5098 5.78988 34.3865
endloop
endfacet

facet normal -0.336554 -0.833504 0.438181
outer loop
vertex -29.2906 -2.48962 10.2381
vertex -33.2985 -1.32292 9.37904
vertex -30.9176 -2.30912 9.33194
endloop
endfacet

facet normal -0.627126 -0.635177 0.450848
outer loop
vertex -33.2985 -1.32292 9.37904
vertex -31.8459 0.354481 13.7628
vertex -36.2483 1.41878 9.13864
endloop
endfacet

facet normal 0.0748996 0.991884 -0.102748
outer loop
vertex 4.36221 26.337 -2.90546
vertex 7.43731 26.134 -2.62336
vertex 4.91461 26.1291 -4.50976
endloop
endfacet

facet normal -0.170026 -0.711177 -0.682142
outer loop
vertex 13.1679 16.7417 20.4952
vertex 12.5824 18.4627 18.8468
vertex 14.6272 17.8088 19.0189
endloop
endfacet

facet normal -0.490074 0.285154 0.82372
outer loop
vertex 4.86901 17.8081 23.7083
vertex 6.45701 17.6298 24.7148
vertex 5.97171 18.9621 23.9649
endloop
endfacet

facet normal 0.900786 0.287698 -0.325292
outer loop
vertex 28.7268 13.3215 8.83694
vertex 29.4297 15.3056 12.5381
vertex 30.0638 12.3056 11.641
endloop
endfacet

facet normal 0.513848 -0.518556 -0.683418
outer loop
vertex -0.110093 -23.5643 27.0206
vertex -0.595593 -23.4039 26.5338
vertex 0.744207 -22.8375 27.1114
endloop
endfacet

facet normal -0.831408 0.378544 0.406773
outer loop
vertex -23.9615 17.3993 -0.266565
vertex -23.3433 14.8673 3.35314
vertex -21.9023 17.5677 3.78544
endloop
endfacet

facet normal 0.68893 0.507403 0.517608
outer loop
vertex -15.4852 11.6826 -38.2411
vertex -16.6983 12.6984 -37.6224
vertex -12.6581 8.09928 -38.4913
endloop
endfacet

facet normal -0.371626 0.478919 -0.795318
outer loop
vertex -22.6197 18.2507 -7.85176
vertex -17.2808 20.8218 -8.79816
vertex -19.7928 18.3935 -9.08666
endloop
endfacet

facet normal -0.82971 0.55657 -0.042555
outer loop
vertex 25.188 11.1949 7.83644
vertex 25.8709 12.1475 6.98144
vertex 24.9666 10.6866 5.50584
endloop
endfacet

facet normal 0.559803 0.764661 0.319242
outer loop
vertex 32.1684 -3.44382 -12.978
vertex 31.5437 -3.48762 -11.7774
vertex 31.9928 -4.12902 -11.0286
endloop
endfacet

facet normal -0.279019 0.842455 0.460888
outer loop
vertex -5.24659 20.212 19.0863
vertex -5.94879 15.8626 26.6116
vertex -4.68519 17.471 24.4365
endloop
endfacet

facet normal -0.395602 0.217414 0.892317
outer loop
vertex -39.0093 -2.43072 -15.3541
vertex -38.09 -1.95632 -15.0621
vertex -37.8103 -0.778519 -15.2251
endloop
endfacet

endsolid object
